UNIT_ID,UNIT_COVER_IMAGE,UNIT_URL,PROJECT_NAME,TITLE_AR,UNIT_DESCRIPTION_EN,TITLE_EN,unit_type,lifestyle,bathroom,UNIT_DESCRIPTION_AR,post_status,createdAt,updatedAt,reference image 
TH80653154,M536TGPQ4AXIKR0H.png (https://v5.airtableusercontent.com/v3/u/51/51/1773748800000/fgGp23Ml0zeeR4Em3c_m4A/cd7Vd_B54zQw-KCYpA9A8rmGbscZ8y9WJHEbPfGmKDDXEjHm4ughEDhFE335vO7nmw0mmq1RvyllcHalXN_6PVr_cca6aAW_jwdB5J4FVXsM8QDS_RUnSgXgRNMxX5LUmorNTRxZLpDfhASxC_k4gw/l6CoKv1joV8XVJJ69bHgyfNX_8QmPRcKM3yhazEUBiI),https://aqaryaid.com/en/listing/temp/unit/0?ref=TH80653154,Al Deem Townhomes,حيث الخصوصية تلتقي بالفخامة | تاون هاوس واسع 4 غرف,"The new Al Deem cluster offers spacious 3–4 bedroom townhomes designed for comfort, privacy, and sustainability. It includes unique live-work units suitable for small businesses. Residents enjoy green spaces, sports facilities, nearby schools and services, and fast access to Yas Island via two new bridges.

Unit Features:
Ground Floor:
* Spacious Majlis with attached Powder Room and separate entrance.
* Maid's Room with attached bathroom.
* Storage.
* Powder Room.
* Spacious Kitchen .
* Modern Living / Dining Area with access to the Terrace.

First Floor:
* Cozy Family Area
Spacious Master Bedroom with Walk-in Wardrobe.
* 3 Master Bedrooms.

External Area:
* Private Garden with a Terrace.
*Garage with 3 Parking Slots.

AQARY REAL ESTATE INVESTMENT AND DEVELOPMENT - L.L.C
For Contact AQARY REAL ESTATE INVESTMENT: 026151222 

AQARY Investment and Development is a premier real estate company specializing in buying, selling, leasing, and investing in luxury properties, commercial projects, and off-plan developments. We offer tailored solutions, expert market analysis, strategic marketing, and negotiations to ensure optimal results for our clients.",,townhouse,,7,"يوفّر مشروع الديم تاون هاوس واسعة بثلاث وأربع غرف، مصممة للراحة والخصوصية مع وحدات عمل-وسكن فريدة. تحيط به مساحات خضراء ومرافق رياضية وخدمات مجتمعية، إضافةً إلى وصول سريع لجزيرة ياس عبر جسور جديدة، مما يحقق أسلوب حياة عصري ومتوازن.

مواصفات الوحدة:
الطابق الأرضي:
* مجلس واسع مع حمّام ضيوف ومدخل مستقل.
* غرفة خادمة مع حمّام خاص.
* مخزن.
* تواليت.
* مطبخ واسع.
* غرفة معيشة / طعام عصرية مع مدخل إلى التراس.

الطابق الأول:
* غرفة عائلية مريحة.
* غرفة نوم ماستر واسعة مع غرفة ملابس.
* 3 غرف نوم ماستر

المنطقة الخارجية:
* حديقة خاصة مع تراس.
*باركينج يتسع لثلاث مواقف سيارات


عقاري للاستثمار والتطوير العقاري ذ.م.م
للتواصل مع عقاري للاستثمار العقاري: ‎026151222

تعد عقاري للاستثمار والتطوير شركة رائدة في مجال العقارات، متخصصة في البيع والشراء والتأجير والاستثمار في العقارات الفاخرة والمشاريع التجارية والتطويرات قيد الإنشاء. نقدم حلولاً مصممة خصيصًا، وتحليلات سوقية دقيقة، واستراتيجيات تسويق وتفاوض احترافية لضمان أفضل النتائج لعملائنا.",Created,2026-02-04 05:00,,
AP484718,ZZ67YYP2KMEGM94R.png (https://v5.airtableusercontent.com/v3/u/51/51/1773748800000/LfoGQazN1XiadZtxDRqmXw/XPN6bDHqb7BcM4unw0qs-SksoZV5J9ilSeyV_V9vBDOY8qn86e2hGIyzZtLTLRhSG-B4bT3BVLdv9FvxDqt2MEbC0R3YCUn1Bykyh0xRUn98VDvI23PBEf8Z5NL7B6Mt1MwGvM-hFxEsSSxqQRTeug/nR6tjgTZ972YOwejlY1lT323j9xKjbP3RXcSy_xzgPA),https://aqaryaid.com/en/listing/temp/unit/0?ref=AP484718,Al Maryah Vista,استديو باطلاله على القنال | طابق مرتفع | استثمر الان,"Unit Features:
- Bed / Living / Dining Area
- Kitchen
- Bathroom

Amenities:
-  24-Hour Security & CCTV Surveillance
-  Kids' Pool and Adult Pool
-  Lobby In the Building
-  Gym
-  BBQ area
-  Shaded seating areas
-  Public transportation
-  Restaurants
-  Landscaped areas
- Mosques
- Community Park

For Contact AQARY REAL ESTATE INVESTMENT: 026151222 
 
Al Maryah Vista 2 by Reportage Properties is an upscale residential development that presents studios, 1, 2, 3, 4 bedroom apartments located at Al Marya Island, Abu Dhabi. The development is the second phase of the project and is complemented with a serene image reflected on the water canal.
Set within the exceptional community location at Al Marya Island within Abu Dhabi that offers a perfect opportunity for living as well as investment. These residences are set within a centric location that further provides hassle-free navigation to the rest of the city. The locality is filled with luxury retail and high-end dining experiences along with premium hospitality on the waterfront.
Designed by leading architects and designers, which presents luxury and leisure living spaces. Whereas the Al Maryah Vista 1 and 2 are perfectly interconnected and offer magnificent views overlooking the water canal and the Island. The development presents an incomparable lifestyle that embraces the shades of blue with a collection of premium retail shops perfectly placed to offers you everything at your doorstep.

AQARY Investment and Development is a premier real estate company specializing in buying, selling, leasing, and investing in luxury properties, commercial projects, and off-plan developments. We offer tailored solutions, expert market analysis, strategic marketing, and negotiations to ensure optimal results for our clients.",,apartment,,1,"مميزات الوحدة:
- غرفة نوم / غرفة معيشة / غرفة طعام
- مطبخ
- حمّام

المرافق:
- حراسة أمنية على مدار 24 ساعة وكاميرات مراقبة
- مسبح للأطفال ومسبح للبالغين
- لوبي في المبنى
- صالة رياضة (جيم)
- منطقة للشواء (BBQ)
- مناطق جلوس مظللة
- وسائل نقل عامة
- مطاعم
- مساحات خضراء
- مساجد
- حديقة مجتمعية

للتواصل مع عقاري للاستثمار العقاري: 026151222

المارية فيستا 2 من شركة ريبورتاج العقارية هو مشروع سكني فاخر يقدم استوديوهات وشقق مكونة من 1، 2، 3، 4 غرف نوم تقع في جزيرة المارية، أبوظبي. يعد المشروع هو المرحلة الثانية من التطوير ويتميز بصورة هادئة تنعكس على قناة المياه.
يتموقع المشروع في موقع استثنائي داخل مجتمع جزيرة المارية في أبوظبي، مما يوفر فرصة مثالية للعيش وكذلك للاستثمار. تقع هذه المساكن في موقع مركزي يتيح وصولًا سهلاً إلى باقي أنحاء المدينة. المنطقة مليئة بتجارب التسوق الفاخرة والمطاعم الراقية بالإضافة إلى الضيافة الممتازة على الواجهة البحرية.
تم تصميم المشروع من قبل مهندسين معماريين ومصممين رائدين ليقدم مساحات سكنية فاخرة ومريحة. كما أن المارية فيستا 1 و2 مترابطتان بشكل مثالي وتوفران إطلالات رائعة على قناة المياه والجزيرة. يقدم المشروع أسلوب حياة لا مثيل له يعانق تدرجات اللون الأزرق مع مجموعة من المحلات التجارية الراقية التي تم وضعها بشكل مثالي لتقدم لك كل ما تحتاجه عند عتبة بابك.

عقاري للاستثمار والتطوير هي شركة رائدة في مجال العقارات، متخصصة في البيع، الشراء، التأجير، والاستثمار في العقارات الفاخرة والمشاريع التجارية والمشاريع قيد الإنشاء. نقدم حلولًا مخصصة، وتحليلات دقيقة للسوق، وتسويقًا استراتيجيًا، ومفاوضات احترافية لضمان أفضل النتائج لعملائنا.",Created,2026-02-04 05:00,,
AP95073759,ZRQJMAKGRRP5XA3U.png (https://v5.airtableusercontent.com/v3/u/51/51/1773748800000/d_mdPjgWQBVOHPXdkG0GeA/HYv9tkHR6uHTYmH5_WOAxK-xE_-G4X7uEtlYNrTS9Fq6NDrNqh9df70vDwpXYyC2UCiwdR_mpsIp4OvvQtROCeWwIVTB-JILoZQMS46mSNXNf97AhiD3M9YbyrQJN76guRAcfMSJ159l-GKHWnc38g/yGq6lp2m22ZkjFkFwfohvWYkpmX210LjRoGG9bZMomQ),https://aqaryaid.com/en/listing/temp/unit/0?ref=AP95073759,Al Maryah Vista,طابق مرتفع | مساحة معيشة واسعة | إطلالة على القناة,"Experience premium island living in this elegant studio apartment at Al Maryah Vista 2, perfectly located in one of Abu Dhabi’s most prestigious lifestyle destinations. Designed with contemporary flair, this bright and spacious studio offers an ideal blend of comfort, functionality, and style.


FEATURES:

- Studio apartment
- Fully furnished
- Open kitchen layout
- Well-planned living space
- Built-in wardrobes
- High-quality finishes
- Balcony
- Parking available


AMENITIES:

- 24-Hour Security & CCTV Surveillance
- Kids' Pool and Adult Pool
- Lobby In the Building
- Gym
- BBQ area
- Shaded seating areas
- Public transportation
- Restaurants
- Landscaped areas
- Mosques
- Community Park



AQARY REAL ESTATE INVESTMENT AND DEVELOPMENT - L.L.C

For Contact AQARY REAL ESTATE INVESTMENT: 026151222
 
AQARY Investment and Development is a premier real estate company specializing in buying, selling, leasing, and investing in luxury properties, commercial projects, and off-plan developments. We offer tailored solutions, expert market analysis, strategic marketing, and negotiations to ensure optimal results for our clients.",,apartment,,1,"استمتع بتجربة معيشة فاخرة على جزيرة في هذه الشقة الاستوديو الأنيقة في المارية فيستا 2، بموقع مثالي في إحدى أرقى وجهات الحياة العصرية في أبوظبي. صُمم هذا الاستوديو المشرق والواسع بأسلوب عصري، ويوفر مزيجًا مثاليًا من الراحة والعملية والأناقة.


المميزات:

- شقة استوديو
- مفروشة بالكامل
- مطبخ مفتوح
- مساحة معيشة مُصممة بعناية
- خزائن حائط
- تشطيبات عالية الجودة
- شرفة
- موقف سيارات متاح

المرافق:

- أمن على مدار الساعة وكاميرات مراقبة
- مسبح للأطفال ومسبح للكبار
- ردهة في المبنى
- صالة رياضية
- منطقة شواء
- مناطق جلوس مظللة
- مواصلات عامة
- مطاعم
- مساحات خضراء
- مساجد
- حديقة عامة

شركة عقاري للاستثمار والتطوير العقاري - ذ.م.م

للتواصل مع شركة عقاري للاستثمار العقاري: 026151222

شركة عقاري للاستثمار والتطوير العقاري هي شركة عقارية رائدة متخصصة في شراء وبيع وتأجير والاستثمار في العقارات الفاخرة والمشاريع التجارية ومشاريع التطوير على الخارطة. نقدم حلولاً مُصممة خصيصاً لعملائنا، وتحليلات سوقية متخصصة، وتسويقاً استراتيجياً، ومفاوضات لضمان أفضل النتائج لعملائنا.",Created,2026-02-04 05:00,,
AP885151,Y8NOVQ1BCN514A6J.png (https://v5.airtableusercontent.com/v3/u/51/51/1773748800000/AnLhOEw_guewYZMOfBDZIg/URqKFOAMIONu8uTNBL4qUZYhUITFSrAuSOrLeOhHdh83eJUU0ReF7Ni-FrWfXTqVKu7TvKgFNeyY4UYy5UW9Fgi0J8T343netqin5YSOs7fxWIW6m3fZ8ET_ApJG1eDVtMq_zruYJPoSv1qZbs2LWw/4g7gfYW-LO8mXM563ayxCfop25uGPBxBzIKAQwhdXFk),https://aqaryaid.com/en/listing/temp/unit/0?ref=AP885151,Al Maryah Vista,شرفتان | إطلالة على الواجهة البحرية | دوبلكس,"Discover a new level of contemporary island living with this stunning 3-bedroom loft in Al Maryah Vista 2, set in the heart of Abu Dhabi’s prestigious Al Maryah Island. Designed with modern elegance and waterfront sophistication, this residence delivers the perfect blend of space, style, and resort-inspired comfort.


FEATURES:

- Modern three-bedroom loft with double-height ceilings
- Floor-to-ceiling windows for bright, open living
- Contemporary open kitchen with quality finishes
- Spacious living and dining area
- Master bedroom with en-suite; built-in wardrobes in all rooms
- Stylish bathrooms with premium fittings
- Central A/C and covered parking
- Balcony and community or waterfront views (varies by unit)


AMENITIES:

- Resort-style swimming pool
- Fully equipped gym / fitness centre for residents
- Landscaped gardens and green leisure areas
- Children’s play area / kids’ playground and family-friendly spaces
- BBQ / outdoor social areas
- On-site retail, dining and convenience outlets
- Covered parking for residents
- Secure 24/7 security and concierge / property-management services
- Facilities for a balanced lifestyle: waterfront promenade access


AQARY REAL ESTATE INVESTMENT AND DEVELOPMENT - L.L.C

For Contact AQARY REAL ESTATE INVESTMENT: 026151222
 
AQARY Investment and Development is a premier real estate company specializing in buying, selling, leasing, and investing in luxury properties, commercial projects, and off-plan developments. We offer tailored solutions, expert market analysis, strategic marketing, and negotiations to ensure optimal results for our clients.",,apartment,Standard,3,"اكتشف مستوى جديدًا من المعيشة العصرية في الجزر مع هذا المسكن المذهل المكون من 3 غرف نوم (لوفت) في ""المرسى فيستا 2"" (Al Maryah Vista 2)، الواقع في قلب جزيرة المارية المرموقة في أبو ظبي. تم تصميم هذا المسكن بأناقة عصرية ورقي على الواجهة البحرية، ويوفر مزيجًا مثاليًا من المساحة، والأناقة، والراحة المستوحاة من المنتجعات.
الميزات (FEATURES):
مسكن علوي (لوفت) عصري بثلاث غرف نوم مع أسقف مزدوجة الارتفاع
نوافذ ممتدة من الأرض إلى السقف للمعيشة المشرقة والمفتوحة
مطبخ مفتوح معاصر بتشطيبات عالية الجودة
منطقة معيشة وطعام واسعة
غرفة نوم رئيسية بحمام داخلي؛ خزائن مدمجة في جميع الغرف
حمامات أنيقة بتجهيزات فاخرة
تكييف مركزي ومواقف مغطاة للسيارات
شرفة وإطلالات على المجتمع أو الواجهة البحرية (تختلف حسب الوحدة)
المرافق (AMENITIES):
حوض سباحة على طراز المنتجعات
صالة ألعاب رياضية / مركز لياقة بدنية مجهز بالكامل للمقيمين
حدائق ذات مناظر طبيعية ومناطق ترفيهية خضراء
منطقة لعب للأطفال / ملعب للأطفال ومساحات صديقة للعائلات
مناطق للشواء / مناطق اجتماعية خارجية
منافذ بيع بالتجزئة وتناول طعام ومرافق راحة في الموقع
مواقف مغطاة للسيارات للمقيمين
خدمات أمن واستقبال (كونسيرج) / إدارة عقارات آمنة على مدار الساعة طوال أيام الأسبوع
مرافق لنمط حياة متوازن: الوصول إلى المتنزه على الواجهة البحرية
عقاري للاستثمار والتطوير العقاري - ذ.م.م (AQARY REAL ESTATE INVESTMENT AND DEVELOPMENT - L.L.C)
للاتصال بشركة عقاري للاستثمار العقاري: 026151222
""عقاري للاستثمار والتطوير"" هي شركة عقارية رائدة متخصصة في شراء، وبيع، وتأجير، والاستثمار في العقارات الفاخرة، والمشاريع التجارية، والتطويرات على الخارطة. نقدم حلولاً مخصصة، وتحليلاً خبيرًا للسوق، وتسويقًا استراتيجيًا، ومفاوضات لضمان أفضل النتائج لعملائنا.",Created,2026-02-04 05:00,,
VH760092,GQMYWPSM0NVMGFRQ.jpg (https://v5.airtableusercontent.com/v3/u/51/51/1773748800000/f1mW2BpeQpVG8CKrgNkrkA/YldEN2LdY8UwruygU-mg-2Zeu6WphDwan6RJ3JA8YpLbcVZTO8DxEvgyIcTvtbRcWg0_wEx2cQnW9h6JLErgRRaMJKTiOQhxga6Bk_Pw90x7A5e6Aducvd4tyun1eSZzTx7BvntfNIxwJ2w4SE_Yow/iOwHwnzYsOvtZ4NL-buTOrzs0tR_ydGUBaaaOIZVW7I),https://aqaryaid.com/en/listing/temp/unit/0?ref=VH760092,Al Raha garden,فيلا فاخرة مستقلة مع حديقة وشرفات بانورامية,"* Ground Floor :

- Guest Bedroom with Bathroom
- Spacious Living Room
- Dining Area
- Fully Equipped Kitchen
- Storage Room
- Additional Guest Bathroom
- Maid’s Room with Private Bathroom
- Garage for Two Cars
- Outdoor Seating Areas and Courtyard
- Garden and Green Spaces

* First Floor :
- Luxurious Master Suite with Bathroom, Dressing Room, and Private Balcony
- Two Bedrooms with Shared Bathroom
- Study Room with Balcony

AQARY REAL ESTATE INVESTMENT AND DEVELOPMENT - L.L.C
For Contact AQARY REAL ESTATE INVESTMENT: 026151222
 
AQARY Investment and Development is a premier real estate company specializing in buying, selling, leasing, and investing in luxury properties, commercial projects, and off-plan developments. We offer tailored solutions, expert market analysis, strategic marketing, and negotiations to ensure optimal results for our clients.",,villa,Standard,5,"* الطابق الأرضي :-

- غرفة ضيوف مع حمام
- غرفة معيشة واسعة
- منطقة طعام
- مطبخ مجهز بالكامل
- غرفة تخزين
- غرفة خادمة مع حمام خاص
- حمام
جراج مغلق لسيارتين
- مساحات خارجية للجلوس
- حديقة 


*  الطابق الاول :
- جناح رئيسي فخم مع حمام وغرفة ملابس وبلكونة
- غرفتين نوم مع حمام مشترك
- غرفة دراسة مع بلكونة

شركة عقاري إنفيستمنت آند ديفيلوبمنت - ذ.ذ.م
للتواصل مع عقاري إنفيستمنت آند ديفيلوبمنت: 026151222
 
شركة عقاري إنفيستمنت آند ديفيلوبمنت هي شركة عقارية رائدة تقدم خدمات شاملة في شراء وبيع وتأجير واستثمار العقارات. نحن ملتزمون بتقديم حلول احترافية تلبي الاحتياجات المتنوعة لعملائنا، مما يضمن تجربة سلسة ونتائج استثنائية. بفضل فريق من المحترفين ذوي الخبرة وشبكة عالمية واسعة، نتفوق في تقديم فرص استثمارية مبتكرة في العقارات السكنية الفاخرة، والمشاريع التجارية، والتطويرات غير المكتملة. نحن نقدم تحليلات سوقية دقيقة، وتسويق استراتيجي، وتفاوضات خبيرة لضمان أفضل النتائج لكل من المشترين والبائعين. بالإضافة إلى ذلك، نقدم خدمات تأجير مخصصة لمالكي العقارات والمستأجرين، مما يضمن توافق الاتفاقيات مع متطلبات العملاء المحددة.",Created,2026-02-04 05:00,,
AP17551288,54SCMO2V8MQKJ72N.png (https://v5.airtableusercontent.com/v3/u/51/51/1773748800000/HwkNN2S4D-45gpMXzUoqVg/Oi0boyvAgjCS0vrXzPdvNx6OPTKheYg3d7AJUNhsbT7uYLL6MDfYAUjUGOAe9xBCPb1it2_fpHG7OBxgQrdPv1zk4BVFDpjIb3QNqcRjW0Nzb9px8WGqU052ZjOO2sK1RXJB6zIpqcNPP14sGPIpUA/GCWJa44Q0tQ_daUn-WksoO4UvPuAN-OIAx-sFClsHhw),https://aqaryaid.com/en/listing/temp/unit/0?ref=AP17551288,Al reef,شقة أنيقة بغرفتين وشرفة خاصة في موقع استثنائي,"Elegant 2-Bedroom Apartment with Balcony – Smart Layout & Prime Location
Discover this spacious, thoughtfully designed apartment that offers maximum comfort and practicality. Its optimal layout makes it an excellent choice for families and individuals seeking a home that blends elegance with functionality.

Apartment Features:
Main entrance providing a welcoming and refined impression
Practical open kitchen connected to the living area
Comfortable living room with a well-organized dining space
Private balcony offering a natural extension of the living area
Two bedrooms ensuring privacy and tranquility
Two fully equipped bathrooms
Walk-in closet for enhanced organization
Additional storage room — a rare and valuable feature in similar apartments
This apartment is a fantastic opportunity for anyone looking for a modern home with a smart design and a great location.
For viewings and inquiries, please contact…

AQARY REAL ESTATE INVESTMENT AND DEVELOPMENT - L.L.C
For Contact AQARY REAL ESTATE INVESTMENT: 026151222
 
AQARY Investment and Development is a premier real estate company specializing in buying, selling, leasing, and investing in luxury properties, commercial projects, and off-plan developments. We offer tailored solutions, expert market analysis, strategic marketing, and negotiations to ensure optimal results for our clients.",,apartment,Standard,2,"شقة أنيقة بغرفتين وصالة مع شرفة – تصميم ذكي وموقع مميز
اكتشف هذه الشقة الفسيحة والمصممة بعناية لتوفير أقصى درجات الراحة والعملية. توزيع مثالي للمساحات يجعلها خيارًا ممتازًا للعائلات والأفراد الباحثين عن منزل يجمع بين الأناقة والوظيفة.

مزايا الشقة:
مدخل رئيسي يمنح انطباعًا راقيًا
مطبخ مفتوح عملي متصل بمنطقة المعيشة
غرفة معيشة مريحة ومنطقة طعام منظمة
شرفة خاصة تضيف امتدادًا طبيعيًا للمساحة
غرفتا نوم توفران الهدوء والخصوصية
حمّامان مجهّزان بالكامل
غرفة ملابس تزيد من تنظيم المساحة
مخزن إضافي — ميزة نادرة في الشقق المشابهة
هذه الشقة تمثل فرصة ممتازة للباحثين عن منزل حديث بتصميم مدروس وموقع مميز.

للمعاينة والاستفسار، يُرجى التواصل…

شركة عقاري إنفيستمنت آند ديفيلوبمنت - ذ.ذ.م
للتواصل مع عقاري إنفيستمنت آند ديفيلوبمنت: 026151222
 
شركة عقاري إنفيستمنت آند ديفيلوبمنت هي شركة عقارية رائدة تقدم خدمات شاملة في شراء وبيع وتأجير واستثمار العقارات. نحن ملتزمون بتقديم حلول احترافية تلبي الاحتياجات المتنوعة لعملائنا، مما يضمن تجربة سلسة ونتائج استثنائية. بفضل فريق من المحترفين ذوي الخبرة وشبكة عالمية واسعة، نتفوق في تقديم فرص استثمارية مبتكرة في العقارات السكنية الفاخرة، والمشاريع التجارية، والتطويرات غير المكتملة. نحن نقدم تحليلات سوقية دقيقة، وتسويق استراتيجي، وتفاوضات خبيرة لضمان أفضل النتائج لكل من المشترين والبائعين. بالإضافة إلى ذلك، نقدم خدمات تأجير مخصصة لمالكي العقارات والمستأجرين، مما يضمن توافق الاتفاقيات مع متطلبات العملاء المحددة.",Created,2026-02-04 05:00,,
AP40581970,LH54TT3HWQB86JXK.png (https://v5.airtableusercontent.com/v3/u/51/51/1773748800000/-YE2GyttnUnxuzIaMS7J2g/YHDa8GtXcUknfAe0aU1vwWWCy_pFXVLQl7TkM5GrJQvVp7nDiw4UNr5fbFHhdyqJdU3uqZ6sHlM5Zyd1u7gSU6NfhcB1JBYCDlOR5QD9RrtGUnAZh09V1dUJYbcOEHJPaKdDu2nQW07epJjFf6Sw0Q/SxmMfduPOiyKcihE4RUP2KjjZbe8jU8d0teZYLEY1og),https://aqaryaid.com/en/listing/temp/unit/0?ref=AP40581970,Al reef,فرصة رائعة: شقة غرفتين بموقع مميز وبلكونة,"Modern Apartment – Smart Layout & Ideal Space

* Key Features:
- 2 Bedrooms
- Open Kitchen connected to the Living Area
- Open-Plan Living & Dining Area with Private Balcony
- Walk-in Closet: Storage space attached to one of the bathrooms
- Additional Storage Area
- Private Balcony for Fresh Air and Relaxation
- 2 Fully Equipped Bathrooms

AQARY REAL ESTATE INVESTMENT AND DEVELOPMENT - L.L.C
For Contact AQARY REAL ESTATE INVESTMENT: 026151222
 
AQARY Investment and Development is a premier real estate company specializing in buying, selling, leasing, and investing in luxury properties, commercial projects, and off-plan developments. We offer tailored solutions, expert market analysis, strategic marketing, and negotiations to ensure optimal results for our clients..",,apartment,Luxury,2,"شقة عصرية مصممة بعناية – تصميم عملي ومساحة مثالية

المواصفات الرئيسية:

 2 غرف نوم
 2 حمام مجهز بالكامل
 مطبخ مفتوح على مساحة المعيشة
 منطقة جلوس وطعام مفتوحة متصلة بشرفة خاصة
غرفة ملابس: مساحة تخزين ملحقة بأحد الحمامات
منطقة تخزين إضافية
شرفة خاصة للتهوية والراحة

تصميم: فصل جناح النوم عن المعيشة لضمان الخصوصية واستغلال ذكي للمساحات

مناسبة للمستثمرين أو الباحثين عن منزل يجمع بين الراحة والتصميم العمل

شركة عقاري إنفيستمنت آند ديفيلوبمنت - ذ.ذ.م
للتواصل مع عقاري إنفيستمنت آند ديفيلوبمنت: 026151222
 
شركة عقاري إنفيستمنت آند ديفيلوبمنت هي شركة عقارية رائدة تقدم خدمات شاملة في شراء وبيع وتأجير واستثمار العقارات. نحن ملتزمون بتقديم حلول احترافية تلبي الاحتياجات المتنوعة لعملائنا، مما يضمن تجربة سلسة ونتائج استثنائية. بفضل فريق من المحترفين ذوي الخبرة وشبكة عالمية واسعة، نتفوق في تقديم فرص استثمارية مبتكرة في العقارات السكنية الفاخرة، والمشاريع التجارية، والتطويرات غير المكتملة. نحن نقدم تحليلات سوقية دقيقة، وتسويق استراتيجي، وتفاوضات خبيرة لضمان أفضل النتائج لكل من المشترين والبائعين. بالإضافة إلى ذلك، نقدم خدمات تأجير مخصصة لمالكي العقارات والمستأجرين، مما يضمن توافق الاتفاقيات مع متطلبات العملاء المحددة.",Created,2026-02-04 05:00,,
AP20849773,PJE9GACSGVKW0YO9.jpg (https://v5.airtableusercontent.com/v3/u/51/51/1773748800000/rMQtTAp9NmiUuOL0TTD_eA/Gut53yvSc69AQ4-7os_1E-z1u0L4rgOPWWeewpXUcF3OeJimF0EBIM2Xz0dRc6_C-TaRXWJPNN3BW7seSfzj3p4TXnfcoSJnjf-CARE8bYald8L7Lno6S95M6ibsWN7sXhx-8mo_9X3cMRVdoTncjQ/dlLvdMKbforYvhwd8v4WH6gPtmzfY6CnLhl0Y2K9RZs),https://aqaryaid.com/en/listing/temp/unit/0?ref=AP20849773,Al reef,غرفتي نوم | مساحة معيشة واسعة | موقع مميز,"Discover modern urban living in this bright and spacious 2-bedroom apartment located in the heart of Al Reef Downtown. Designed for comfort and convenience, this home features an open-plan layout with a well-lit living and dining area, a contemporary kitchen, and two generously sized bedrooms

FEATURES:

- 2 Bedrooms
- Bright Living & Dining Area
- Modern Open Kitchen
- Guest Powder Room
- Storage Room
- Built-in Wardrobes
- Storage Room
- Spacious Balcony


AMENITIES:

- Beautifully Landscaped Gardens
- Central Air Conditioning
- Fully Equipped Shared Gym
- Community Swimming Pool
- Gated Community
- 24/7 Security
- Dedicated Children’s Play Area


AQARY REAL ESTATE INVESTMENT AND DEVELOPMENT - L.L.C

For Contact AQARY REAL ESTATE INVESTMENT: 026151222
 
AQARY Investment and Development is a premier real estate company specializing in buying, selling, leasing, and investing in luxury properties, commercial projects, and off-plan developments. We offer tailored solutions, expert market analysis, strategic marketing, and negotiations to ensure optimal results for our clients.
",,apartment,Standard,2,"اكتشف الحياة الحضرية العصرية في هذه الشقة المشرقة والواسعة المكونة من غرفتي نوم والتي تقع في قلب الريف داون تاون. صُمم هذا المنزل لتوفير الراحة والرفاهية، ويتميز بتصميم مفتوح مع منطقة معيشة وتناول طعام مُضاءة جيدًا، ومطبخ عصري، وغرفتي نوم واسعتين.

الميزات:

- غرفتا نوم
- منطقة معيشة وتناول طعام مُشرقة
- مطبخ مفتوح عصري
- حمام ضيوف
- غرفة تخزين
- خزائن ملابس مدمجة
- غرفة تخزين
- شرفة واسعة

وسائل الراحة:

- حدائق خلابة
- تكييف مركزي
- صالة ألعاب رياضية مشتركة مُجهزة بالكامل
- مسبح مشترك
- مجمع سكني مُسوّر
- أمن على مدار الساعة
- منطقة لعب مُخصصة للأطفال

شركة عقاري للاستثمار والتطوير العقاري - ذ.م.م.

للتواصل مع شركة عقاري للاستثمار العقاري: 026151222

شركة عقاري للاستثمار والتطوير هي شركة عقارية رائدة مُتخصصة في شراء وبيع وتأجير والاستثمار في العقارات الفاخرة والمشاريع التجارية والمشاريع قيد الإنشاء. نحن نقدم حلولاً مخصصة، وتحليلات السوق المتخصصة، والتسويق الاستراتيجي، والمفاوضات لضمان أفضل النتائج لعملائنا.",Created,2026-02-04 05:00,,
VH986571,,https://aqaryaid.com/en/listing/temp/unit/0?ref=VH986571,Al Reeman 2,فيلا 5 غرف واسعة | عرض رائع | جاهزة قريباً,"Fay Alreeman  provides 5-bedroom homes with Mediterranean designs and spacious layouts, for sale by Aqary Real Estate Investment and Development.

Property Features:

- 5 Bedrooms, each with a private bathroom
- Living Room
- Modern Kitchen with extra pantry space
- Maid , Study and Driver Room 
- Majlis
- Dining Area
- 2 Bathroom
- Terrace 

Additional Features:
- Family-friendly, sustainable design
- Premium finishes with customization options

Community Amenities:
- Mosque
- Kids' Play Areas
- Sports Courts
- Green Spaces
- School
- Retail options


AQARY REAL ESTATE INVESTMENT AND DEVELOPMENT - L.L.C
For Contact AQARY REAL ESTATE INVESTMENT: 026151222

AQARY Investment and Development is a premier real estate company specializing in buying, selling, leasing, and investing in luxury properties,
commercial projects, and off-plan developments. We offer tailored solutions, expert market analysis, strategic marketing, and negotiations to ensure optimal results for our clients.",,villa,,9,"فاي الريمان تقدم منازل بـ 5 غرف نوم بتصاميم متوسطية وتصميمات فسيحة، للبيع من خلال شركة عقاري للاستثمار والتطوير العقاري.

مميزات العقار:

- 5 غرف نوم ماستر
- غرفة معيشة
-غرفة خادمة 
- غرفة دراسة
- غرفة سائق
- مجلس
- منطقة طعام
- مطبخ
- حمامين
- تيراس

مميزات إضافية:
تصميم صديق للعائلة ومستدام
تشطيبات فاخرة مع خيارات تخصيص

مرافق المجتمع:
مسجد
مناطق لعب للأطفال
ملاعب رياضية
مساحات خضراء
مدارس
خيارات تسوق

شركة عقاري إنفيستمنت آند ديفيلوبمنت - ذ.ذ
للتواصل مع عقاري إنفيستمنت آند ديفيلوبمنت: 026151222

شركة عقاري إنفيستمنت آند ديفيلوبمنت هي شركة عقارية رائدة تقدم خدمات شاملة في شراء وبيع وتأجير واستثمار العقارات. نحن ملتزمون بتقديم حلول احترافية تلبي الاحتياجات المتنوعة لعملائنا، مما يضمن تجربة سلسة
ونتائج استثنائية. بفضل فريق من المحترفين ذوي الخبرة وشبكة عالمية واسعة، نتفوق في تقديم فرص استثمارية مبتكرة في العقارات السكنية الفاخرة،
والمشاريع التجارية، والتطويرات غير المكتملة. نحن نقدم تحليلات سوقية دقيقة، وتسويق استراتيجي، وتفاوضات خبيرة لضمان أفضل النتائج لكل من المشترين والبائعين. بالإضافة إلى ذلك، نقدم خدمات تأجير مخصصة لمالكي العقارات والمستأجرين، مما يضمن توافق الاتفاقيات مع متطلبات العملاء المحددة.",Created,2026-01-26 05:00,,
VH667995,,https://aqaryaid.com/en/listing/temp/unit/0?ref=VH667995,Al Reeman 2,فيلا كورنر بسعر منافس في فاي الريمان 2,"Seize the opportunity to own a modern family villa with a prime corner location in the prestigious Fay Al Reeman 2 community. Offering extra privacy and larger outdoor space, this villa is designed to combine elegance with functionality. Best of all, the owner is offering it at a competitive price below market value, making it a perfect choice for both end-users and investors.
Presented by Aqary Real Estate Investment & Development.

** Villa Details:

- 5 spacious bedrooms with en-suite bathrooms.
- Bright majlis 
- elegant dining area, perfect for guests.
- Family living room connected to a private terrace and garden.
- Large closed kitchen with storage 
- laundry room.
- Guest bedroom with private bathroom.
- Maid’s room with attached bathroom 
- separate driver’s room.

Covered parking space for 2 cars.

First Floor:

- Luxurious master suite with private balcony, walk-in closet, and en-suite bathroom.
- 3 additional bedrooms, each with its own bathroom.
- Comfortable family lounge ideal for daily gatherings.

Location Highlights:

- Corner villa offering more privacy and extra outdoor space.
- Close to community parks, mosques, and schools.
- Family-friendly environment with jogging tracks, 
green areas, and community facilities.
- Rare opportunity at a competitive price ensuring high investment value.

** This villa perfectly combines a premium corner location with an attractive price, making it one of the best opportunities currently available in Fay Al Reeman 2.


For Contact AQARY REAL ESTATE INVESTMENT: 026151222 


AQARY Investment and Development is a premier real estate company specializing in buying, selling, leasing, and investing in luxury properties, commercial projects, and off-plan developments. We offer tailored solutions, expert market analysis, strategic marketing, and negotiations to ensure optimal results.",,villa,Luxury,9,"اغتنم فرصة امتلاك فيلا عائلية بتصميم عصري وموقع كورنر مميز في مشروع فاي الريمان 2، حيث المساحات الواسعة والخصوصية الإضافية التي يبحث عنها الجميع. الأجمل أن هذه الفيلا مطروحة بسعر منافس من المالك، أقل من أسعار السوق، مما يجعلها فرصة مثالية سواء للسكن أو للاستثمار مقدمة من شركة عقاري للاستثمار والتطوير.

 ** تفاصيل الفيلا:
 - 5 غرف نوم فسيحة مع حمامات مستقلة. 
- مجلس رحب وغرفة طعام أنيقة مثالية للضيوف. 
- غرفة معيشة عائلية متصلة بتراس وحديقة خاصة. 
- مطبخ كبير مع مخزن + غرفة غسيل. 
- غرفة ضيوف مع حمام مستقل. 
- غرفة خادمة مع حمام خاص + غرفة سائق مستقلة. 
- موقف سيارات مغطى يتسع لسيارتين. 

** الطابق الأول: 
- جناح رئيسي فاخر مع شرفة خاصة، غرفة ملابس وحمام ماستر. 
- 3 غرف نوم إضافية لكل منها حمام مستقل. 
- صالة عائلية مريحة مثالية للاجتماعات اليومية. 

** مميزات الموقع: 
- فيلا كورنر توفر خصوصية ومساحات خارجية أكبر. 
- قريبة من الحدائق، المساجد، والمدارس. 
- بيئة متكاملة مع مسارات للمشي والجري ومناطق مخصصة للعائلات.
 - عرض نادر بسعر جذاب يضمن قيمة استثمارية عالية. 

** هذه الفيلا تجمع بين الموقع الكورنر المميز والسعر المنافس لتكون واحدة من أفضل الفرص المتاحة اليوم في فاي الريمان 2.

للتواصل مع عقاري إنفيستمنت آند ديفيلوبمنت: 026151222


شركة عقاري إنفيستمنت آند ديفيلوبمنت هي شركة عقارية رائدة تقدم خدمات شاملة في شراء وبيع وتأجير واستثمار العقارات. نحن ملتزمون بتقديم حلول احترافية تلبي الاحتياجات المتنوعة لعملائنا، مما يضمن تجربة سلسة ونتائج استثنائية. بفضل فريق من المحترفين ذوي الخبرة وشبكة عالمية واسعة، نتفوق في تقديم فرص استثمارية مبتكرة في العقارات السكنية الفاخرة، والمشاريع التجارية، والتطويرات غير المكتملة. نحن نقدم تحليلات سوقية دقيقة، وتسويق استراتيجي، وتفاوضات خبيرة لضمان أفضل النتائج لكل من المشترين والبائعين. بالإضافة إلى ذلك، نقدم خدمات تأجير مخصصة لمالكي العقارات والمستأجرين، مما يضمن توافق الاتفاقيات مع متطلبات العملاء المحددة.",Created,2026-01-20 05:00,,
VH842583,FKVQ8P39C4VMRPP3.png (https://v5.airtableusercontent.com/v3/u/51/51/1773748800000/2biqlA2x4gfwZ10irGtmpw/0i89VQWfxZceav8GHkCc94dItbDwxqlzndEhSzkl-KHzQRBTil_duCafHCu6PJ-B5kG5dsxM-Cciy7bimOeKKOS_9Kr7I0OpEMaEOYUx1-7Duhin97Crpa8vvDvRFDWAbsg67jHd5QqBA0lLuUnBmg/ysMO4dIk8EPLKDGNbqRGGgqOoMij6SmnN5uyu1nUj98),https://aqaryaid.com/en/listing/temp/unit/0?ref=VH842583,Al Reeman 2,استلم قريبًا! فيلا راقية 5 غرف في في الريمان 1 – الشامخة,"Modern 5BR Villa for Sale in Fay Alreeman 1 – Al Shamkha
Presented by AQARY Real Estate Investment and Development

Experience luxury and privacy in this 5-bedroom villa located in the prestigious Fay Alreeman 1 community. Combining modern architecture, spacious layouts, and high-end finishes, this villa is designed for families seeking elegant living in a serene environment.

Villa Features:
• 5 Master Bedrooms
• 7 Bathrooms
• Spacious Living and Dining Areas
• Closed Modern Kitchen
• Maid’s Room
• Laundry & Storage Rooms
• Private Garden
• Balcony & Terrace
• Covered Parking

Community Facilities & Amenities:
• Gated Community with 24/7 Security
• Parks & Landscaped Green Areas
• Jogging & Cycling Tracks
• Retail Shops & Cafés
• Mosques & Schools Nearby
• Easy Access to Abu Dhabi Airport and Main Highways

AQARY REAL ESTATE INVESTMENT AND DEVELOPMENT - L.L.C
For Contact AQARY REAL ESTATE INVESTMENT: 026151222 

AQARY Investment and Development is a premier real estate company specializing in buying, selling, leasing, and investing in luxury properties, commercial projects, and off-plan developments. We offer tailored solutions, expert market analysis, strategic marketing, and negotiations to ensure optimal results for our clients.",,villa,Luxury,7,"فيلا حديثة من 5 غرف للبيع في في الريمان 1 – الشامخة
مقدمة من شركة عقاري للاستثمار والتطوير العقاري

استمتع بأسلوب حياة يجمع بين الفخامة والخصوصية في هذه الفيلا الراقية المكونة من 5 غرف نوم، والواقعة في مجتمع في الريمان 1 المرموق في منطقة الشامخة. تجمع الفيلا بين التصميم العصري والمساحات الواسعة والتشطيبات الفاخرة، مما يجعلها مثالية للعائلات الباحثة عن الراحة والرقي في بيئة هادئة ومتكاملة.

مواصفات الفيلا:
• 5 غرف نوم ماستر
• 7 حمامات
• مساحات معيشة وطعام واسعة
• مطبخ مغلق بتصميم عصري
• غرفة خادمة
• غرفة غسيل وتخزين
• حديقة خاصة
• بلكونة وتراس
• مواقف سيارات مغطاة

المرافق والخدمات المجتمعية:
• مجتمع مسوّر مع حراسة على مدار الساعة
• حدائق ومناطق خضراء منسّقة
• مسارات للجري وركوب الدراجات
• محلات تجارية ومقاهي
• مساجد ومدارس قريبة
• سهولة الوصول إلى مطار أبوظبي والطرق الرئيسية

شركة عقاري للاستثمار والتطوير العقاري – ذ.م.م
 للتواصل: 026151222

تُعد عقاري من الشركات الرائدة في مجال الاستثمار والتطوير العقاري، متخصصة في شراء وبيع وتأجير العقارات الفاخرة والمشروعات التجارية والعقارات تحت الإنشاء، مع تقديم حلول مخصصة وتحليل سوقي وخطط تسويقية تضمن أفضل النتائج للعملاء.",Created,2026-02-04 05:00,,
VH140576,54KZV5GDPCSD02AA.jpg (https://v5.airtableusercontent.com/v3/u/51/51/1773748800000/H_7xB_jy2A72QCKjsM0G7Q/1xoaS5DOjLMle1ApD1inQp7bSn8Z5qlEKNgdWyte8zcgsBEpG54qu7uDknD-e9yDdgAv3FW4qtGhDchy_BynSC5rTrDBi0SwGTdQFqlZ6Dfvhu_NIa345z5xzezDHdK-kliv4XTPN0TAP0eTN_a5mw/uPbmrA0JEDB6R1T49y-RvmfUUOXxUzPUB5QR7_1r2qc),https://aqaryaid.com/en/listing/temp/unit/0?ref=VH140576,Al Reeman 2,استثمر أسلوب حياة راقٍ في مجتمع متكامل الخدمات,"Presented by AQARY Real Estate Investment and Development

Experience luxury family living in Fay Alreeman II, one of Aldar’s newest villa communities in Al Shamkha, designed to reflect authentic Emirati architecture with a modern twist.
This elegant 4-bedroom townhouse offers spacious interiors, private outdoor areas, and premium finishing — ideal for modern family life.

Villa Features:
– 4 Bedrooms | 7 Bathrooms
– Majlis & formal dining area
– Family living room on the first floor
– Closed modern kitchen
– Maid’s room & Driver’s room with attached bathrooms
– Laundry, storage & study rooms
– Two terraces and a private garden
– Covered parking space
– Total area: 5489 sq.ft
– Smart home system ready
– Handover: Q4 2026

Community Facilities & Amenities:
– Gated community with 24/7 security
– Retail & dining outlets
– Green parks & kids’ play areas
– Mosque & community center
– Jogging & cycling tracks
– Easy access to Abu Dhabi Airport and major highways

Live the life you deserve in Fay Alreeman II, where comfort meets elegance and community living reaches new heights.
 
For Contact AQARY REAL ESTATE INVESTMENT: 026151222
 
AQARY Investment and Development is a premier real estate company specializing in buying, selling, leasing, and investing in luxury properties, commercial projects, and off-plan developments. We offer tailored solutions, expert market analysis, strategic marketing, and negotiations to ensure optimal results for our clients.",,villa,Luxury,7,"فيلا تاون هاوس 4 غرف نوم مع حديقة خاصة – فاي الريمان 2، الشامخة
مقدمة من شركة عقاري للاستثمار والتطوير العقاري

استمتع بأسلوب حياة راقٍ يجمع بين الفخامة والطابع الإماراتي الأصيل في مشروع فاي الريمان 2 من شركة الدار العقارية في منطقة الشامخة.
فيلا تاون هاوس بتصميم عصري وتشطيبات فاخرة، مثالية للعائلات الباحثة عن الراحة، الخصوصية، والمساحات الواسعة.

مواصفات الفيلا:
– 4 غرف نوم ماستر
– 7 حمامات
– مجلس وغرفة طعام رسمية
– غرفة معيشة عائلية بالطابق الأول
– مطبخ عصري مغلق
– غرفة خادمة + غرفة سائق مع حمامات خاصة
– غرفة دراسة + غرفة غسيل + غرفة تخزين
– تراسين وحديقة خاصة
– مواقف سيارات مغطاة
– المساحة الإجمالية: 5489 قدم مربع
– نظام المنزل الذكي
– التسليم: الربع الرابع 2026

المرافق والخدمات:
– مجتمع مسوّر بخدمات أمنية على مدار الساعة
– محلات ومطاعم راقية داخل المشروع
– حدائق خضراء ومناطق لعب للأطفال
– مضمار للجري وركوب الدراجات
– مسجد ومركز مجتمعي
– موقع استراتيجي قريب من مطار أبوظبي والطرق الرئيسية

عيش الحياة العائلية المثالية في فاي الريمان 2 – حيث الفخامة تلتقي بالراحة في قلب الشامخة

للتواصل مع عقاري إنفيستمنت آند ديفيلوبمنت: 026151222
 
شركة عقاري إنفيستمنت آند ديفيلوبمنت هي شركة عقارية رائدة تقدم خدمات شاملة في شراء وبيع وتأجير واستثمار العقارات. نحن ملتزمون بتقديم حلول احترافية تلبي الاحتياجات المتنوعة لعملائنا، مما يضمن تجربة سلسة ونتائج استثنائية. بفضل فريق من المحترفين ذوي الخبرة وشبكة عالمية واسعة، نتفوق في تقديم فرص استثمارية مبتكرة في العقارات السكنية الفاخرة، والمشاريع التجارية، والتطويرات غير المكتملة. نحن نقدم تحليلات سوقية دقيقة، وتسويق استراتيجي، وتفاوضات خبيرة لضمان أفضل النتائج لكل من المشترين والبائعين. بالإضافة إلى ذلك، نقدم خدمات تأجير مخصصة لمالكي العقارات والمستأجرين، مما يضمن توافق الاتفاقيات مع متطلبات العملاء المحددة.",Created,2026-02-04 05:00,,
VH980153,4RK8QX60LK2U2NFJ.jpg (https://v5.airtableusercontent.com/v3/u/51/51/1773748800000/Iga_KEZYnriBrzvOeqrx0A/9gemT4vG_6YcZyJ7juWiI5gIBLUU88KRlqbMUnZ5SIpqzNWyY22gGNEnd3Bv0b44ij7w5n_okU5BTszMjPYpe53bbf5OykV4XRiCPiOmZ0VrzGCCO6YufryexP4MG6W9A2q3rcn5nG7tstiDlfUHmg/DHPo2VhUWhFGoChyGxRc7YreJ83fCOlYjdC6ZBpsC58),https://aqaryaid.com/en/listing/temp/unit/0?ref=VH980153,Al Reeman 2,وحدة فريدة من نوعها | وحدة زاوية | إطلالات مذهلة,"Fay Al Reeman - Al Shamkha features elegant design residences in a modern, convenient, and sustainable community. Which offers custom-made villas exclusively for Emiratis.

The project is close to many of the key locations in Abu Dhabi with its major infrastructure projects and lifestyle destinations, including Yas Island, New Al Falah, Masdar City, Zayed City, Mohammed Bin Zayed City, and Abu Dhabi Airport Free Zone.

This remarkable property offers:

* Ground Floor :

Elegant Majlis and dining area with a guest washroom
Spacious living room with an attached washroom
Guest master bedroom for ultimate comfort
Stylish, modern kitchen
Dedicated maid's room
Private driver's room
Functional laundry room
Ample storage room

* First Floor :

Five luxurious master bedrooms with built-in wardrobes
Cozy study room
Inviting family living area
Beautifully designed terraces for relaxation

* Development feature & amenities:-

Parks and Leisure Areas
Dining Outlets
Health Care Centre
Kids Play Area
Weekend Markets
Outdoor Sitting Area
Fitness Centre


For Contact AQARY REAL ESTATE INVESTMENT: 026151222

AQARY Investment and Development is a premier real estate company specializing in buying, selling, leasing, and investing in luxury properties,
commercial projects, and off-plan developments. We offer tailored solutions, expert market analysis, strategic marketing, and negotiations to ensure optimal results for our clients.",,villa,,9,"فاي الريمان - الشمخة: مساكن أنيقة بتصميم عصري في مجتمع مريح ومستدام
يقدم المشروع فلل فاخرة مصممة خصيصًا للإماراتيين فقط، ضمن بيئة تجمع بين الحداثة والراحة والاستدامة.
يقع المشروع بالقرب من العديد من المواقع الرئيسية في أبوظبي، مثل جزيرة ياس، الفلاح الجديدة، مدينة مصدر، مدينة زايد، مدينة محمد بن زايد، ومنطقة أبوظبي الحرة للطيران، ما يجعله خيارًا مثاليًا للحياة العصرية.

تفاصيل الفيلا:

الطابق الأرضي:
مجلس أنيق مع منطقة طعام وحمام ضيوف
غرفة معيشة واسعة مع حمام خاص
غرفة نوم ضيوف رئيسية لراحة قصوى
مطبخ عصري وأنيق
غرفة خادمة مخصصة
غرفة سائق خاصة
غرفة غسيل عملية
غرفة تخزين واسعة

الطابق الأول:
خمس غرف نوم رئيسية فاخرة مع خزائن مدمجة
غرفة دراسة مريحة
صالة عائلية جذابة
تيراسات مصممة بشكل جميل للاسترخاء


مميزات المشروع والمرافق:
حدائق ومناطق ترفيهية
مطاعم ومقاهي
مركز رعاية صحية
منطقة ألعاب للأطفال
أسواق نهاية الأسبوع
مناطق جلوس خارجية
مركز لياقة بدنية


شركة عقاري للاستثمار والتطوير العقاري - ذ.م.م
 الهاتف: 026151222

عن شركة عقاري:
تُعد شركة عقاري للاستثمار والتطوير العقاري شركة رائدة في مجال العقارات، متخصصة في شراء، وبيع، وتأجير، واستثمار العقارات الفاخرة، والمشاريع التجارية، والمشاريع على الخارطة.
نوفر حلولًا مخصصة، وتحليلات سوقية دقيقة، وتسويقًا استراتيجيًا، وخبرة تفاوضية تضمن تحقيق أفضل النتائج لعملائنا.",Created,2026-02-04 05:00,,
VH266551,WEPIEQXAQ8PM6SF1.jpg (https://v5.airtableusercontent.com/v3/u/51/51/1773748800000/sZzg9L08d0rBUOdOb9j6xA/f12yMrNm0Wa1MlcEJv0lG2178Vt0AtdjO0Yzdeny4xlfTBy8Tz9RXh3CeyN091Z9E0xhV7D_eTV6Ei_L5WBzkM334ODdfLJtMxgn-HDFODUMkxox4DHEuWg5_uHFSJvBBfRr-RWWSVgiB3qQBvHA-A/swTsGs_sfF8mTDMbIWeaZJgBZs47IZAxocvWGQRfQC0),https://aqaryaid.com/en/listing/temp/unit/0?ref=VH266551,Al Reeman 2,فيلا أنيقة 4 غرف | طراز متوسطي راقٍ,"Fay Alreman 1 presents 4-bedroom homes with generous layouts and modern finishes, for sale by Aqary Real Estate Investment and Development. The community includes a mosque, kids' play areas, green spaces, and retail stores.

Property Features:

-4 Bedrooms, each with a private bathroom
-Spacious Living Room, Majlis, and Dining Area
-Modern Kitchen with extra pantry space
-Maid's , Laundry, and Driver’s Room

Additional Features:
- Family-friendly, sustainable design
- Premium finishes with customization options

Community Amenities:
- Mosque
- Kids' Play Areas
- Sports Courts
- Green Spaces
- School
- Retail options

A perfect combination of modern living, sustainability, and community!


For more information feel free to contact us at

AQARY REAL ESTATE INVESTMENT AND DEVELOPMENT - L.L.C
For Contact AQARY REAL ESTATE INVESTMENT: 026151222 

AQARY Investment and Development is a premier real estate company specializing in buying, selling, leasing, and investing in luxury properties, commercial projects, and off-plan developments. We offer tailored solutions, expert market analysis, strategic marketing, and negotiations to ensure optimal results for our clients.
Show Less",,villa,,8,"فاي الريمان 1 – فلل مكوّنة من 4 غرف نوم بتصاميم واسعة وتشطيبات عصرية
معروضة للبيع من خلال شركة عقاري للاستثمار والتطوير العقاري.
يمنحك المشروع أسلوب حياة متكامل يجمع بين الراحة، الاستدامة، وروح المجتمع، ضمن بيئة تضم مرافق متكاملة ومساحات خضراء.

مواصفات العقار:
- 4 غرف نوم، كل منها مزوّدة بحمام خاص
- غرفة معيشة واسعة، مجلس، ومنطقة طعام رحبة
- مطبخ عصري مع مساحة تخزين إضافية (مخزن)
- غرفة خادمة، غرفة غسيل، وغرفة سائق

* مزايا إضافية:
- تصميم مستدام ومناسب للعائلات
- تشطيبات عالية الجودة مع خيارات تخصيص

* المرافق والخدمات:
- مسجد
- مناطق لعب للأطفال
- ملاعب رياضية
- مساحات خضراء
- مدرسة
- محلات تجارية

 تجربة سكنية متكاملة تجمع بين الحياة العصرية، الاستدامة، والمجتمع.

 للمزيد من المعلومات، يرجى التواصل معنا:
شركة عقاري للاستثمار والتطوير العقاري - ذ.م.م
 الهاتف: 026151222

عن شركة عقاري:
عقاري للاستثمار والتطوير العقاري هي شركة رائدة في سوق العقارات، متخصصة في شراء، وبيع، وتأجير، واستثمار العقارات الفاخرة، والمشاريع التجارية، والمشاريع على الخارطة.
نقدّم حلولًا عقارية مصمّمة خصيصًا، تحليلات دقيقة للسوق، واستراتيجيات تسويق ذكية لضمان أفضل النتائج لعملائنا.",Created,2026-02-04 05:00,,
VH220881,JISRUXH8XQKGOUNK.jpg (https://v5.airtableusercontent.com/v3/u/51/51/1773748800000/9eMABG4r-QmWmlkgnkm5PA/t0g0YDaW2lZ6e-YM2op-2rXuOdGMmWs1ecPhrlJaRomQTNwh98UVQAYWnVr5O4wqlwLnTcXOSrRnIguLTNKUa9wLWrKtMPM5m1kQODNwFUHiw-frxToLMOeRekAmG-5J6AIQvtKT6MjksG3q3Frl4A/E0iLoeLNBVmgJ7dAjzFc-D9QLNeom9JCagisEJIbs9I),https://aqaryaid.com/en/listing/temp/unit/0?ref=VH220881,Al Reeman 2,تصميم متوسطي | 5 غرف نوم | التسليم قريباً,"Fay Alreeman  provides 5-bedroom homes with Mediterranean designs and spacious layouts, for sale by Aqary Real Estate Investment and Development.

Property Features:

- 5 Bedrooms, each with a private bathroom
- Living Room
- Modern Kitchen with extra pantry space
- Maid , Study and Driver Room 
- Majlis
- Dining Area
- Family washroom 
- Guest washroom
- Terrace 

Additional Features:
- Family-friendly, sustainable design
- Premium finishes with customization options

Community Amenities:
- Mosque
- Kids' Play Areas
- Sports Courts
- Green Spaces
- School
- Retail options

For Contact AQARY REAL ESTATE INVESTMENT: 026151222

AQARY Investment and Development is a premier real estate company specializing in buying, selling, leasing, and investing in luxury properties,
commercial projects, and off-plan developments. We offer tailored solutions, expert market analysis, strategic marketing, and negotiations to ensure optimal results for our clients.",,villa,,9,"فاي الريمان تقدم منازل بـ 5 غرف نوم بتصاميم متوسطية وتصميمات فسيحة، للبيع من خلال شركة عقاري للاستثمار والتطوير العقاري.

مميزات العقار:

5 غرف نوم، كل غرفة مع حمام خاص
غرفة معيشة
مطبخ حديث مع مساحة إضافية للمخزن
غرفة خادمة، غرفة دراسة، وغرفة سائق
مجلس
منطقة طعام
حمام عائلي
حمام ضيوف
تراس

مميزات إضافية:
تصميم صديق للعائلة ومستدام
تشطيبات فاخرة مع خيارات تخصيص

مرافق المجتمع:
مسجد
مناطق لعب للأطفال
ملاعب رياضية
مساحات خضراء
مدارس
خيارات تسوق

للتواصل مع عقاري إنفيستمنت آند ديفيلوبمنت: 026151222

شركة عقاري إنفيستمنت آند ديفيلوبمنت هي شركة عقارية رائدة تقدم خدمات شاملة في شراء وبيع وتأجير واستثمار العقارات. نحن ملتزمون بتقديم حلول احترافية تلبي الاحتياجات المتنوعة لعملائنا، مما يضمن تجربة سلسة
ونتائج استثنائية. بفضل فريق من المحترفين ذوي الخبرة وشبكة عالمية واسعة، نتفوق في تقديم فرص استثمارية مبتكرة في العقارات السكنية الفاخرة،
والمشاريع التجارية، والتطويرات غير المكتملة. نحن نقدم تحليلات سوقية دقيقة، وتسويق استراتيجي، وتفاوضات خبيرة لضمان أفضل النتائج لكل من المشترين والبائعين. بالإضافة إلى ذلك، نقدم خدمات تأجير مخصصة لمالكي العقارات والمستأجرين، مما يضمن توافق الاتفاقيات مع متطلبات العملاء المحددة.",Created,2026-02-04 05:00,,
VH870499,O896SRD6N6EN1IQE.jpg (https://v5.airtableusercontent.com/v3/u/51/51/1773748800000/NQ9M5auIxM4kuz8x2TgBGA/caZe0ZWPNV5UL9Z8F1-jHKh9kthLUvSxp-YotLjGn7GLHNdO0zj472LZ7r9npYHeldVRtcbIp8TOhGlPf29OrpmcJAFjGyuuJ6tRU1zmMfyKdJ7ZsWtzMQA9pzPxGAvHXDo6x7oUzTt8m63XmiU-nw/aY33xR9wpTA0TxaD1IrpW9CGbegnVDDoqtTo5A6S6Uc),https://aqaryaid.com/en/listing/temp/unit/0?ref=VH870499,Al Reeman 2,فيلا 5 غرف نوم صف اول علي زاوية,"Fay Alreeman  provides 5-bedroom homes with Mediterranean designs and spacious layouts, for sale by Aqary Real Estate Investment and Development.

Property Features:

- 5 Bedrooms, each with a private bathroom
- Living Room
- Modern Kitchen with extra pantry space
- Maid , Study and Driver Room 
- Majlis
- Dining Area
- 2 Bathrooms
- Terrace 

Additional Features:
- Family-friendly, sustainable design
- Premium finishes with customization options

Community Amenities:
- Mosque
- Kids' Play Areas
- Sports Courts
- Green Spaces
- School
- Retail options

For Contact AQARY REAL ESTATE INVESTMENT: 026151222

AQARY Investment and Development is a premier real estate company specializing in buying, selling, leasing, and investing in luxury properties,
commercial projects, and off-plan developments. We offer tailored solutions, expert market analysis, strategic marketing, and negotiations to ensure optimal results for our clients.",,villa,,9,"فاي الريمان تقدم منازل بـ 5 غرف نوم بتصاميم متوسطية وتصميمات فسيحة، للبيع من خلال شركة عقاري للاستثمار والتطوير العقاري.

مميزات العقار:

- 5 غرف نوم، كل غرفة مع حمام خاص
- غرفة معيشة
- مطبخ حديث مع مساحة إضافية للمخزن
- غرفة خادمة، غرفة دراسة، وغرفة سائق
- مجلس
- منطقة طعام
- حمامين عائلي
- تيراس

مميزات إضافية:
تصميم صديق للعائلة ومستدام
تشطيبات فاخرة مع خيارات تخصيص

مرافق المجتمع:
مسجد
مناطق لعب للأطفال
ملاعب رياضية
مساحات خضراء
مدارس
خيارات تسوق

للتواصل مع عقاري إنفيستمنت آند ديفيلوبمنت: 026151222

شركة عقاري إنفيستمنت آند ديفيلوبمنت هي شركة عقارية رائدة تقدم خدمات شاملة في شراء وبيع وتأجير واستثمار العقارات. نحن ملتزمون بتقديم حلول احترافية تلبي الاحتياجات المتنوعة لعملائنا، مما يضمن تجربة سلسة
ونتائج استثنائية. بفضل فريق من المحترفين ذوي الخبرة وشبكة عالمية واسعة، نتفوق في تقديم فرص استثمارية مبتكرة في العقارات السكنية الفاخرة،
والمشاريع التجارية، والتطويرات غير المكتملة. نحن نقدم تحليلات سوقية دقيقة، وتسويق استراتيجي، وتفاوضات خبيرة لضمان أفضل النتائج لكل من المشترين والبائعين. بالإضافة إلى ذلك، نقدم خدمات تأجير مخصصة لمالكي العقارات والمستأجرين، مما يضمن توافق الاتفاقيات مع متطلبات العملاء المحددة.",Created,2026-02-04 05:00,,
AP799734,81CM9T8DDN63UE7M.png (https://v5.airtableusercontent.com/v3/u/51/51/1773748800000/6ac7TxC5qhkyKxuql1pXIQ/paC7x7swVj-apLU1JonE83_OeuGdLh2bQWewUCZbUDnnnyxHgbc91Pw7BhsmcYVCvHf1mDdUWlvoUbfrEQ1GOjccAUFgk6Mkx6yFV4T9v7KNY7BEPjkInU-Y0Jaex3EQFw4HYqXewRfnI95Bv5Os2Q/KDkPlxpoVv9Nmr1CwiLkCcmDNC3KiXNhbpQXMoT5Zvw),https://aqaryaid.com/en/listing/temp/unit/0?ref=AP799734,Bloom Living,شقة عصرية بغرفة نوم واحدة | مرافق ممتازة | معيشة راقية,"Aqary Real Estate is delighted to present this one Bedroom comes with 2 bathrooms apartment at Bloom Living.
Khalifa City, Zayed City, Abu Dhabi. Situated in a peaceful community with expansive green spaces and excellent amenities, it’s the perfect choice for a comfortable and fulfilling lifestyle.

Features:
- Master Bedroom
- Living / dinning
- Modern kitchen
- Powder Room
-  Balcony

Amenities:
- Community parks
- Kids Play Area
- Swimming Pools
- Retail and Restaurants
- International Schools
- Walking and Running Track
- Parking Space

For Contact AQARY REAL ESTATE INVESTMENT: 026151222

AQARY Investment and Development is a premier real estate company specializing in buying, selling, leasing, and investing in luxury properties,
commercial projects, and off-plan developments. We offer tailored solutions, expert market analysis, strategic marketing, and negotiations to ensure optimal results for our clients.",,apartment,Luxury,2,"شركة عقاري العقارية يسعدها أن تقدم هذه الشقة المميزة في بلوم ليفينغ. تقع في مجتمع هادئ يتميز بمساحات خضراء واسعة ومرافق ممتازة، مما يجعلها الخيار الأمثل لحياة مريحة ومليئة بالرفاهية.

المميزات:
- غرفة نوم رئيسية
- مساحة معيشة وغرفة طعام
- مطبخ حديث
- بلكونة

المرافق:
- حدائق مجتمعية
- منطقة ألعاب للأطفال
- حمامات سباحة
- متاجر ومطاعم
- مدارس دولية
- مسارات للمشي والجري
- مواقف سيارات

شركة عقاري للاستثمار والتطوير العقاري ذ.م.م
للتواصل: 026151222

شركة عقاري للاستثمار والتطوير هي شركة عقارية رائدة متخصصة في شراء وبيع وتأجير والاستثمار في العقارات الفاخرة، والمشاريع التجارية، والتطويرات على المخطط. نقدم حلولاً مخصصة، وتحليلات سوقية متخصصة، وتسويق استراتيجي، ومفاوضات لضمان تحقيق أفضل النتائج لعملائنا.",Created,2026-02-04 05:00,,
TH462944,TW9DSYPAL68ZCV07.png (https://v5.airtableusercontent.com/v3/u/51/51/1773748800000/Dtfeo-3GVUIc4IUyaXrdHg/Ilspq3nADXlonlgtEkdfA3F-rEipHwFoYjQP5SxxL-IbQxu7QUuIk3ukkhOsC6yM2sfmoP2SRbP2c7EYatB7YvyZwvxEoWsW0nipCQ8UubKZ7MVaVmi3Ujffl0f6zuwOEIcYwTZFABE07ox4lx1_IA/6JIaTg-f3Mt0mAkxYVpE9LjQ9YYY7R_f_oa1OkKv_yY),https://aqaryaid.com/en/listing/temp/unit/0?ref=TH462944,Bloom Living,سنجل روو | تاون هاوس من غرفتين | قريب من البحيرة,"Seville at Bloom Living is a premium residential development located in Zayed City, Abu Dhabi. 
It features Mediterranean-inspired architecture and stunning lake views. 


The townhouse consists of:

Ground Floor:

- Living / Dining area
- Kitchen
- Maid’s room
- Powder room

First Floor:

- 2 Master bedrooms

Outside Area:

- Garden
- Parking area

Amenities & Facilities:

- Central lake
- Swimming pool
- BBQ and picnic areas
- Gymnasium
- Children's playground
- Jogging track
- Community center


AQARY REAL ESTATE INVESTMENT AND DEVELOPMENT - L.L.C
For Contact AQARY REAL ESTATE INVESTMENT: 026151222 

AQARY Investment and Development is a premier real estate company specializing in buying, selling, leasing, and investing in luxury properties, commercial projects, and off-plan developments. We offer tailored solutions, expert market analysis, strategic marketing, and negotiations to ensure optimal results for our clients.",,townhouse,Luxury,3,"إشبيلية في Bloom Living هو مشروع سكني فاخر يقع في مدينة زايد، أبوظبي، ويتميز بتصميم معماري مستوحى من الطراز المتوسطي وإطلالات خلابة على البحيرة.

يتكون التاونهاوس من:

الطابق الأرضي:

غرفة معيشة / طعام
مطبخ
غرفة خادمة
حمّام ضيوف

الطابق الأول:

غرفتا نوم ماستر

المنطقة الخارجية:

حديقة
مواقف سيارات

المرافق والخدمات:
- بحيرة مركزية
- مسبح
- مناطق للشواء والرحلات
- صالة رياضية
- ملعب للأطفال
- مضمار للجري
- مركز مجتمعي


عقاري للاستثمار والتطوير العقاري ذ.م.م
للتواصل مع عقاري للاستثمار العقاري: ‎026151222

تعد عقاري للاستثمار والتطوير شركة رائدة في مجال العقارات، متخصصة في البيع والشراء والتأجير والاستثمار في العقارات الفاخرة والمشاريع التجارية والتطويرات قيد الإنشاء. نقدم حلولاً مصممة خصيصًا، وتحليلات سوقية دقيقة، واستراتيجيات تسويق وتفاوض احترافية لضمان أفضل النتائج لعملائنا.",Created,2026-02-04 05:00,,
AP939035,1PTSB4YRTIO9B3EN.png (https://v5.airtableusercontent.com/v3/u/51/51/1773748800000/YoA-Z35OhhjY_D5ryUdC_w/h0Fy4Rt6qCf35yrqPTtRXn47vUmzkwy17MGD0cZzxe_4CKMb8KXJQ9vNqHDOyEbHurOYw3Anjs2fNBuaZ6pqcK7kpvLNZJGk7E0eqTULMNuzJm3Vf7vOS-WCvuQ4kTDsL3HwmPp__ELU9WP1tz_ENA/6kwkq2mZLSKAVaLfNoBkJx5vH7s0PsgYUv3CLUYRAXw),https://aqaryaid.com/en/listing/temp/unit/0?ref=AP939035,Bloom Living,افضل سعر | استوديو فاخر | تشطيب عصري ,"Bloom Living, a remarkable offering by Aqary Real Estate Investment and Development. Set in a tranquil community with abundant green spaces and top-notch amenities, it's the perfect spot to embrace a comfortable and fulfilling lifestyle. 

The studio consists of:

* Sleeping/Living/Dining area
* Kitchen
* Balcony
* Bathroom

Amenities:

- Community parks
- Kids Play Area
- Swimming Pools
- Retail and Restaurants
- International Schools
- Walking and Running Track
- Parking Space

AQARY REAL ESTATE INVESTMENT AND DEVELOPMENT - L.L.C
For Contact AQARY REAL ESTATE INVESTMENT: 026151222 

AQARY Investment and Development is a premier real estate company specializing in buying, selling, leasing, and investing in luxury properties, commercial projects, and off-plan developments. We offer tailored solutions, expert market analysis, strategic marketing, and negotiations to ensure optimal results for our clients.
",,apartment,,1,"بلوم ليفينج، عرض رائع من أقاري للاستثمار والتطوير العقاري. يقع في مجتمع هادئ مع مساحات خضراء واسعة ومرافق عالية المستوى، مما يجعله المكان المثالي لعيش حياة مريحة ومرضية.

يتكون الاستوديو من :-

- منطقة نوم/معيشة/طعام
- مطبخ
- بلكونة
- حمام

المرافق :-

- حدائق مجتمعية
- منطقة لعب للأطفال
- حمامات سباحة
- متاجر ومطاعم
- مدارس دولية
- مسارات للمشي والجري
- مواقف سيارات

شركة عقاري إنفيستمنت آند ديفيلوبمنت - ذ.ذ.م
للتواصل مع عقاري إنفيستمنت آند ديفيلوبمنت: 026151222

شركة عقاري إنفيستمنت آند ديفيلوبمنت هي شركة عقارية رائدة تقدم خدمات شاملة في شراء وبيع وتأجير واستثمار العقارات. نحن ملتزمون بتقديم حلول احترافية تلبي الاحتياجات المتنوعة لعملائنا، مما يضمن تجربة سلسة ونتائج استثنائية. بفضل فريق من المحترفين ذوي الخبرة وشبكة عالمية واسعة، نتفوق في تقديم فرص استثمارية مبتكرة في العقارات السكنية الفاخرة، والمشاريع التجارية، والتطويرات غير المكتملة. نحن نقدم تحليلات سوقية دقيقة، وتسويق استراتيجي، وتفاوضات خبيرة لضمان أفضل النتائج لكل من المشترين والبائعين. بالإضافة إلى ذلك، نقدم خدمات تأجير مخصصة لمالكي العقارات والمستأجرين، مما يضمن توافق الاتفاقيات مع متطلبات العملاء المحددة",Created,2026-02-04 05:00,,
AP669840,57IJH00N2OHK7CDJ.png (https://v5.airtableusercontent.com/v3/u/51/51/1773748800000/wHfjsBWHBYNNYXBMJZoB3w/XqCkw6c2QdVpukVOw-yD5IJJ1OzQ76hWHveZLbdboqvuenB-dZOwMbWnbGna3BE5i9gPVX-77Ur-QlknNS6oPfbPdDKzaSPLZ4JQWwNQZ2sKWDmw-kHB1CakiHZ-iT6NLT61dbkKWLkxh6O4dbAXBQ/40IM_S8IvNC1oAQV-ui3lufreWu7vi1B7Ymrj5Wx71k),https://aqaryaid.com/en/listing/temp/unit/0?ref=AP669840,Bloom Living,شقة غرفة نوم واحدة أنيقة | غرناطة | منطقة مميزة,"Bloom Living, a remarkable offering by Aqary Real Estate Investment and Development. Set in a tranquil community with abundant green spaces and top-notch amenities, it's the perfect spot to embrace a comfortable and fulfilling lifestyle.

Features:

- Master Bedroom
- Powder Room
- Living & Dining
- Kitchen
-Balcony

Amenities:

- Community parks
-Kids Play Area
-Swimming Pools
-Retail and Restaurants
-International Schools
-Walking and Running Track
-Parking Space

AQARY REAL ESTATE INVESTMENT AND DEVELOPMENT - L.L.C
For Contact AQARY REAL ESTATE INVESTMENT: 026151222

AQARY Investment and Development is a premier real estate company specializing in buying, selling, leasing, and investing in luxury properties,
commercial projects, and off-plan developments. We offer tailored solutions, expert market analysis, strategic marketing, and negotiations to ensure optimal results for our clients.",,apartment,,2,"بلوم ليفينج، عرض مميز من شركة عقاري للاستثمار والتطوير العقاري. يقع المشروع في مجتمع هادئ يتميز بمساحات خضراء واسعة ومرافق فائقة الجودة، مما يجعله المكان المثالي لعيش حياة مريحة ومليئة بالرفاهية.

المميزات:

غرفة نوم رئيسية

حمام ضيوف

غرفة معيشة وغرفة طعام

مطبخ

شرفة

المرافق:

حدائق مجتمعية

منطقة ألعاب للأطفال

حمامات سباحة

متاجر ومطاعم

مدارس دولية

مسارات للمشي والجري

مواقف سيارات

شركة عقاري للاستثمار والتطوير العقاري ذ.م.م
للتواصل: 026151222

شركة عقاري للاستثمار والتطوير هي شركة رائدة متخصصة في شراء وبيع وتأجير والاستثمار في العقارات الفاخرة، والمشاريع التجارية، والتطويرات على المخطط. نقدم حلولاً مخصصة، تحليلات سوقية متخصصة، تسويق استراتيجي، ومفاوضات لضمان تحقيق أفضل النتائج لعملائنا.",Created,2026-02-04 05:00,,
VH58147867,,https://aqaryaid.com/en/listing/temp/unit/0?ref=VH58147867,Bloom Living,فيلا سنجل روو من 3 غرف | مساحة ساشعة | التسليم قريبا,"Unit Features: 

Ground Floor:
* Living / Dining Area with Terrace
* Kitchen
* Maid's Room with Bathroom
* Storage
* Powder Room
First Floor:
* 3 Master Bedrooms
* Living Area
External Area:
*Parking

Amenities:

* Central lake
* Swimming pool
* BBQ and picnic areas
* Gymnasium
* Children's playground
* Jogging track
* Community center

For Contact AQARY REAL ESTATE INVESTMENT: 026151222

Toledo by Bloom Holding is a remarkable residential development offering 2 to 5-bedroom villas and townhouses at Bloom Living in Abu Dhabi. The design of the community is inspired by Mediterranean Spanish architecture and spans across 2.2 million square meters.
The project features homes designed with meticulous care, providing a wide range of options for people seeking an exceptional place to live. Residents can enjoy a luxurious lifestyle with their families and loved ones, creating unforgettable memories in a serene environment.
These stunning villas make an excellent gift for your loved ones, one that will be cherished for a lifetime. The unique and inspiring community offers a comfortable, safe, and private living experience, making it an ideal choice for families, especially for those with children.
In addition to luxurious living, residents can form meaningful connections with their friendly neighbors, enhancing the sense of community. The natural beauty of the area is another major attraction, as the entire community is enveloped in lush greenery. The peaceful surroundings foster relaxation and stress-free living, providing an exclusive lifestyle for those fortunate enough to call it home.

AQARY Investment and Development is a premier real estate company specializing in buying, selling, leasing, and investing in luxury properties, commercial projects, and off-plan developments. We offer tailored solutions, expert market analysis, strategic marketing, and negotiations to ensure optimal results for our clients.",,villa,Luxury,5,"ميزات الوحدة:

الطابق الأرضي:
* غرفة معيشة / طعام مع تراس
* مطبخ
* غرفة خادمة مع حمام
* غرفة تخزين
* تواليت
الطابق الأول:
* 3 غرف نوم ماستر
* غرفة معيشة
المساحة الخارجية:
* باركينج

وسائل الراحة:
* بحيرة مركزية
* مسبح
* مناطق للشواء والتنزه
* صالة رياضية
* ملعب للأطفال
* مسار للجري
* مركز مجتمعي


للتواصل مع عقاري للاستثمار العقاري: 026151222

توليدو من بلوم هولدينغ هو مشروع سكني رائع يضم فيلات ومنازل متلاصقة تتراوح من 2 إلى 5 غرف نوم في بلوم ليفينج في أبوظبي. تم استلهام تصميم المجتمع من العمارة الإسبانية المتوسطية، ويمتد المشروع على مساحة 2.2 مليون متر مربع.
يتضمن المشروع منازل مصممة بعناية لتوفير مجموعة متنوعة من الخيارات لأولئك الذين يبحثون عن مكان استثنائي للاستقرار. يمكن للسكان التمتع بأسلوب حياة فاخر مع عائلاتهم وأحبائهم، وخلق ذكريات لا تُنسى في بيئة هادئة.
تعتبر هذه الفيلات الرائعة هدية ممتازة لأحبائك، هدية ستحظى بتقديرهم مدى الحياة. المجتمع الفريد والملهم يقدم تجربة سكنية مريحة وآمنة وخاصة، مما يجعله خيارًا مثاليًا للعائلات، وخاصة لأولئك الذين لديهم أطفال.
بالإضافة إلى أسلوب الحياة الفاخر، يمكن للسكان إقامة علاقات عميقة مع جيرانهم الودودين، مما يعزز شعور المجتمع. الجمال الطبيعي في المنطقة هو أحد أبرز معالم هذا المشروع، حيث يحيط بالمجتمع بأسره المساحات الخضراء الوفيرة. هذه الأجواء الهادئة تساعد على الاسترخاء والتخلص من التوتر، مما يوفر أسلوب حياة حصري لأولئك الذين يُحالفهم الحظ للعيش هنا.


عقاري للاستثمار والتطوير هي شركة رائدة في مجال العقارات، متخصصة في شراء وبيع وتأجير واستثمار العقارات الفاخرة والمشاريع التجارية والمشاريع على المخطط.
نقدم حلولًا مخصصة، وتحليلات دقيقة للسوق، وتسويقًا استراتيجيًا، ومهارات تفاوض عالية لضمان أفضل النتائج لعملائنا.",Created,2026-01-19 05:00,,
AP832911,W85K4VNOWAU1M0K2.png (https://v5.airtableusercontent.com/v3/u/51/51/1773748800000/KA-HSntniX2B9-VwwilL1g/u1OD_XxfjUJ71Vdf8jxrqoBL1DKEPhp0Br46MjWtN9hZlQhaxuykw242C0xjTCGqF9AkgVcnRwpSqUm--Us_MUCB4hckJwwgvuqonIZbpZH43cedZ-VEjlEDaKt_5QYV8PXa4kBasUfhGrfKT1Dp6w/Yu5b8w7QktqwgweGpg3EXybvjQAx_ZDsq4ZGGSZWRbk),https://aqaryaid.com/en/listing/temp/unit/0?ref=AP832911,Bloom Living,استوديو واسع | إطلالة مثالية | افضل سعر ,"Aqary Real Estate is delighted to present this Studio apartment at Bloom Living. Situated in a peaceful community with expansive green spaces and excellent amenities, it’s the perfect choice for a comfortable and fulfilling lifestyle.

Features:
- Master Bedroom
-living / dinning 
- Modern kitchen  
- Balcony  

Amenities:
- Community parks
-Kids Play Area
-Swimming Pools
-Retail and Restaurants
-International Schools
-Walking and Running Track
-Parking Space

AQARY REAL ESTATE INVESTMENT AND DEVELOPMENT - L.L.C
For Contact AQARY REAL ESTATE INVESTMENT: 026151222

AQARY Investment and Development is a premier real estate company specializing in buying, selling, leasing, and investing in luxury properties,
commercial projects, and off-plan developments. We offer tailored solutions, expert market analysis, strategic marketing, and negotiations to ensure optimal results for our clients.",,apartment,Luxury,1,"تسر شركة عقاري العقارية أن تقدم هذه الشقة الاستوديو في بلوم ليفينج. تقع في مجتمع هادئ يتميز بمساحات خضراء واسعة ومرافق ممتازة، مما يجعلها الخيار الأمثل لحياة مريحة ومليئة بالرفاهية.

المميزات:

مساحة معيشة
مطبخ حديث
شرفة


المرافق:

حدائق مجتمعية
منطقة ألعاب للأطفال
حمامات سباحة
متاجر ومطاعم
مدارس دولية
مسارات للمشي والجري

مواقف سيارات
شركة عقاري إنفيستمنت آند ديفيلوبمنت - ذ.ذ
للتواصل مع عقاري إنفيستمنت آند ديفيلوبمنت: 026151222

شركة عقاري إنفيستمنت آند ديفيلوبمنت هي شركة عقارية رائدة تقدم خدمات شاملة في شراء وبيع وتأجير واستثمار العقارات. نحن ملتزمون بتقديم حلول احترافية تلبي الاحتياجات المتنوعة لعملائنا، مما يضمن تجربة سلسة
ونتائج استثنائية. بفضل فريق من المحترفين ذوي الخبرة وشبكة عالمية واسعة، نتفوق في تقديم فرص استثمارية مبتكرة في العقارات السكنية الفاخرة،
والمشاريع التجارية، والتطويرات غير المكتملة. نحن نقدم تحليلات سوقية دقيقة، وتسويق استراتيجي، وتفاوضات خبيرة لضمان أفضل النتائج لكل من المشترين والبائعين. بالإضافة إلى ذلك، نقدم خدمات تأجير مخصصة لمالكي العقارات والمستأجرين، مما يضمن توافق الاتفاقيات مع متطلبات العملاء المحددة.",Created,2026-02-04 05:00,,
AP723344,D2PFHF4Z60OLFRYU.png (https://v5.airtableusercontent.com/v3/u/51/51/1773748800000/ZOdfPjFnYuB82-UR24n5-g/l9d75a8bNuTIoKAi7ENbXHGUs4TmO5tBEGC61Us3F1pE2FS-QAVKw_7litjrYt9Z1_gpqlvR3gSpoJugKmOd5k5UTIZ7g-Qb6D2mRa_RD5tIs-7KTS2sADrI0c7CSzLNf3EPYHrNWYf3XVv9MUu3xQ/_m7J9u1hfS4SeshNbBtr1d52fz--A25ZR11n0TqxM38),https://aqaryaid.com/en/listing/temp/unit/0?ref=AP723344,Bloom Living,غرناطة | غرفة نوم واحدة | حياة فاخرة,"Aqary Real Estate is delighted to present this one Bedroom apartment at Bloom Living. Situated in a peaceful community with expansive green spaces and excellent amenities, it’s the perfect choice for a comfortable and fulfilling lifestyle.

Features:
- Master Bedroom
-living / dinning 
- Modern kitchen  
-Powder Room
-  Balcony  

Amenities:
- Community parks
-Kids Play Area
-Swimming Pools
-Retail and Restaurants
-International Schools
-Walking and Running Track
-Parking Space

AQARY REAL ESTATE INVESTMENT AND DEVELOPMENT - L.L.C : 026151222

AQARY Investment and Development is a premier real estate company specializing in buying, selling, leasing, and investing in luxury properties,
commercial projects, and off-plan developments. We offer tailored solutions, expert market analysis, strategic marketing, and negotiations to ensure optimal results for our clients.",,apartment,Luxury,2,"شركة عقاري العقارية يسعدها أن تقدم هذه الشقة المميزة في بلوم ليفينج. تقع في مجتمع هادئ يتميز بمساحات خضراء واسعة ومرافق ممتازة، مما يجعلها الخيار الأمثل لحياة مريحة ومليئة بالرفاهية.

المميزات:

غرفة نوم رئيسية

مساحة معيشة وغرفة طعام

مطبخ حديث

شرفة

موقف سيارة واحد

المرافق:

حدائق مجتمعية

منطقة ألعاب للأطفال

حمامات سباحة

متاجر ومطاعم

مدارس دولية

مسارات للمشي والجري

مواقف سيارات

شركة عقاري للاستثمار والتطوير العقاري ذ.م.م
للتواصل: 026151222

شركة عقاري للاستثمار والتطوير هي شركة عقارية رائدة متخصصة في شراء وبيع وتأجير والاستثمار في العقارات الفاخرة، والمشاريع التجارية، والتطويرات على المخطط. نقدم حلولاً مخصصة، وتحليلات سوقية متخصصة، وتسويق استراتيجي، ومفاوضات لضمان تحقيق أفضل النتائج لعملائنا.",Created,2026-02-04 05:00,,
AP159282,X9OOARTWWCJ9C56D.png (https://v5.airtableusercontent.com/v3/u/51/51/1773748800000/KL9nxl8CyLK1Nf5STTOuLg/6xNlQV6JbDcbcRi6GkwzxnWkOF_OshmG0XqRo_--mLjqt5G_WIzeLj3y9ZN9jS3wlpHwfo1f0H4Bbu6Bk2KEhpodaO8_Cs0YAETJW4qdW5Q2BJMhwkIXyQvd_AOWLHWXapNsQVkn79NOCBhtSuqv0Q/YneorBihQ2oE2Ans4z9aii7z0eR-WmiswRZmvF2fATM),https://aqaryaid.com/en/listing/temp/unit/0?ref=AP159282,Bloom Living,غرفة نوم واحدة | إطلالة على الحديقة | غرناطة,"Aqary Real Estate is delighted to present this one Bedroom comes with 2 bathrooms apartment at Bloom Living.
Khalifa City, Zayed City, Abu Dhabi. Situated in a peaceful community with expansive green spaces and excellent amenities, it’s the perfect choice for a comfortable and fulfilling lifestyle.

Features:
- Master Bedroom
- Living / dinning 
- Modern kitchen  
- Powder Room
-  2 Balcony  

Amenities:
- Community parks
- Kids Play Area
- Swimming Pools
- Retail and Restaurants
- International Schools
- Walking and Running Track
- Parking Space

For Contact AQARY REAL ESTATE INVESTMENT: 026151222

AQARY Investment and Development is a premier real estate company specializing in buying, selling, leasing, and investing in luxury properties,
commercial projects, and off-plan developments. We offer tailored solutions, expert market analysis, strategic marketing, and negotiations to ensure optimal results for our clients.",,apartment,,2,"شركة عقاري العقارية يسعدها أن تقدم هذه الشقة المميزة في بلوم ليفينغ. تقع في مجتمع هادئ يتميز بمساحات خضراء واسعة ومرافق ممتازة، مما يجعلها الخيار الأمثل لحياة مريحة ومليئة بالرفاهية.

المميزات:
- غرفة نوم رئيسية
- مساحة معيشة وغرفة طعام
- مطبخ حديث
- شرفتين

المرافق:
- حدائق مجتمعية
- منطقة ألعاب للأطفال
- حمامات سباحة
- متاجر ومطاعم
- مدارس دولية
- مسارات للمشي والجري
- مواقف سيارات

شركة عقاري للاستثمار والتطوير العقاري ذ.م.م
للتواصل: 026151222

شركة عقاري للاستثمار والتطوير هي شركة عقارية رائدة متخصصة في شراء وبيع وتأجير والاستثمار في العقارات الفاخرة، والمشاريع التجارية، والتطويرات على المخطط. نقدم حلولاً مخصصة، وتحليلات سوقية متخصصة، وتسويق استراتيجي، ومفاوضات لضمان تحقيق أفضل النتائج لعملائنا.",Created,2026-02-04 05:00,,
AP946730,JNLMPZQIA43DHX6T.png (https://v5.airtableusercontent.com/v3/u/51/51/1773748800000/KlROurlF612n69HlH2nVOw/VhdCEJffCNt9fLbKXZHn28sjWRbym2gCMxfMP3-0to0QuZ8lz6EI3UJzWk8svqM1pvq5eiibCNF3UDzv7y9uFCIVsQGExXKC-Ki3-V2Qr5aFP96KyE-frvORU5jTfUOPluVNp3I5bXgTl351tJmFfg/A16wSOKWrTF9_gm8WoaFqCMlRS1XuzBHNcOHjpnqJnc),https://aqaryaid.com/en/listing/temp/unit/0?ref=AP946730,Bloom Living,شقة غرفتين نوم ساحرة | موقع مثالي | غرناطة,"Aqary Real Estate is delighted to present this Two Bedroom + Maid apartment at Bloom Living. Situated in a peaceful community with expansive green spaces and excellent amenities, it’s the perfect choice for a comfortable and fulfilling lifestyle.

Features:
- 2 Bedroom
-Maid room
-living / dinning 
- Modern kitchen  
- 2 Balcony  

Amenities:
- Community parks
-Kids Play Area
-Swimming Pools
-Retail and Restaurants
-International Schools
-Walking and Running Track
-Parking Space

For Contact AQARY REAL ESTATE INVESTMENT: 026151222

AQARY Investment and Development is a premier real estate company specializing in buying, selling, leasing, and investing in luxury properties,
commercial projects, and off-plan developments. We offer tailored solutions, expert market analysis, strategic marketing, and negotiations to ensure optimal results for our clients.",,apartment,Luxury,3,"تسر شركة عقاري العقارية أن تقدم هذه الشقة ذات غرفتي نوم في بلوم ليفينج. تقع في مجتمع هادئ يتميز بمساحات خضراء واسعة ومرافق ممتازة، مما يجعلها الخيار الأمثل لحياة مريحة ومليئة بالرفاهية.

المميزات:

غرفتا نوم
غرفة خادمة
حمام ضيوف
غرفة معيشة وغرفة طعام
مطبخ
شرفتان



المرافق:
حدائق مجتمعية
منطقة ألعاب للأطفال
حمامات سباحة
متاجر ومطاعم
مدارس دولية
مسارات للمشي والجري
مواقف سيارات

للتواصل مع عقاري إنفيستمنت آند ديفيلوبمنت: 026151222

شركة عقاري إنفيستمنت آند ديفيلوبمنت هي شركة عقارية رائدة تقدم خدمات شاملة في شراء وبيع وتأجير واستثمار العقارات. نحن ملتزمون بتقديم حلول احترافية تلبي الاحتياجات المتنوعة لعملائنا، مما يضمن تجربة سلسة
ونتائج استثنائية. بفضل فريق من المحترفين ذوي الخبرة وشبكة عالمية واسعة، نتفوق في تقديم فرص استثمارية مبتكرة في العقارات السكنية الفاخرة،
والمشاريع التجارية، والتطويرات غير المكتملة. نحن نقدم تحليلات سوقية دقيقة، وتسويق استراتيجي، وتفاوضات خبيرة لضمان أفضل النتائج لكل من المشترين والبائعين. بالإضافة إلى ذلك، نقدم خدمات تأجير مخصصة لمالكي العقارات والمستأجرين، مما يضمن توافق الاتفاقيات مع متطلبات العملاء المحددة.",Created,2026-02-04 05:00,,
AP824237,MKCLHJS7F4CV81ZA.png (https://v5.airtableusercontent.com/v3/u/51/51/1773748800000/qvqp6GSIU3M66y4-3zJGDg/qspc5CYIbYHZv2tBhqNSOlPNNf2KAtR_ob440anfExBqVTQ_psLXDyL8Zda3KowBken4Z7YCNFndvbJCuns1YTx6YQQBQYcX2VhCdvtDQ9Bp7F4MmFbo0DYPDOSdsrdenG_UICzgY24QVl6nLvZwew/W6uvAJVlSWngeaCTQIy2nc-8LD_pluYF8F8xvhu-IDo),https://aqaryaid.com/en/listing/temp/unit/0?ref=AP824237,Bloom Living,استثمر الان | مساحة واسعة | تطشيب عصري ,"Discover contemporary comfort in this modern 2-bedroom apartment located in the Granada cluster of Bloom Living, one of Abu Dhabi’s most sought-after communities. Designed with elegance and functionality in mind, this home offers spacious interiors, high-quality finishes, and access to world-class facilities — ideal for both families and investors. 

The apartment consists of:

- Master bedroom
- Living / dining area
- Kitchen
- Laundry area
- Powder room
- Balcony

FACILITIES & AMENITIES:

- Cycling Tracks
- Schools
- Pet Friendly
- Yoga Park
- Children’s Play Areas
- Pools
- Shaded Pathways


AQARY REAL ESTATE INVESTMENT AND DEVELOPMENT - L.L.C
For Contact AQARY REAL ESTATE INVESTMENT: 026151222 

AQARY Investment and Development is a premier real estate company specializing in buying, selling, leasing, and investing in luxury properties, commercial projects, and off-plan developments. We offer tailored solutions, expert market analysis, strategic marketing, and negotiations to ensure optimal results for our clients.",,apartment,,2,"اكتشف راحة عصرية في هذه الشقة الحديثة المكونة من غرفتي نوم، والواقعة في مجمّع **غرناطة** ضمن مشروع **بلوم ليفينغ**، إحدى أكثر المجتمعات السكنية طلباً في أبوظبي. صُممت هذه الشقة بعناية تجمع بين الأناقة والوظائف العملية، وتوفّر مساحات داخلية واسعة، وتشطيبات عالية الجودة، مع إمكانية الوصول إلى مرافق عالمية المستوى — ما يجعلها مثالية للعائلات والمستثمرين على حدّ سواء.

تتكون الشقة من:

- غرفة نوم ماستر
- منطقة معيشة / طعام
- مطبخ
- منطقة غسيل
- غرفة غسيل 
 - باودر روم
- بلكونة

المرافق والخدمات:

- مسارات للدراجات
- مدارس
- صديقة للحيوانات الأليفة
- حديقة يوغا
- مناطق لعب للأطفال
- مسابح
- ممرات مظللة

شركة عقاري إنفيستمنت آند ديفيلوبمنت - ذ.ذ.م
للتواصل مع عقاري إنفيستمنت آند ديفيلوبمنت: 026151222

شركة عقاري إنفيستمنت آند ديفيلوبمنت هي شركة عقارية رائدة تقدم خدمات شاملة في شراء وبيع وتأجير واستثمار العقارات. نحن ملتزمون بتقديم حلول احترافية تلبي الاحتياجات المتنوعة لعملائنا، مما يضمن تجربة سلسة ونتائج استثنائية. بفضل فريق من المحترفين ذوي الخبرة وشبكة عالمية واسعة، نتفوق في تقديم فرص استثمارية مبتكرة في العقارات السكنية الفاخرة، والمشاريع التجارية، والتطويرات غير المكتملة. نحن نقدم تحليلات سوقية دقيقة، وتسويق استراتيجي، وتفاوضات خبيرة لضمان أفضل النتائج لكل من المشترين والبائعين. بالإضافة إلى ذلك، نقدم خدمات تأجير مخصصة لمالكي العقارات والمستأجرين، مما يضمن توافق الاتفاقيات مع متطلبات العملاء المحددة
",Created,2026-02-04 05:00,,
AP736214,J81R8KZVIR6BZ4FE.png (https://v5.airtableusercontent.com/v3/u/51/51/1773748800000/W37KM752V0qYZx6wWDOAHg/ZwvUvoSwH8IfTlf-OAjXxsxbKWjZZSa1nR0Gs4ZPCjQ7alM1XjYg6aki-DbB4Iaj9LnHaocxygiZTfFNh4g-HKQ8tk6OHEMeaXBG8Qc7tUxe3k2GFXdKpyt_7ZKC9fYJKkCik25NYHu5U9MIiSw50A/_3F77LV_kMa3B8MUs7she3GKo4c5lSO7_u9Q6_EO-ik),https://aqaryaid.com/en/listing/temp/unit/0?ref=AP736214,Bloom Living,استثمر الان | شقة فاخرة | عائد استثماري عالي,"Bloom Living presents an array of contemporary and sophisticated residential units, meticulously designed to accommodate diverse lifestyles. This development strives to offer a comfortable and convenient living experience within a tranquil and family-friendly environment. 

The apartment consists of :-

- Master bedroom with terrace
- Living/Dining area with terrace
- Kitchen
- Laundry area
- Bathroom
- Powder room

FACILITIES & AMENITIES :-

- Cycling Tracks
- Schools
- Pet Friendly
- Yoga Park
- Children’s Play Areas
- Pools
- Shaded Pathways


AQARY REAL ESTATE INVESTMENT AND DEVELOPMENT - L.L.C
For Contact AQARY REAL ESTATE INVESTMENT: 026151222 

AQARY Investment and Development is a premier real estate company specializing in buying, selling, leasing, and investing in luxury properties, commercial projects, and off-plan developments. We offer tailored solutions, expert market analysis, strategic marketing, and negotiations to ensure optimal results for our clients.",,apartment,,3,"بلووم ليفينج تقدم مجموعة من الوحدات السكنية المعاصرة والأنيقة، مصممة بعناية لتلبي أنماط حياة مختلفة. يسعى هذا المشروع لتقديم تجربة سكنية مريحة وميسرة داخل بيئة هادئة وصديقة للعائلة.

تتكون الشقة من:

-غرفة نوم ماستر مع تيراس
- منطقة معيشة / طعام مع تيراس
- مطبخ
- منطقة غسيل
- حمام
- باودر روم

المرافق والخدمات:

- مسارات ركوب الدراجات
- مدارس
- صديق للحيوانات الأليفة
- حديقة يوجا
- مناطق لعب للأطفال
- مسابح
- ممرات مظللة

شركة عقاري إنفيستمنت آند ديفيلوبمنت - ذ.ذ.م
للتواصل مع عقاري إنفيستمنت آند ديفيلوبمنت: 026151222

شركة عقاري إنفيستمنت آند ديفيلوبمنت هي شركة عقارية رائدة تقدم خدمات شاملة في شراء وبيع وتأجير واستثمار العقارات. نحن ملتزمون بتقديم حلول احترافية تلبي الاحتياجات المتنوعة لعملائنا، مما يضمن تجربة سلسة ونتائج استثنائية. بفضل فريق من المحترفين ذوي الخبرة وشبكة عالمية واسعة، نتفوق في تقديم فرص استثمارية مبتكرة في العقارات السكنية الفاخرة، والمشاريع التجارية، والتطويرات غير المكتملة. نحن نقدم تحليلات سوقية دقيقة، وتسويق استراتيجي، وتفاوضات خبيرة لضمان أفضل النتائج لكل من المشترين والبائعين. بالإضافة إلى ذلك، نقدم خدمات تأجير مخصصة لمالكي العقارات والمستأجرين، مما يضمن توافق الاتفاقيات مع متطلبات العملاء المحددة",Created,2026-02-04 05:00,,
AP775966,QM2BB9JESBFANL7M.png (https://v5.airtableusercontent.com/v3/u/51/51/1773748800000/tW_5RJ731UHamIs5aPTR6Q/rAp8vRPWyfFXelzePBk_PlDeveb7avDsavtR7HWWyrAq4HDvdvYhO3tmbJ4hfyCP2sUCH0Qo11ra7aKagZLHFp_rds0eqGe_0UTgPA1oxSDBDZJWkBXNhqxXQthXFbwWkGNh5drjlo7_5s1DP2aKRg/-gmUmw8nuf-KGb1-TP_r2r_gWmvBbZkcblKZ6tqIOl8),https://aqaryaid.com/en/listing/temp/unit/0?ref=AP775966,Bloom Living,سعر ممتاز | شقة فاخرة غرفتين نوم | مساحة واسعة ,"Granada Bloom Living is a refined residential development by Bloom Holding, located within the fully integrated Bloom Living community in Zayed City, Abu Dhabi. Inspired by Mediterranean architecture and designed with community-centric living in mind, Granada offers low-rise apartment buildings featuring a variety of layouts, including studios and 1–3 bedroom units. As part of the Bloom Living master plan, residents enjoy access to a vibrant and amenity-rich environment. The project is scheduled for completion in Q4 2026. 


The apartment consists of :-

- Master bedroom with balcony
- Bedroom
- Living / dining area with balcony
- Kitchen
- Laundry area
- Bathroom
- Powder room

AMENITIES AND FEATURES:-

- Mediterranean inspired architecture
- Clubhouse | Pools | Sport's court
- Recreational facilities
- Restaurants and cafés
- Medical clinic | Wellness center
- Supermarket
- Large lake around


AQARY REAL ESTATE INVESTMENT AND DEVELOPMENT - L.L.C
For Contact AQARY REAL ESTATE INVESTMENT: 026151222 

AQARY Investment and Development is a premier real estate company specializing in buying, selling, leasing, and investing in luxury properties, commercial projects, and off-plan developments. We offer tailored solutions, expert market analysis, strategic marketing, and negotiations to ensure optimal results for our clients.",,apartment,,3,"جرانادا بلوم ليفينغ هو مشروع سكني راقٍ من تطوير شركة بلوم القابضة، يقع ضمن مجتمع بلوم ليفينغ المتكامل في مدينة زايد – أبوظبي.
استُلهم تصميم المشروع من العمارة المتوسطية، وصُمم ليعكس أسلوب حياة يتمحور حول المجتمع. يضم المشروع مباني سكنية منخفضة الارتفاع توفر مجموعة متنوعة من التصاميم، تشمل استوديوهات وشققاً من غرفة إلى ثلاث غرف نوم.
كجزء من المخطط الرئيسي لمجتمع بلوم ليفينغ، يتمتع السكان ببيئة نابضة بالحياة وغنية بالمرافق والخدمات. ومن المقرر الانتهاء من المشروع في الربع الرابع من عام 2026.

تتكون الشقة من:

- غرفة نوم ماستر مع بلكونة 
- غرفة نوم
- منطقة معيشة / طعام مع بلكونة 
- مطبخ
- منطقة غسيل
- حمّام
-بودر روم 

المرافق والمميزات:

- تصميم مستوحى من الطراز المتوسطي
- نادي اجتماعي | مسابح | ملعب رياضي
- مرافق ترفيهية
- مطاعم ومقاهٍ
- عيادة طبية | مركز صحي
- سوبرماركت
- بحيرة كبيرة تحيط بالمكان

شركة عقاري إنفيستمنت آند ديفيلوبمنت - ذ.ذ.م
للتواصل مع عقاري إنفيستمنت آند ديفيلوبمنت: 026151222

شركة عقاري إنفيستمنت آند ديفيلوبمنت هي شركة عقارية رائدة تقدم خدمات شاملة في شراء وبيع وتأجير واستثمار العقارات. نحن ملتزمون بتقديم حلول احترافية تلبي الاحتياجات المتنوعة لعملائنا، مما يضمن تجربة سلسة ونتائج استثنائية. بفضل فريق من المحترفين ذوي الخبرة وشبكة عالمية واسعة، نتفوق في تقديم فرص استثمارية مبتكرة في العقارات السكنية الفاخرة، والمشاريع التجارية، والتطويرات غير المكتملة. نحن نقدم تحليلات سوقية دقيقة، وتسويق استراتيجي، وتفاوضات خبيرة لضمان أفضل النتائج لكل من المشترين والبائعين. بالإضافة إلى ذلك، نقدم خدمات تأجير مخصصة لمالكي العقارات والمستأجرين، مما يضمن توافق الاتفاقيات مع متطلبات العملاء المحددة",Created,2026-02-04 05:00,,
AP10417561,,https://aqaryaid.com/en/listing/temp/unit/0?ref=AP10417561,DIVA,شقة أنيقة بغرفتي نوم | إطلالة على المسبح | معيشة راقية في خليج ياس,"Experience elegant waterfront living in this beautifully designed 2-bedroom apartment in Diva at Yas Bay, one of Abu Dhabi’s most vibrant and sought-after communities. Offering the perfect balance of comfort, functionality, and modern design, this home is ideal for both end-users and investors.

Property Features:

2 spacious bedrooms with built-in wardrobes
2 modern bathrooms
Bright open-plan living and dining area
Fully fitted contemporary kitchen with high-quality appliances
Private balcony with community and pool views
Dedicated covered parking space
High-end finishing throughout


Amenities & Facilities:

Swimming pools for adults and children
Fully equipped gymnasium
Landscaped gardens and outdoor seating areas
BBQ areas
Children’s play area
24/7 security and concierge services
Retail and dining options within the community


Location Highlights:

Prime location in Yas Bay, minutes from Yas Mall, Etihad Arena, and Yas Marina
Close to Ferrari World, Warner Bros. World, and Yas Waterworld
Easy access to Abu Dhabi International Airport and major highways


Multiple Units Available in Diva Yas Bay

We currently offer a selection of units in the same project, including:

Studios
1-bedroom apartments
2-bedroom apartments
3-bedroom apartments


Contact us to explore available layouts, prices, and the best options that suit your requirements.

AQARY Real Estate Investment & Development is a premier real estate company specializing in buying, selling, leasing, and investing in luxury residential, commercial, and off-plan properties. We provide tailored solutions, expert market insights, and strategic marketing to achieve optimal results for our clients.

Contact AQARY Real Estate On: 02 615 1222",,apartment,Luxury,2,"اكتشف تجربة الحياة الأنيقة على الواجهة المائية في هذا الشقة المكونة من غرفتين نوم في ديفا ياس باي، واحدة من أكثر المجتمعات حيوية وطلبًا في أبوظبي. تجمع هذه الشقة بين الراحة، الوظائف، والتصميم العصري، ما يجعلها مثالية لكل من المستخدمين النهائيين والمستثمرين.


 مميزات العقار:

غرفتا نوم واسعتي المساحة مع خزائن مدمجة
حمامان عصريان
صالة معيشة وغرفة طعام مفتوحة مشرقة
مطبخ عصري مجهز بالكامل بأجهزة عالية الجودة
شرفة خاصة مطلة على المجتمع والمسبح
موقف سيارات مغطى مخصص
تشطيبات عالية الجودة في جميع أنحاء الشقة


 المرافق والخدمات:

مسابح للكبار والأطفال
صالة ألعاب رياضية مجهزة بالكامل
حدائق ومناظر طبيعية مع مناطق جلوس خارجية
مناطق للشواء (BBQ)
منطقة لعب للأطفال
خدمات أمن واستقبال على مدار 24 ساعة
خيارات التسوق والمطاعم داخل المجتمع


 أبرز معالم الموقع:

موقع متميز في ياس باي، على بعد دقائق من ياس مول، وإيتihad أرينا، وياس مارينا
قريب من عالم فيراري، وعالم وارنر براذرز، وياس ووتر وورلد
وصول سهل إلى مطار أبوظبي الدولي والطرق الرئيسية


 وحدات متعددة متاحة في ديفا ياس باي

نقدم حاليًا مجموعة من الوحدات في نفس المشروع، بما في ذلك:

استوديوهات
شقق بغرفة نوم واحدة
شقق بغرفتين نوم
شقق بثلاث غرف نوم


 تواصل معنا لاستكشاف المخططات والأسعار وأفضل الخيارات التي تناسب احتياجاتك.

شركة عقاري للاستثمار والتطوير العقاري هي شركة رائدة متخصصة في شراء وبيع وتأجير والاستثمار في العقارات السكنية الفاخرة والتجارية والمشاريع قيد الإنشاء. نقدم حلولًا مخصصة، وتحليلات سوقية دقيقة، وتسويق استراتيجي لضمان تحقيق أفضل النتائج لعملائنا.

 للتواصل مع عقاري للاستثمار العقاري:
 02 615 1222",Created,2026-02-03 05:00,,
AP03476490,8MNDUNIIM07RT4JH.png (https://v5.airtableusercontent.com/v3/u/51/51/1773748800000/UHmVy6bzzGvnbjZ5dVFsWg/I9XLVUcPYO8NCFKpfwgGzYr0znnJKAQrrxFf5EQfpsXDh5TCpnnH14PH69fWtUF3Ngpv8_m2lb2XDTAaprmYUvdtZ780WZOwMPa8NfMzkjehG7z-PPFCeuNQg-TYW7cYVaHqyp_DZTUyyIh0vNT66g/O3OD7JOCWDIApKZvTCM8WVHmvy_5mWZB0onwBhnCfPI),https://aqaryaid.com/en/listing/temp/unit/0?ref=AP03476490,Fahid Beach Terraces,امتلك الان | شقة فاخرة غرفة واحدة | افضل سعر,"Welcome to Fahid Island, an exclusive off-plan development that redefines waterfront living in the heart of Abu Dhabi. This stunning new project offers a harmonious blend of modern architecture, serene natural surroundings, and world-class amenities. Whether you're looking for your dream home or a lucrative investment opportunity. Nestled on the pristine shores of Abu Dhabi, Fahid Island offers breathtaking views of the Arabian Gulf and lush green landscapes. 

The apartment consists of:

- Master bedroom with wardrobe
- Living / dining area
- Open kitchen
- Laundry area
- Large balcony
- Powder room

Amenities:
- Gym
- Lobby
- Pet spa
- Jacuzzi
- Kids room
- Infinity pool
- 24/7 security
- Squash courts
- Cinema room
- Social kitchen
- Podium gardens

Connectivity:
- Yas Island - 5 minutes
- Saadiyat Island - 15 minutes
- Zayed International Airport - 15 minutes
- Abu Dhabi City - 20 minutes
- Dubai - 50 minutes


AQARY REAL ESTATE INVESTMENT AND DEVELOPMENT - L.L.C
For Contact AQARY REAL ESTATE INVESTMENT: 026151222 

AQARY Investment and Development is a premier real estate company specializing in buying, selling, leasing, and investing in luxury properties, commercial projects, and off-plan developments. We offer tailored solutions, expert market analysis, strategic marketing, and negotiations to ensure optimal results for our clients.",,apartment,,2,"ChatGPT said:مرحبًا بك في جزيرة فاهد، المشروع الجديد الحصري قيد الإنشاء الذي يعيد تعريف مفهوم الحياة الفاخرة على الواجهة البحرية في قلب أبوظبي.
يقدّم هذا المشروع المذهل مزيجًا متناغمًا من التصميم المعماري العصري والبيئة الطبيعية الهادئة ووسائل الراحة العالمية المستوى.
سواء كنت تبحث عن منزل أحلامك أو فرصة استثمارية مربحة، فإن جزيرة فاهد هي الوجهة المثالية لك.
تقع الجزيرة على السواحل البكر لأبوظبي، وتوفر إطلالات خلابة على الخليج العربي والمساحات الخضراء الغنّاء.

تتكون الشقة من:


- غرفة نوم ماستر مع خزانة ملابس
- منطقة معيشة / طعام
- مطبخ مفتوح
- منطقة غسيل
- بلكونة كبيرة
- حمام ضيوف (باودر روم)

وسائل الراحة:

- صالة رياضية
- بهو استقبال
- سبا للحيوانات الأليفة
- جاكوزي
- غرفة أطفال
- مسبح إنفينيتي (إطلالة مفتوحة)
- أمن على مدار الساعة
- ملاعب اسكواش
- قاعة سينما
- مطبخ اجتماعي
- حدائق على البوديوم
- سهولة الوصول:
- جزيرة ياس – 5 دقائق
- جزيرة السعديات – 15 دقيقة
- مطار زايد الدولي – 15 دقيقة
- مدينة أبوظبي – 20 دقيقة
- دبي – 50 دقيقة

شركة عقاري إنفيستمنت آند ديفيلوبمنت - ذ.ذ.م
للتواصل مع عقاري إنفيستمنت آند ديفيلوبمنت: 026151222

شركة عقاري إنفيستمنت آند ديفيلوبمنت هي شركة عقارية رائدة تقدم خدمات شاملة في شراء وبيع وتأجير واستثمار العقارات. نحن ملتزمون بتقديم حلول احترافية تلبي الاحتياجات المتنوعة لعملائنا، مما يضمن تجربة سلسة ونتائج استثنائية. بفضل فريق من المحترفين ذوي الخبرة وشبكة عالمية واسعة، نتفوق في تقديم فرص استثمارية مبتكرة في العقارات السكنية الفاخرة، والمشاريع التجارية، والتطويرات غير المكتملة. نحن نقدم تحليلات سوقية دقيقة، وتسويق استراتيجي، وتفاوضات خبيرة لضمان أفضل النتائج لكل من المشترين والبائعين. بالإضافة إلى ذلك، نقدم خدمات تأجير مخصصة لمالكي العقارات والمستأجرين، مما يضمن توافق الاتفاقيات مع متطلبات العملاء المحددة",Created,2026-02-04 05:00,,
AP95854524,,https://aqaryaid.com/en/listing/temp/unit/0?ref=AP95854524,Gardenia,امتلك الان | شقة فاخرة | اطلالة كاملة علي القناة ,"Gardenia Bay is a tranquil waterfront community on Yas Island, thoughtfully designed to blend natural surroundings with contemporary living. Residents enjoy lush green landscapes, walkable paths, and quick access to vibrant lifestyle destinations — offering a balanced and refreshing living experience. 

The apartment consists of

- Master bedroom
- Living/dining area
- Kitchen
- Balcony
- Laundry area
- Toilet

Amenities and Facilities:

• Mosque
• Swimming pools
• Meeting rooms
• Yoga pods
• Cafes and restaurants
• Shared dining spaces
• Fitness trail
• Private cinema
• BBQ & fire pits
• Community gardens
• Gym
• Nature Play
• Concierge services
• Retail



AQARY REAL ESTATE INVESTMENT AND DEVELOPMENT - L.L.C
For Contact AQARY REAL ESTATE INVESTMENT: 026151222 

AQARY Investment and Development is a premier real estate company specializing in buying, selling, leasing, and investing in luxury properties, commercial projects, and off-plan developments. We offer tailored solutions, expert market analysis, strategic marketing, and negotiations to ensure optimal results for our clients.
",,apartment,,2,"جاردينيا باي هي مجتمع هادئ على الواجهة البحرية في جزيرة ياس، مصمم بعناية لدمج البيئة الطبيعية مع أسلوب الحياة العصري. يتمتع السكان بالمساحات الخضراء الوفيرة، والمسارات الصالحة للمشي، والوصول السريع إلى وجهات الحياة النابضة بالحيوية — مما يوفر تجربة معيشية متوازنة ومنعشة.

تتكون الشقة من:

- غرفة نوم ماستر
- منطقة معيشة/طعام
- مطبخ
- بلكونة
- منطقة غسيل
- حمام

المرافق والخدمات:

- مسجد
- مسابح
- غرف اجتماعات
-كبسولات يوغا
- مقاهي ومطاعم
- مساحات طعام مشتركة
- مسار للياقة البدنية
- سينما خاصة
-مناطق للشواء ومدافئ
- حدائق مجتمعية
- صالة رياضية
- منطقة ألعاب طبيعية
- خدمات الكونسييرج
- متاجر تجزئة

شركة عقاري إنفيستمنت آند ديفيلوبمنت - ذ.ذ.م
للتواصل مع عقاري إنفيستمنت آند ديفيلوبمنت: 026151222

شركة عقاري إنفيستمنت آند ديفيلوبمنت هي شركة عقارية رائدة تقدم خدمات شاملة في شراء وبيع وتأجير واستثمار العقارات. نحن ملتزمون بتقديم حلول احترافية تلبي الاحتياجات المتنوعة لعملائنا، مما يضمن تجربة سلسة ونتائج استثنائية. بفضل فريق من المحترفين ذوي الخبرة وشبكة عالمية واسعة، نتفوق في تقديم فرص استثمارية مبتكرة في العقارات السكنية الفاخرة، والمشاريع التجارية، والتطويرات غير المكتملة. نحن نقدم تحليلات سوقية دقيقة، وتسويق استراتيجي، وتفاوضات خبيرة لضمان أفضل النتائج لكل من المشترين والبائعين. بالإضافة إلى ذلك، نقدم خدمات تأجير مخصصة لمالكي العقارات والمستأجرين، مما يضمن توافق الاتفاقيات مع متطلبات العملاء المحددة",Created,2026-02-03 05:00,,
AP80705145,0KPB8GRS1GT86Q1J.jpg (https://v5.airtableusercontent.com/v3/u/51/51/1773748800000/pf-SSlpGBaDXLYMEUw0rXw/lnS1Mw91SXKe68ydOaGYB8GC5Vkt0jvwj3NsOea_qDj8nz_7PNIzQ5brVd8vGVXW3bj8yJIL6RhYyV42ZSMuXQ5fdhQ3YN0L6A9cng097p_Kfe-bBG4o3j93Cd7UFWSUl5ZtdEVl7Y_CBrbGQH37lQ/V2mY1ynkybPj5ai3-t9aUwKNsmymDRaFxonktHPGxoQ),https://aqaryaid.com/en/listing/temp/unit/0?ref=AP80705145,Gardenia,مبنى ألبا | غرفتا نوم | إطلالة على القناة,"Discover refined waterfront living at Gardenia Bay – ALBA with this elegant 2-bedroom apartment overlooking the canal. Designed with bright, open-plan interiors and premium finishes, the home features a spacious living area, modern kitchen, and a private balcony framing calming water views.


FEATURES:

- Generous living and dining space
- Sleek kitchen with fitted cabinetry
- Master bedroom with en-suite bath
- Well-proportioned second bedroom
- Stylish shared bathroom
- Guest powder room
- Dedicated laundry nook
- Private balcony for outdoor relaxation


AMENITIES:
- Beach and Beach Club
- Swimming Pools
- Direct access to Gate Park
- Co-working spaces and meeting rooms
- Yoga Pods
- Cafes and Restaurants
- Shared Dining and Entertaining Spaces
- Dog Park
- Fitness Trail
- Mosque
- Private Cinema
- Facilities Management Onsite Office
- BBQ and Fire Pits
- Community Gardens
- Gym


AQARY REAL ESTATE INVESTMENT AND DEVELOPMENT - L.L.C

For Contact AQARY REAL ESTATE INVESTMENT: 026151222
 
AQARY Investment and Development is a premier real estate company specializing in buying, selling, leasing, and investing in luxury properties, commercial projects, and off-plan developments. We offer tailored solutions, expert market analysis, strategic marketing, and negotiations to ensure optimal results for our clients.",,apartment,Standard,3,"اكتشفوا أجواءً راقية على الواجهة البحرية في غاردينيا باي - ألبا مع هذه الشقة الأنيقة المكونة من غرفتي نوم والمطلة على القناة. صُممت الشقة بتصميم داخلي مفتوح ومشرق وتشطيبات فاخرة، وتتميز بمساحة معيشة واسعة ومطبخ عصري وشرفة خاصة تُطل على مناظر خلابة للمياه.


يتميز المنزل بإطلالة ساحرة على القناة. المميزات:

- مساحة واسعة للمعيشة وتناول الطعام
- مطبخ أنيق بخزائن مدمجة
- غرفة نوم رئيسية بحمام داخلي
- غرفة نوم ثانية بتصميم متناسق
- حمام مشترك أنيق
- حمام ضيوف
- ركن غسيل ملابس مخصص
- شرفة خاصة للاسترخاء في الهواء الطلق

المرافق:
- شاطئ ونادي شاطئي
- مسابح
- وصول مباشر إلى حديقة البوابة
- مساحات عمل مشتركة وقاعات اجتماعات
- منصات يوغا
- مقاهي ومطاعم
- مساحات مشتركة لتناول الطعام والترفيه
- حديقة للكلاب
- مسار للياقة البدنية
- مسجد
- سينما خاصة
- مكتب إدارة المرافق في الموقع
- أماكن للشواء ومواقد نار
- حدائق عامة
- صالة ألعاب رياضية

شركة عقاري للاستثمار والتطوير العقاري - ذ.م.م

للتواصل مع شركة عقاري للاستثمار العقاري: 026151222

شركة عقاري للاستثمار والتطوير العقاري هي شركة عقارية رائدة متخصصة في شراء وبيع وتأجير و... نستثمر في العقارات الفاخرة والمشاريع التجارية ومشاريع التطوير العقاري على الخريطة. نقدم حلولاً مصممة خصيصاً، وتحليلات سوقية متخصصة، وتسويقاً استراتيجياً، ومفاوضات لضمان أفضل النتائج لعملائنا.",Created,2026-02-04 05:00,,
AP73593461,RMT3UOW9W7X5299L.jpg (https://v5.airtableusercontent.com/v3/u/51/51/1773748800000/B0IOZg-GcD-APa9FTJz1Gw/qxLpjqxJVdiEJr6bgDv9weEs9NtBhwNP0FNQtRVvYPfO3SYC0ph1wStBIkW4T72qDc4jkrt46rxzPMDw5ILY9728AXZ6Bz3QHtlRp964oH5Jbd3mZX2gyEZyLIpqvhKHsBtsB70ZJVvgkgKqzQRhdg/NHtO93HXGMnuUzLpDWWVALV41SkWnUcjZmaD3kCLc9A),https://aqaryaid.com/en/listing/temp/unit/0?ref=AP73593461,Gardenia,موقع مميز | معيشة مريحة | إطلالات هادئة,"Discover this stunning 1-bedroom apartment in Gardenia Bay and embrace waterfront living amidst lush natural surroundings and a welcoming community. Enjoy an exceptional lifestyle with access to top-notch amenities, including recreational facilities, gourmet dining options, and the warmth of a close-knit neighborhood.


Apartment Features:

- One spacious master bedroom
- Bright living and dining area
- Powder room and Bathroom
- Fully fitted closed kitchen with built-in cupboards
- Floor-to-ceiling windows

Amenities:

- 24/7 Security
- Swimming Pool and Gym
- Co-Working Spaces
- Concierge Services
- Meeting Rooms
- Private Cinema
- Fitness Trail
- Kids Play Area
- Yoga Pods
- Spa
- BBQ Area & Fire Pits
- Community Garden
- Mosque
- Restaurants & Cafes
- Retail
- Beach & Beach Club

AQARY REAL ESTATE INVESTMENT AND DEVELOPMENT - L.L.C

For Contact AQARY REAL ESTATE INVESTMENT: 026151222
 
AQARY Investment and Development is a premier real estate company specializing in buying, selling, leasing, and investing in luxury properties, commercial projects, and off-plan developments. We offer tailored solutions, expert market analysis, strategic marketing, and negotiations to ensure optimal results for our clients.",,apartment,Standard,2,"اكتشف هذه الشقة الرائعة بغرفة نوم واحدة في جاردينيا باي، واستمتع بحياة هادئة على الواجهة البحرية وسط أجواء طبيعية خلابة ومجتمع مُرحّب. استمتع بأسلوب حياة استثنائي مع إمكانية الوصول إلى مرافق فاخرة، بما في ذلك مرافق ترفيهية، وخيارات طعام فاخرة، ودفء حيّ مترابط.


مميزات الشقة:

- غرفة نوم رئيسية واسعة
- غرفة معيشة وطعام مشرقة
- حمام ضيوف وحمام
- مطبخ مغلق مجهز بالكامل بخزائن مدمجة
- نوافذ ممتدة من الأرضية إلى السقف

المرافق:

- أمن على مدار الساعة
- مسبح وصالة ألعاب رياضية
- مساحات عمل مشتركة
- خدمات الاستقبال
- غرف اجتماعات
- سينما خاصة
- مسار للياقة البدنية
- منطقة لعب للأطفال
- منصات يوغا
- منتجع صحي
- منطقة للشواء ومواقد نار
- حديقة عامة
- مسجد
- مطاعم ومقاهي
- محلات تجارية
- شاطئ ونادي شاطئي

عقاري للاستثمار والتطوير العقاري - ذ.م.م

للتواصل مع عقاري للاستثمار العقاري: 026151222

عقاري للاستثمار والتطوير هي شركة عقارية رائدة متخصصة في شراء وبيع وتأجير والاستثمار في العقارات الفاخرة والمشاريع التجارية والمشاريع قيد الإنشاء. نحن نقدم حلولاً مخصصة، وتحليلات السوق المتخصصة، والتسويق الاستراتيجي، والمفاوضات لضمان أفضل النتائج لعملائنا.",Created,2026-02-04 05:00,,
AP45092993,336NLO9GIKO3HM1K.jpg (https://v5.airtableusercontent.com/v3/u/51/51/1773748800000/nL3ckfeh868vvJZY2el_KA/Voiw0prtwy46wPw3VW3SJ57sCZFF14eANHS0QPbEtBCgA_Tmhn0lNFzfF5fdb_XVrrBliIqFgr9QFKj-PdkBuxE-dqlRQLHssXBwTCLH8EZEjE6mRTWbyv33RaSP_ONQMDRHmc--VqpVf02F5Uokmg/nsAO0w5FK-nGrnf1f6LV-H8vkbDnwdUWchJLComv970),https://aqaryaid.com/en/listing/temp/unit/0?ref=AP45092993,Gardenia,مرافق فاخرة | إطلاق جديد | منظر الشارع,"Discover Gardenia Bay – Ivy, a serene waterfront haven designed for modern, nature-inspired living on Yas Island. Ivy blends contemporary architecture with lush green landscapes, creating a calming retreat where residents can unwind, reconnect, and enjoy a refined lifestyle.


Apartment Details:

- Generous living and dining area
- Stylish kitchen with built-in cabinets
- One well-appointed bedroom
- Contemporary bathroom
- Separate powder room
- Dedicated laundry space
- Private balcony
- Scenic canal views


Facilities & Amenities:

- Exclusive beach access with beach club
- Multiple swimming pools
- Direct connectivity to Gate Park
- Co-working lounges and meeting rooms
- Peaceful yoga pods
- On-site cafés and restaurants
- Communal dining and entertainment areas
- Dedicated dog park
- Fitness trail for walking and jogging
- Community mosque
- Private cinema room
- Onsite facilities management office
- Outdoor BBQ areas and fire pits
- Beautiful community gardens
- Fully equipped gymnasium

 
AQARY REAL ESTATE INVESTMENT AND DEVELOPMENT - L.L.C

For Contact AQARY REAL ESTATE INVESTMENT: 026151222
 
AQARY Investment and Development is a premier real estate company specializing in buying, selling, leasing, and investing in luxury properties, commercial projects, and off-plan developments. We offer tailored solutions, expert market analysis, strategic marketing, and negotiations to ensure optimal results for our clients.",,apartment,Standard,2,"اكتشف ""غاردينيا باي – آيفي""، ملاذ هادئ على الواجهة البحرية مصمم للحياة العصرية المستوحاة من الطبيعة في جزيرة ياس. يمزج ""آيفي"" بين الهندسة المعمارية المعاصرة والمناظر الطبيعية الخضراء الوارفة، مما يخلق ملاذاً باعثاً على الهدوء حيث يمكن للمقيمين الاسترخاء وإعادة التواصل والاستمتاع بأسلوب حياة راقٍ.
تفاصيل الشقة:
منطقة معيشة وطعام واسعة
مطبخ أنيق بخزائن مدمجة
غرفة نوم واحدة مجهزة جيداً
حمام عصري
غرفة مسحوق (بودرة) منفصلة
مساحة مخصصة للغسيل
شرفة خاصة
إطلالات خلابة على القناة
المرافق ووسائل الراحة:
وصول حصري إلى الشاطئ مع نادٍ شاطئي
مسابح متعددة
اتصال مباشر بـ ""غيت بارك""
صالات عمل مشتركة وغرف اجتماعات
أكشاك يوغا هادئة
مقاهي ومطاعم في الموقع
مناطق طعام وترفيه مجتمعية
حديقة مخصصة للكلاب
مسار للياقة البدنية للمشي والركض
مسجد مجتمعي
غرفة سينما خاصة
مكتب إدارة مرافق في الموقع
مناطق شواء خارجية ومواقد نار
حدائق مجتمعية جميلة
صالة ألعاب رياضية مجهزة بالكامل
عقاري للاستثمار والتطوير العقاري – ذ.م.م
للتواصل مع عقاري للاستثمار العقاري: 026151222
""عقاري للاستثمار والتطوير"" هي شركة عقارية رائدة متخصصة في شراء وبيع وتأجير والاستثمار في العقارات الفاخرة والمشاريع التجارية والمشاريع التي لا تزال قيد الإنشاء (على الخارطة). نقدم حلولاً مخصصة، وتحليلاً خبيراً للسوق، وتسويقاً استراتيجياً، ومفاوضات لضمان أفضل النتائج لعملائنا.


",Created,2026-02-04 05:00,,
AP814539,7GKUVS3NMYXH1LW8.jpg (https://v5.airtableusercontent.com/v3/u/51/51/1773748800000/sP4W6SUnjz9463Awi1Abng/WNMm_VKnyxmV_Bm4ddO_z4L7as0DGa0L5Qr91TMQ7PxDNfTmk0GehTpjye17S6jf9suG3UUAbdl3GdI9VtxYUbSlkhlQYyPqu8Q-oen4lQu9dwsewHdJ_ABi18FH9Wue7n375TdKbANSuYalSc4ASg/H_PNO90zJrrfqMjjndGOhVMeW4vPxi_gzj-KukjIXLg),https://aqaryaid.com/en/listing/temp/unit/0?ref=AP814539,Marina Square,مزيج مثالي بين السعر والموقع والمساحة,"A great opportunity to own or invest in one of the most sought-after towers in Marina Square.
This apartment features a functional layout, bright living spaces, and high-quality finishing, offering an ideal living environment in the heart of Al Reem Island.

Apartment Features:
– Master Bedroom
– Spacious Living & Dining Area
– Closed Kitchen
– Storage / Utility Space
– Powder Room
– Large windows with excellent natural light
– High-quality finishing

Facilities & Amenities:
– Swimming Pool & Fully Equipped Gym
– Covered Parking
– Elegant Lobby & Reception
– 24/7 Security & Maintenance
– Outdoor areas & walking spaces
– Close to Galleria Mall & Al Maryah Island

An excellent choice for comfortable living and a strong investment return.
 
AQARY REAL ESTATE INVESTMENT AND DEVELOPMENT - L.L.C

For Contact AQARY REAL ESTATE INVESTMENT: 026151222
 
AQARY Investment and Development is a premier real estate company specializing in buying, selling, leasing, and investing in luxury properties, commercial projects, and off-plan developments. We offer tailored solutions, expert market analysis, strategic marketing, and negotiations to ensure optimal results for our clients.",,apartment,Standard,2,"شقة غرفة وصالة مميزة في برج أوشن تيراس – مارينا سكوير، جزيرة الريم
مقدمة من شركة عقاري للاستثمار والتطوير العقاري

اغتنم فرصة امتلاك أو استثمار شقة ذات موقع استراتيجي في واحد من أشهر أبراج مارينا سكوير.
تتميز الشقة بتقسيم عملي ومساحات واسعة تناسب الحياة العصرية، مع تشطيب أنيق وجودة عالية في التصميم.

مواصفات الشقة:
– غرفة نوم ماستر
– غرفة معيشة وطعام واسعة
– مطبخ
– مساحة مخزن/خدمات
– حمام ضيوف
– نوافذ كبيرة تمنح إضاءة طبيعية ممتازة
– تشطيب أنيق وجودة عالية

المرافق والخدمات:
– مسبح وصالة جيم مجهزة بالكامل
– مواقف سيارات مغطاة
– لوبي فخم واستقبال راقٍ
– أمن وصيانة 24/7
– ممشى ومناطق خارجية
– موقع قريب من الجاليريا مول وجزيرة المارية ووسط المدينة

استثمر في تاور يوفر جودة حياة عالية، وعائد إيجاري قوي، وإقبال كبير من السكان.

شركة عقاري إنفيستمنت آند ديفيلوبمنت - ذ.ذ.م

للتواصل مع عقاري إنفيستمنت آند ديفيلوبمنت: 026151222
 
شركة عقاري إنفيستمنت آند ديفيلوبمنت هي شركة عقارية رائدة تقدم خدمات شاملة في شراء وبيع وتأجير واستثمار العقارات. نحن ملتزمون بتقديم حلول احترافية تلبي الاحتياجات المتنوعة لعملائنا، مما يضمن تجربة سلسة ونتائج استثنائية. بفضل فريق من المحترفين ذوي الخبرة وشبكة عالمية واسعة، نتفوق في تقديم فرص استثمارية مبتكرة في العقارات السكنية الفاخرة، والمشاريع التجارية، والتطويرات غير المكتملة. نحن نقدم تحليلات سوقية دقيقة، وتسويق استراتيجي، وتفاوضات خبيرة لضمان أفضل النتائج لكل من المشترين والبائعين. بالإضافة إلى ذلك، نقدم خدمات تأجير مخصصة لمالكي العقارات والمستأجرين، مما يضمن توافق الاتفاقيات مع متطلبات العملاء المحددة.",Created,2026-02-04 05:00,,
AP56327321,5FJILEE1Z7INKCB1.jpeg (https://v5.airtableusercontent.com/v3/u/51/51/1773748800000/9kOq2SE3DqhJDvlUA5uD7w/YXwK2pzb4vWY5w05ERyw8S9ei0x_EHgh89Z-cOdAwWBSHmf37Bg5pt61TZpuWwD36f6Lc-Uaz4VUHySHXFBH9PVW98fpmvMPOqpJ9dAip2rnsqEMSC59ZclfyhhbKJZCva7sfN7ChRwCFb3TvLOKoA/csrqrPwXX35zMpWkjhWW17d_kw3gM6paQ4CeBq6giiQ),https://aqaryaid.com/en/listing/temp/unit/0?ref=AP56327321,Plaza,امتلك الان شقه قمة الفخامه وتصميم حديث,"Unit Description

Embrace modern living in this elegantly designed apartment, complete with a private balcony for peaceful outdoor enjoyment and a dedicated parking space. Ideally situated in an environmentally conscious area, this vibrant community is perfect for those seeking a healthy and sustainable lifestyle.


Off-Plan Details:
- Balcony
- Built-up Area: 1017sqft
- View: Community
- Furnished: Yes
- Kitchen: Fitted
- Living and dining area
- Bedroom: 2
- Bathrooms: 3
- No. of Parking: 1

Features And Amenities:

- Swimming pool
- Amphitheatre | Parks
- White sand beaches
- Community centres
- Plaza market | Retails
- Landscaped gardens
- Recreational spaces
- 24/7 Security
 
For Contact AQARY REAL ESTATE INVESTMENT: 026151222 
 
AQARY Investment and Development is a premier real estate company specializing in buying, selling, leasing, and investing in luxury properties, commercial projects, and off-plan developments. We offer tailored solutions, expert market analysis, strategic marketing, and negotiations to ensure optimal results for our clients.",,apartment,,3,"وصف الوحدة

استمتع بحياة عصرية في هذه الشقة ذات التصميم الأنيق، والتي تضم شرفة خاصة للاستمتاع بالهواء الطلق بهدوء وموقف سيارات مخصص. تقع هذه الوحدة في منطقة تهتم بالبيئة، ويجتمع فيها مجتمع نابض بالحياة، وهي مثالية لمن يبحثون عن أسلوب حياة صحي ومستدام.

تفاصيل المشروع قبل الانتهاء:

شرفة
الإطلالة: على المجتمع السكني
مفروشة: نعم
المطبخ: مجهز
منطقة المعيشة والطعام
عدد غرف النوم: 2
عدد الحمامات: 3
مواقف السيارات: 1

المميزات والمرافق:

حمام سباحة
مسرح في الهواء الطلق | حدائق
شواطئ رملية بيضاء
مراكز مجتمعية
سوق بلازا | محلات تجارية
حدائق منسقة
مساحات ترفيهية
أمن على مدار الساعة

شركة عقاري للاستثمار والتطوير العقاري - ذ.م.م
للتواصل مع عقاري للاستثمار والتطوير: 026151222

عقاري للاستثمار والتطوير هي شركة رائدة في مجال العقارات متخصصة في شراء وبيع وتأجير والاستثمار في العقارات الفاخرة، والمشاريع التجارية، والتطويرات قبل الانتهاء. نقدم حلولاً مخصصة، وتحليلات سوقية متخصصة، وتسويق استراتيجي، ومفاوضات لضمان أفضل النتائج لعملائنا.",Created,2026-02-04 05:00,,
AP41762570,MHGOHHZ8YPYE586U.jpeg (https://v5.airtableusercontent.com/v3/u/51/51/1773748800000/ZZVW9wtp0mCd_8nr57KXFQ/py4HRk5IX-dJadCdU2X7-qT9Soc-x4bi-Hs3ESVGYZQqhGgyDkmsd8h6zi46yufOLAFkkqBiquwCG0FRcEZmvGauVZAZ8wfxZGVwlU6b2XUpkl8g7nG6M1HJLLt_U4-Tdjo-wOHeB67yBmoC6icUtA/qLwfPnWxKLyQH4dhBdAyZuG9iQrhx2uvkt2LKKWPxoE),https://aqaryaid.com/en/listing/temp/unit/0?ref=AP41762570,Plaza,فرصه لاتعوض شقه غرفتين مفروشه بالكامل تصميم مميز,"Unit Description

Discover modern living in this fully furnished 2-bedroom apartment at Plaza by Reportage, located in the heart of Masdar City. Designed for comfort and sustainability, this property offers a perfect home for families or professionals.

Apartment Features:

2 spacious bedrooms with built-in wardrobes
Fully furnished with modern interiors
Open-plan living and dining area
Contemporary kitchen with appliances
Elegant bathrooms with quality finishes
Private balcony and allocated parking

Amenities:

Swimming pool and fitness gym
Landscaped gardens and kids’ play area
Retail shops and cafes
24/7 security and concierge services


For more information feel free to contact us at
 
For Contact AQARY REAL ESTATE INVESTMENT: 026151222 

 
AQARY Investment and Development is a premier real estate company specializing in buying, selling, leasing, and investing in luxury properties, commercial projects, and off-plan developments. We offer tailored solutions, expert market analysis, strategic marketing, and negotiations to ensure optimal results for our clients.",,apartment,,3,"وصف الوحدة

استمتع بأسلوب الحياة العصري في هذه الشقة المفروشة بالكامل المكونة من غرفتي نوم في مشروع بلازا من ريبورتاج، والمُقامة في قلب مدينة مصدر. تم تصميم هذه الوحدة بعناية لتوفير الراحة والاستدامة، مما يجعلها مثالية للعائلات أو المهنيين الباحثين عن بيئة سكنية متكاملة.

* مواصفات الشقة:
غرفتا نوم واسعتان مع خزائن مدمجة
مفروشة بالكامل بتصميم داخلي عصري
غرفة معيشة وطعام بتصميم مفتوح
مطبخ عصري مزود بالأجهزة
حمامات أنيقة بتشطيبات عالية الجودة
شرفة خاصة + موقف سيارة مخصص

* المرافق والخدمات:
مسبح وصالة رياضية مجهزة
حدائق منسقة ومنطقة ألعاب للأطفال
محلات تجارية ومقاهي
أمن على مدار 24 ساعة وخدمات كونسيرج
للمزيد من المعلومات، لا تتردد في التواصل معنا على:

للتواصل مع عقاري للاستثمار والتطوير العقاري : 026151222



شركة عقاري إنفيستمنت آند ديفيلوبمنت هي شركة عقارية رائدة تقدم خدمات شاملة في شراء وبيع وتأجير واستثمار العقارات. نحن ملتزمون بتقديم حلول احترافية تلبي الاحتياجات المتنوعة لعملائنا، مما يضمن تجربة سلسة ونتائج استثنائية. بفضل فريق من المحترفين ذوي الخبرة وشبكة عالمية واسعة، نتفوق في تقديم فرص استثمارية مبتكرة في العقارات السكنية الفاخرة، والمشاريع التجارية، والتطويرات غير المكتملة. نحن نقدم تحليلات سوقية دقيقة، وتسويق استراتيجي، وتفاوضات خبيرة لضمان أفضل النتائج لكل من المشترين والبائعين. بالإضافة إلى ذلك، نقدم خدمات تأجير مخصصة لمالكي العقارات والمستأجرين، مما يضمن توافق الاتفاقيات مع متطلبات العملاء المحددة.",Created,2026-02-04 05:00,,
AP35849802,0Z4WKHRF5SQTJXVS.jpeg (https://v5.airtableusercontent.com/v3/u/51/51/1773748800000/uotBhDFtGKxly9BKMz5eLg/hh4HJGp4SzB-M9Sk-JkwRBVRiKJ2gCjaE0W-e9d0Bcm1eiyTbIamoFyqo0dg4HwjkAVQKFGrNr_s2t9gT6DvD2g9UfjJ1UdsMBKU1nJpbyhSxUeYYqr3_VN7JaoiI3ASlW3x4V-PdsgisGmfspSsxw/TyV8XakREKRi8BC5IZizX3gEaoKUFeVzfctlC0Rcz00),https://aqaryaid.com/en/listing/temp/unit/0?ref=AP35849802,Plaza,امتلك الان شقه قمه فى الفخامه والروعه مميزه,"Unit Description

Strategically located in Masdar City, The Plaza provides excellent connectivity, just minutes from Abu Dhabi International Airport and surrounded by shopping malls, schools, business hubs, and leisure destinations. 


PROPERTY DETAILS:

1 Bedroom
1 Bathroom
Large Living & Dining Area
Modern Kitchen
Built-in Wardrobes
Private Parking for 1 Car
Balcony & Terrace

AMENITIES & SERVICES:

Landscaped Community Parks
Children’s Play Areas
Swimming Pool
BBQ & Outdoor Seating Areas
Jogging & Cycling Tracks
Gated Community with 24/7 Security
Community Retail & Dining Outlets

For Contact AQARY REAL ESTATE INVESTMENT: 026151222 
 
AQARY Investment and Development is a premier real estate company specializing in buying, selling, leasing, and investing in luxury properties, commercial projects, and off-plan developments. We offer tailored solutions, expert market analysis, strategic marketing, and negotiations to ensure optimal results for our clients.",,apartment,,1,"وصف الوحدة:
تقع ""ذا بلازا"" في مدينة مصدر بموقع استراتيجي، حيث تتميز بسهولة الوصول والربط، على بُعد دقائق فقط من مطار أبوظبي الدولي، وتحيط بها مراكز التسوق، والمدارس، والمراكز التجارية، والوجهات الترفيهية.

تفاصيل العقار:
غرفة نوم
حمّام واحد
غرفة معيشة وطعام واسعة
مطبخ عصري
خزائن مدمجة
موقف خاص لسيارة واحدة
شرفة وتراس

المرافق والخدمات:
حدائق مجتمعية منسقة
مناطق لعب للأطفال
مسبح
مناطق للشواء وجلسات خارجية
مسارات للجري وركوب الدراجات
مجتمع سكني مغلق مع حراسة أمنية على مدار الساعة
متاجر ومطاعم داخل المجتمع


شركة عقاري للاستثمار والتطوير العقاري ذ.م.م
رقم الاتصال: 026151222

شركة عقاري للاستثمار والتطوير هي شركة رائدة في مجال العقارات، متخصصة في شراء وبيع وتأجير واستثمار العقارات الفاخرة والمشاريع التجارية والتطويرات العقارية قيد الإنشاء.
نقدّم حلولًا مصمّمة حسب احتياجات العميل، وتحليلًا دقيقًا للسوق، وتسويقًا استراتيجيًا، ومهارات تفاوض عالية لضمان أفضل النتائج لعملائنا.",Created,2026-02-04 05:00,,
AP30328712,29O10BZT73R4UDB3.jpg (https://v5.airtableusercontent.com/v3/u/51/51/1773748800000/CONPMd-7hNv7ZlfGLcxX7g/JvhONv4X15Ml3jy2Gd2-I7p69CHrAHOFsIr8DXc-5smcl_la0WTFSDybnig7SgYD21Mt0Tk01Lis0j2Ms1R_pU92dnt1u0ONpb5XlZBs9d1jqSxZ3sDmPltUUhO5ZSK1vH2dz1_gN3nYqd0uiK4gIg/ZDyNoI5ez-E4Y47nBHcKIk4nlA1nzfyN_36woKkgMbQ),https://aqaryaid.com/en/listing/temp/unit/0?ref=AP30328712,Plaza,تملك شقه تصميم عصرى حديث ومميز جدا,"Unit Description

Strategically located in Masdar City, The Plaza provides excellent connectivity, just minutes from Abu Dhabi International Airport and surrounded by shopping malls, schools, business hubs, and leisure destinations.

PROPERTY DETAILS:

- 1 Spacious Bedroom
- 2 Bathrooms
- Large Living & Dining Area
- Modern Kitchen 
- Built-in Wardrobes
- Private Parking for 1 Car
- Balcony & Terrace


AMENITIES & SERVICES:

- Landscaped Community Parks
- Children’s Play Areas
- Swimming Pool
- BBQ & Outdoor Seating Areas
- Jogging & Cycling Tracks
- Gated Community with 24/7 Security
- Community Retail & Dining Outlets
 
For Contact AQARY REAL ESTATE INVESTMENT: 026151222 

AQARY Investment and Development is a premier real estate company specializing in buying, selling, leasing, and investing in luxury properties, commercial projects, and off-plan developments. We offer tailored solutions, expert market analysis, strategic marketing, and negotiations to ensure optimal results for our clients.",,apartment,,2,"وصف الوحدة:

تقع ""ذا بلازا"" في قلب مدينة مصدر بموقع استراتيجي، حيث تتمتع بسهولة الوصول إلى مختلف المناطق، على بُعد دقائق فقط من مطار أبوظبي الدولي. تحيط بها مراكز التسوق، والمدارس، والمراكز التجارية، والوجهات الترفيهية، مما يجعلها موقعًا مثاليًا للعيش والاستثمار.

تفاصيل العقار:

غرفة نوم فسيحة
2 حمام
غرفة معيشة وطعام واسعة
مطبخ عصري
خزائن حائط مدمجة
موقف خاص لسيارة واحدة
شرفة وتراس

الخدمات والمرافق:

حدائق مجتمعية منسقة
مناطق مخصصة للعب الأطفال
مسبح
مناطق للشواء وجلسات خارجية
مسارات للجري وركوب الدراجات
مجتمع سكني مغلق مع أمن على مدار الساعة
متاجر ومطاعم ضمن المجتمع السكني

للتواصل: 026151222

شركة عقاري للاستثمار والتطوير هي شركة عقارية رائدة متخصصة في شراء وبيع وتأجير واستثمار العقارات الفاخرة، والمشاريع التجارية، والتطويرات العقارية قيد الإنشاء.
نقدّم حلولًا مخصصة، وتحليلات دقيقة للسوق، واستراتيجيات تسويقية متطورة، ومهارات تفاوض عالية لتحقيق أفضل النتائج لعملائنا.",Created,2026-02-04 05:00,,
AP81595720,,https://aqaryaid.com/en/listing/temp/unit/0?ref=AP81595720,Plaza,امتلك الان شقه | غرفة نوم واحدة مع شرفة | مسبح مجتمعي,"Unit Description

Embrace modern living in this elegantly designed apartment, complete with a private balcony for peaceful outdoor enjoyment and a dedicated parking space. Ideally situated in an environmentally conscious area, this vibrant community is perfect for those seeking a healthy and sustainable lifestyle.

Off-Plan Details:

- Balcony
- Built-up Area: 605 sqft
- View: Community
- Furnished: Yes
- Kitchen: Fitted
- Living and dining area
- Bedroom: 1
- Bathrooms: 2
- No. of Parking: 1

Features And Amenities:

- Swimming pool
- Amphitheatre | Parks
- White sand beaches
- Community centres
- Plaza market | Retails
- Landscaped gardens
- Recreational spaces
- 24/7 Security
 
For Contact AQARY REAL ESTATE INVESTMENT: 026151222 

AQARY Investment and Development is a premier real estate company specializing in buying, selling, leasing, and investing in luxury properties, commercial projects, and off-plan developments. We offer tailored solutions, expert market analysis, strategic marketing, and negotiations to ensure optimal results for our clients.",,apartment,,2,"وصف الوحدة

استمتع بأسلوب الحياة العصري في هذه الشقة الأنيقة التصميم، والمزودة بشرفة خاصة تمنحك لحظات هادئة في الهواء الطلق، بالإضافة إلى موقف سيارات مخصص.
تقع هذه الشقة في منطقة تراعي المعايير البيئية، ضمن مجتمع حيوي مثالي لأولئك الباحثين عن أسلوب حياة صحي ومستدام.

تفاصيل المشروع (قيد الإنشاء):

شرفة
المساحة المبنية: 605 قدم مربع
الإطلالة: على المجتمع
مفروشة: نعم
المطبخ: مجهز بالكامل
غرفة المعيشة والطعام
عدد غرف النوم: 1
عدد الحمامات: 2
عدد مواقف السيارات: 1


المميزات والمرافق:

مسبح
مدرج ومتنزهات
شواطئ برمال بيضاء
مراكز مجتمعية
سوق بلازا ومحلات تجارية
حدائق منسقة
مساحات ترفيهية
أمن على مدار الساعة (24/7)



شركة عقاري للاستثمار والتطوير العقاري ذ.م.م
رقم التواصل: 026151222

نبذة عن الشركة:
تُعد شركة عقاري للاستثمار والتطوير من الشركات الرائدة في مجال العقارات، والمتخصصة في شراء وبيع وتأجير واستثمار العقارات الفاخرة والمشاريع التجارية ومشاريع المخطط (Off-Plan).
نقدم حلولاً مخصصة، وتحليلات سوقية دقيقة، واستراتيجيات تسويقية وتفاوضية احترافية لضمان تحقيق أفضل النتائج لعملائنا.",Created,2026-01-21 05:00,,
AP46095102,,https://aqaryaid.com/en/listing/temp/unit/0?ref=AP46095102,Radiant Elite,صفقة استثمارية قوية | بريميوم منخفض,"Exclusive Junior 1BR in Radiant Elite
Presented by AQARY Real Estate Investment and Development

Unit Details:

- Type: Junior 1 Bedroom
- Size: 642 Sq.ft
- Layout: Smart and efficient layout maximizing space and comfort

- Living Area
- Bedroom Area
- Kitchen
- Bathroom
- Balcony

Investment Highlights:
✔ Original Price: AED 897,000
✔ Low premium
✔ Flexible Payment Plan: 55% / 45%
✔ Ideal for end-users & investors

📍 Location:
Radiant Elite – a premium development offering modern living, excellent connectivity, and strong investment potential.

AQARY REAL ESTATE INVESTMENT AND DEVELOPMENT - L.L.C
For Contact AQARY REAL ESTATE INVESTMENT: 026151222
AQARY Investment and Development is a premier real estate company specializing in buying, selling, leasing, and investing in luxury properties, commercial projects, and off-plan developments. We offer tailored solutions, expert market analysis, strategic marketing, and negotiations to ensure optimal results for our clients.",,apartment,Luxury,1,"شقة جونيور غرفة وصالة حصرية في راديانت إيليت
مقدمة من شركة عقاري للاستثمار والتطوير العقاري

تفاصيل الوحدة:

النوع: جونيور غرفة نوم واحدة
المساحة: 642 قدم مربع
التصميم: مخطط ذكي وعملي يحقق أفضل استغلال للمساحة والراحة

مكونات الشقة:

مساحة معيشة
غرفة نوم
مطبخ
حمام
بلكونة

مميزات استثمارية:
✔ السعر الأصلي: 897,000 درهم
✔ بريميوم منخفض
✔ خطة سداد مرنة: 55% / 45%
✔ خيار مثالي للسكن أو الاستثمار

📍 الموقع:
راديانت إيليت – مشروع مميز يوفر أسلوب حياة عصري، سهولة في التنقل، وقيمة استثمارية عالية.

AQARY REAL ESTATE INVESTMENT AND DEVELOPMENT - L.L.C
للتواصل مع شركة عقاري للاستثمار العقاري: 026151222
عقاري للاستثمار والتطوير العقاري شركة رائدة متخصصة في شراء وبيع وتأجير واستثمار العقارات السكنية الفاخرة، المشاريع التجارية، والمشاريع على الخارطة، مع تقديم حلول مخصصة، تحليل سوق احترافي، وتسويق استراتيجي وتفاوض يضمن أفضل النتائج لعملائنا.",Created,2026-01-29 05:00,,
AP09992050,C6JJ9KUS0PIU2I7Q.png (https://v5.airtableusercontent.com/v3/u/51/51/1773748800000/O6EAo579mcwbDkx8_A9CpQ/m3khluFGPj5D_g9Owr4K5Sf2dd8pr7VMFKR5evf4bEAyZ1vCWq0me7fD8p5Eb8iVIrPiMmoPZ_g5tEgBJHHRoyHp56v0Mw3QFGvP99VojSkRKkQwl6PoDxfPighZ9SH9j4b6-HfFeJWVzlo4U4MW1Q/Xg4MPqy-z8KbJNp-9tl7aPD0ge_wGvjaBlgSxBmM3cU),https://aqaryaid.com/en/listing/temp/unit/0?ref=AP09992050,Radiant Square,بالطوابق العليا شقة 3 غرف نوم فاخرة بتصميم عصري ,"Luxury 3-Bedroom Apartment | Modern Design | Prime Location – Reem Island

Experience a contemporary lifestyle at Radiant Views, the latest flagship development on Reem Island. Situated in the heart of the City of Lights, the project offers a modern living environment that combines comfort, functionality, and sustainability for a truly exceptional living experience in Abu Dhabi.

The apartment features a smart, contemporary design with bright, spacious interiors and fully integrated amenities, perfect for families and investors seeking the highest standards of quality and comfort.

Key Features:
Open and bright living and dining area
Fully equipped modern kitchen
3 spacious bedrooms
Carefully designed bathrooms
Dedicated parking space

AQARY REAL ESTATE INVESTMENT AND DEVELOPMENT - L.L.C
For Contact AQARY REAL ESTATE INVESTMENT: 026151222
 
AQARY Investment and Development is a premier real estate company specializing in buying, selling, leasing, and investing in luxury properties, commercial projects, and off-plan developments. We offer tailored solutions, expert market analysis, strategic marketing, and negotiations to ensure optimal results for our clients.",,apartment,Standard,3,"شقة 3 غرف نوم فاخرة | تصميم عصري | موقع مميز – جزيرة الريم

اكتشفوا أسلوب حياة متطور في Radiant Views، أحدث المشاريع الرائدة على جزيرة الريم. يقع المشروع في قلب مدينة الأنوار، ويوفر بيئة معيشية عصرية تجمع بين الراحة، العملية، والاستدامة، لتجربة سكنية فريدة في أبوظبي.
تتمتع الشقة بتصميم عصري ذكي ومساحات واسعة مشرقة، مع مرافق متكاملة تناسب العائلات والمستثمرين الباحثين عن أعلى مستويات الجودة والراحة.

أهم المميزات:
مساحة معيشة وطعام مفتوحة ومشرقة
مطبخ مجهز بالكامل بأحدث التصاميم
3 غرف نوم فسيحة
حمامات مصممة بعناية
موقف سيارات مخصص

استمتع بحياة تجمع بين الفخامة والراحة في موقع استراتيجي على جزيرة الريم.

شركة عقاري إنفيستمنت آند ديفيلوبمنت - ذ.ذ.م
للتواصل مع عقاري إنفيستمنت آند ديفيلوبمنت: 026151222
 
شركة عقاري إنفيستمنت آند ديفيلوبمنت هي شركة عقارية رائدة تقدم خدمات شاملة في شراء وبيع وتأجير واستثمار العقارات. نحن ملتزمون بتقديم حلول احترافية تلبي الاحتياجات المتنوعة لعملائنا، مما يضمن تجربة سلسة ونتائج استثنائية. بفضل فريق من المحترفين ذوي الخبرة وشبكة عالمية واسعة، نتفوق في تقديم فرص استثمارية مبتكرة في العقارات السكنية الفاخرة، والمشاريع التجارية، والتطويرات غير المكتملة. نحن نقدم تحليلات سوقية دقيقة، وتسويق استراتيجي، وتفاوضات خبيرة لضمان أفضل النتائج لكل من المشترين والبائعين. بالإضافة إلى ذلك، نقدم خدمات تأجير مخصصة لمالكي العقارات والمستأجرين، مما يضمن توافق الاتفاقيات مع متطلبات العملاء المحددة.",Created,2026-02-04 05:00,,
AP74783620,,https://aqaryaid.com/en/listing/temp/unit/0?ref=AP74783620,Radiant Square,انتقل الان | شقة فاخرة 3 غرف + غرفة خادمة | مدفوعات مرنة,"Radiant Boulevard on Al Reem Island, an energetic residential project boasting contemporary apartments and essential amenities crafted to foster a lively and welcoming community in Abu Dhabi. Radiant Boulevard has arrived, presenting a dynamic and sustainable living space nestled in a prime locale within the vibrant city of lights. 

The apartment consists of:

- Master bedroom
- Two bedrooms
- Living/Dining area
- Kitchen
- Maid’s room with bathroom
- Powder room

Facilities and Amenities:

• 24*7 Security Services
• Concierge
• Lobby in Building
• Children’s Play Area
• Swimming Pool and Fully Equipped Gym
• Spacious Underground Parking
• Sauna and Steam Room
• Landscaped Garden
• Retail Shops


AQARY REAL ESTATE INVESTMENT AND DEVELOPMENT - L.L.C
For Contact AQARY REAL ESTATE INVESTMENT: 026151222 

AQARY Investment and Development is a premier real estate company specializing in buying, selling, leasing, and investing in luxury properties, commercial projects, and off-plan developments. We offer tailored solutions, expert market analysis, strategic marketing, and negotiations to ensure optimal results for our clients.",,apartment,,4,"راديانت بوليفارد في جزيرة الريم، مشروع سكني حيوي يقدّم شققًا عصرية ومرافق أساسية مصممة لتعزيز مجتمع نشط وودود في أبوظبي. لقد وصل راديانت بوليفارد، مقدمًا مساحة معيشة ديناميكية ومستدامة في موقع مميز ضمن مدينة الأنوار النابضة بالحياة.

تتكون الشقة من:

- غرفة نوم رئيسية
- غرفتين نوم
- منطقة معيشة/طعام
- مطبخ
- غرفة خادمة مع حمام
- حمام باودر

المرافق والخدمات:
- خدمات الأمن على مدار الساعة
- خدمة الاستقبال (كونسيرج)
- بهو في المبنى
- منطقة لعب للأطفال
- مسبح وصالة رياضية مجهزة بالكامل
- مواقف سيارات واسعة تحت الأرض
- ساونا وغرفة بخار
- حدائق منسقة
- محلات تجارية

شركة عقاري إنفيستمنت آند ديفيلوبمنت - ذ.ذ.م
للتواصل مع عقاري إنفيستمنت آند ديفيلوبمنت: 026151222

شركة عقاري إنفيستمنت آند ديفيلوبمنت هي شركة عقارية رائدة تقدم خدمات شاملة في شراء وبيع وتأجير واستثمار العقارات. نحن ملتزمون بتقديم حلول احترافية تلبي الاحتياجات المتنوعة لعملائنا، مما يضمن تجربة سلسة ونتائج استثنائية. بفضل فريق من المحترفين ذوي الخبرة وشبكة عالمية واسعة، نتفوق في تقديم فرص استثمارية مبتكرة في العقارات السكنية الفاخرة، والمشاريع التجارية، والتطويرات غير المكتملة. نحن نقدم تحليلات سوقية دقيقة، وتسويق استراتيجي، وتفاوضات خبيرة لضمان أفضل النتائج لكل من المشترين والبائعين. بالإضافة إلى ذلك، نقدم خدمات تأجير مخصصة لمالكي العقارات والمستأجرين، مما يضمن توافق الاتفاقيات مع متطلبات العملاء المحددة",Created,2026-02-03 05:00,,
AP14915825,,https://aqaryaid.com/en/listing/temp/unit/0?ref=AP14915825,Radiant Square,شقة 2 غرف + شرفة | إطلالة حمام السباحة | طابق مرتفع,"Discover this stylish 2-bedroom apartment in the heart of Al Reem Island, Abu Dhabi – City of Lights, Radiant Boulevard. Book your viewing today and enjoy the prime location!

Apartment Details:
Status: Vacant and ready to move in
Floor: High with a stunning pool view

Built-up Area: 782.54 sqft
Features:
2 comfortable bedrooms
2 modern bathrooms
Fully fitted open kitchen
1 parking space
Private balcony to relax and enjoy the view

For Contact AQARY REAL ESTATE INVESTMENT: 026151222
 
AQARY Investment and Development is a premier real estate company specializing in buying, selling, leasing, and investing in luxury properties, commercial projects, and off-plan developments. We offer tailored solutions, expert market analysis, strategic marketing, and negotiations to ensure optimal results for our clients.",,apartment,Standard,3,"اكتشف هذه الشقة العصرية المكونة من غرفتي نوم في قلب جزيرة الريم، أبوظبي – سيتي أوف لايتس، بوليفارد راديانت. لا تفوت فرصة حجز مشاهدة اليوم والاستمتاع بموقع الشقة المميز!
تفاصيل الشقة:
الحالة: شاغرة وجاهزة للسكن

الطابق: مرتفع مع إطلالة رائعة على حمام السباحة

المساحة المبنية: 782.54 قدم²

مواصفات الوحدة:
غرفتان نوم مريحتان
حمامان عصريان
مطبخ مفتوح مجهز بالكامل
موقف سيارة واحد
شرفة خاصة للاسترخاء والاستمتاع بالإطلالة

للتواصل مع عقاري إنفيستمنت آند ديفيلوبمنت: 026151222
 
شركة عقاري إنفيستمنت آند ديفيلوبمنت هي شركة عقارية رائدة تقدم خدمات شاملة في شراء وبيع وتأجير واستثمار العقارات. نحن ملتزمون بتقديم حلول احترافية تلبي الاحتياجات المتنوعة لعملائنا، مما يضمن تجربة سلسة ونتائج استثنائية. بفضل فريق من المحترفين ذوي الخبرة وشبكة عالمية واسعة، نتفوق في تقديم فرص استثمارية مبتكرة في العقارات السكنية الفاخرة، والمشاريع التجارية، والتطويرات غير المكتملة. نحن نقدم تحليلات سوقية دقيقة، وتسويق استراتيجي، وتفاوضات خبيرة لضمان أفضل النتائج لكل من المشترين والبائعين. بالإضافة إلى ذلك، نقدم خدمات تأجير مخصصة لمالكي العقارات والمستأجرين، مما يضمن توافق الاتفاقيات مع متطلبات العملاء المحددة.",Created,2026-01-24 05:00,,
AP70001328,,https://aqaryaid.com/en/listing/temp/unit/0?ref=AP70001328,Radiant Square,شقة غرفتين بالطوابق العليا  وبإطلالة علي القناة,"Experience this stylish 2-bedroom apartment in the heart of Al Reem Island, Abu Dhabi – City of Lights, Radiant Boulevard, offering elegant design and a prime location. Schedule your viewing today!

Features:
2 comfortable bedrooms
2 modern bathrooms
Fully equipped open kitchen
Dedicated parking space
Private balcony with scenic views

For Contact AQARY REAL ESTATE INVESTMENT: 026151222
 
* Radiant Boulevard :-
This modern development offers a refined lifestyle with contemporary design, bright open spaces, and beautiful views of the boulevard and city skyline. Perfectly located within walking distance of Boutik Mall, top schools, healthcare facilities, and major attractions. The apartment features high-quality finishes, floor-to-ceiling windows, and a smart layout designed for comfort and functionality. Residents also enjoy a wide range of premium amenities, including: Swimming pool for adults and children Fully equipped gym Children’s play areas Landscaped walkways and leisure spaces Retail shops and cafés at the podium level Covered parking 24/7 security and maintenance Radiant Boulevard is the ideal choice for those seeking luxury, convenience, and long-term investment value in the heart of Al Reem Island.


AQARY Investment and Development is a premier real estate company specializing in buying, selling, leasing, and investing in luxury properties, commercial projects, and off-plan developments. We offer tailored solutions, expert market analysis, strategic marketing, and negotiations to ensure optimal results for our clients.",,apartment,Standard,2,"اكتشف هذه الشقة العصرية المكونة من غرفتي نوم في قلب جزيرة الريم، أبوظبي – سيتي أوف لايتس، بوليفارد راديانت، والتي تجمع بين التصميم الأنيق والموقع المتميز. لا تفوت فرصة حجز مشاهدة اليوم!


مواصفات الوحدة:
غرفتا نوم مريحة
حمامان حديثان
مطبخ مفتوح مجهز بالكامل
موقف سيارة مخصص
شرفة خاصة للاستمتاع بالإطلالة


للتواصل مع عقاري إنفيستمنت آند ديفيلوبمنت: 026151222
 
يقدّم البرج أسلوب حياة راقٍ يجمع بين التصميم العصري والإطلالات المفتوحة على البوليفارد والمدينة، مع موقع استثنائي بالقرب من بوتيك مول والمدارس والمستشفيات.

تتميز الشقة بتشطيبات عالية الجودة، ونوافذ بانورامية، ومساحات داخلية مدروسة بعناية لضمان الراحة والرفاهية.
كما يوفّر المبنى مجموعة متنوعة من المرافق التي تجعل الحياة اليومية أسهل وأكثر متعة، مثل:

- مسبح للكبار والصغار
- صالة رياضية مجهزة بالكامل
- مناطق لعب للأطفال
- مسارات للمشي ومناظر طبيعية
- محلات تجارية ومقاهي في البوديوم
- مواقف سيارات مغطاة
- أمن وصيانة 24/7

ريديانت بوليفارد هو الخيار المثالي لمن يبحث عن الرفاهية، الموقع الحيوي، والقيمة الاستثمارية العالية في قلب جزيرة الريم.

شركة عقاري إنفيستمنت آند ديفيلوبمنت هي شركة عقارية رائدة تقدم خدمات شاملة في شراء وبيع وتأجير واستثمار العقارات. نحن ملتزمون بتقديم حلول احترافية تلبي الاحتياجات المتنوعة لعملائنا، مما يضمن تجربة سلسة ونتائج استثنائية. بفضل فريق من المحترفين ذوي الخبرة وشبكة عالمية واسعة، نتفوق في تقديم فرص استثمارية مبتكرة في العقارات السكنية الفاخرة، والمشاريع التجارية، والتطويرات غير المكتملة. نحن نقدم تحليلات سوقية دقيقة، وتسويق استراتيجي، وتفاوضات خبيرة لضمان أفضل النتائج لكل من المشترين والبائعين. بالإضافة إلى ذلك، نقدم خدمات تأجير مخصصة لمالكي العقارات والمستأجرين، مما يضمن توافق الاتفاقيات مع متطلبات العملاء المحددة.",Created,2026-01-29 05:00,,
AP551966,4SVKQ48ADDMI8MBX.png (https://v5.airtableusercontent.com/v3/u/51/51/1773748800000/yms4dF8EAj4QU4wjcdHSkA/bjnRsRUN0EEanrvxl__4BtFqw0SNh2iGiwk2Iy68nZP_dnT-VJWTXwhRuCGm_EeLVi5L1MsK-SCGTBxpNWerknIlSTZhG4lbdeTfzcbE0FA-NAAqAvR7n57xq_1Et2wCmI5ECHxypy83Mc_-j-i5gg/Sow_hwnuDHH24Y6brI_l_9SuRI44h8LUSDmrIWrf-Sg),https://aqaryaid.com/en/listing/temp/unit/0?ref=AP551966,Reeman living,افضل سعر | غرفتين نوم + بلكونة | امتلك الان,"Reeman Living in Al Shamkha, Abu Dhabi, is Aldar Properties’ latest residential project. It boasts luxurious studios and 1, 2, and 3-bedroom apartments. These smartly designed homes feature bespoke decor, efficient storage, and premium aesthetics. Residents can enjoy exceptional services and an elegant lifestyle. 

The apartment consists of:

- Master bedroom
- Bedroom
- Living/Dining area
- Kitchen
- Balcony
- Bathroom

FACILITIES AND AMENITIES:

- Indoor Playground
- Outdoor Terrace
- Multi-purpose Premises
- Fitness Center
- Community Areas
- Mosque
- Schools
- Shops and Retail Stores


For Contact AQARY REAL ESTATE INVESTMENT: 026151222 

AQARY Investment and Development is a premier real estate company specializing in buying, selling, leasing, and investing in luxury properties, commercial projects, and off-plan developments. We offer tailored solutions, expert market analysis, strategic marketing, and negotiations to ensure optimal results for our clients.",,apartment,Luxury,2,"ريمان ليفينج في الشامخة، أبوظبي، هو أحدث مشروع سكني لشركة الدار العقارية. يضم استوديوهات فاخرة وشقق بغرفة نوم واحدة، وغرفتين، وثلاث غرف نوم. تتميز هذه المنازل المصممة بذكاء بديكور مخصص، ومساحات تخزين فعالة، وجماليات راقية. يمكن للمقيمين الاستمتاع بخدمات استثنائية وأسلوب حياة أنيق.

تتكون الشقة من:

- غرفة نوم رئيسية
- غرفة نوم
- منطقة معيشة / طعام
- مطبخ
- بلكونة
- حمام

المرافق والخدمات:

- ملعب داخلي
- تراس خارجي
مرافق متعددة الاستخدامات
- مركز لياقة بدنية
- مناطق مجتمعية
- مسجد
- مدارس
- محلات ومتاجر تجزئة

للتواصل مع شركة العقاري للاستثمار العقاري: 026151222 

العقاري للاستثمار والتطوير هي شركة عقارية رائدة متخصصة في شراء وبيع وتأجير والاستثمار في العقارات الفاخرة، والمشاريع التجارية، والمشاريع قيد الإنشاء. نحن نقدم حلولاً مخصصة، وتحليلات سوقية متخصصة، وتسويق استراتيجي، وتفاوضات لضمان تحقيق أفضل النتائج لعملائنا.",Created,2026-02-04 05:00,,
AP282402,ZZ63UJ537R2EIN8X.png (https://v5.airtableusercontent.com/v3/u/51/51/1773748800000/fzvxcmWeCAELdQQJzN1lrQ/tzyoOjsqzJjxYKZ4vw4xL0Wboy9roepKwxMbBfvF0var-YsaIVlbIuzxQBsB3XVYbOJI-0-GGAwxLbXhLKb73CnP-5NtvQ-41HIhxN2u6za_uIGPtT8uKOBZxYR2-6Tjzg33H_fbHahl171Cyxbi5g/9-8q_g1iI9DUEzS8D6zoGlyniLujensK303Uo7RF3gA),https://aqaryaid.com/en/listing/temp/unit/0?ref=AP282402,Reeman living,عائد استثمتاري عالي | شقة فاخرة | تسليم قريبا ,"Overview:
Reeman Living in Alreeman offers a modern, community-focused lifestyle with a collection of five low-rise buildings housing 1,050 thoughtfully designed apartments, from studios to 3-bedroom homes. Each unit features smart layouts and customizable interiors, making it an ideal choice for investors seeking strong long-term returns. Surrounded by vibrant amenities and excellent connectivity, with the first phase of 630 units ready for handover in January 2026, it combines premium living with strategic investment potential. 

The apartment consists of:

- Master bedroom
- Bedroom
- Living/Dining area
- Balcony
- Powder room

Amenities:

- Indoor Kids Play Areas
- Outdoor Terrace
- Multipurpose Rooms
- Bike Lanes | Running Trails
- Retail | F and B
- Schools
- Community Centers
- Mosques


AQARY REAL ESTATE INVESTMENT AND DEVELOPMENT - L.L.C
For Contact AQARY REAL ESTATE INVESTMENT: 026151222 

AQARY Investment and Development is a premier real estate company specializing in buying, selling, leasing, and investing in luxury properties, commercial projects, and off-plan developments. We offer tailored solutions, expert market analysis, strategic marketing, and negotiations to ensure optimal results for our clients.",,apartment,Luxury,2,"نظرة عامة:
يقدم مشروع ريمان ليفينغ في الريمان أسلوب حياة حديث يركز على المجتمع، مع مجموعة من خمسة مبانٍ منخفضة الارتفاع تضم 1,050 شقة مصممة بعناية، تتراوح بين الاستوديوهات ووحدات من 3 غرف نوم. تتميز كل وحدة بتصاميم ذكية وديكورات داخلية قابلة للتخصيص، مما يجعلها خيارًا مثاليًا للمستثمرين الباحثين عن عوائد قوية على المدى الطويل. محاط بمجموعة من المرافق الحيوية وسهولة الوصول المتميزة، ومع التسليم المتوقع للمرحلة الأولى المكونة من 630 وحدة في يناير 2026، يجمع المشروع بين الحياة الفاخرة وإمكانات الاستثمار الاستراتيجية.

تتكون الشقة من:

- غرفة نوم رئيسية
- غرفة نوم
- منطقة معيشة/طعام
- بلكونة
- حمام باودر

المرافق:
- مناطق لعب للأطفال داخلية
- تراس خارجي
- غرف متعددة الاستخدامات
- مسارات للدراجات | مسارات للجري
- محلات تجارية | مطاعم ومقاهي
- مدارس
- مراكز مجتمعية
- مساجد

شركة عقاري إنفيستمنت آند ديفيلوبمنت - ذ.ذ.م
للتواصل مع عقاري إنفيستمنت آند ديفيلوبمنت: 026151222

شركة عقاري إنفيستمنت آند ديفيلوبمنت هي شركة عقارية رائدة تقدم خدمات شاملة في شراء وبيع وتأجير واستثمار العقارات. نحن ملتزمون بتقديم حلول احترافية تلبي الاحتياجات المتنوعة لعملائنا، مما يضمن تجربة سلسة ونتائج استثنائية. بفضل فريق من المحترفين ذوي الخبرة وشبكة عالمية واسعة، نتفوق في تقديم فرص استثمارية مبتكرة في العقارات السكنية الفاخرة، والمشاريع التجارية، والتطويرات غير المكتملة. نحن نقدم تحليلات سوقية دقيقة، وتسويق استراتيجي، وتفاوضات خبيرة لضمان أفضل النتائج لكل من المشترين والبائعين. بالإضافة إلى ذلك، نقدم خدمات تأجير مخصصة لمالكي العقارات والمستأجرين، مما يضمن توافق الاتفاقيات مع متطلبات العملاء المحددة",Created,2026-02-04 05:00,,
AP626726,E82H1SUYWH62DV9L.png (https://v5.airtableusercontent.com/v3/u/51/51/1773748800000/8bP8VGbsXNEcA780UHZXeQ/tL0OuTeT8-Vpy9b126QtlFtdOo-C-5kyy7NZwNd5ujRLipRl4gl7e59__XysLEzRmPEBUa3h75W0ZUBiEuBE8F1ESt0Z8OE7z7fk0cJBQX4uvYJyD15Evk-ymni8pGGvylVmHjTprVlBQGm8jBOHTg/6gP3dU6NuQVVCSc-J1ggusWfLS9BZ0kwPNLmjvdVwLY),https://aqaryaid.com/en/listing/temp/unit/0?ref=AP626726,Reeman living,امتلك قريبا | في الطوابق العليا | مساحة واسعة,"Overview:
Reeman Living in Alreeman offers a modern, community-focused lifestyle with a collection of five low-rise buildings housing 1,050 thoughtfully designed apartments, from studios to 3-bedroom homes. Each unit features smart layouts and customizable interiors, making it an ideal choice for investors seeking strong long-term returns. Surrounded by vibrant amenities and excellent connectivity, with the first phase of 630 units ready for handover in January 2026, it combines premium living with strategic investment potential. 

The apartment consists of:

- Master bedroom
- Bedroom
- Living/Dining area
- Balcony
- Powder room

Amenities:

- Indoor Kids Play Areas
- Outdoor Terrace
- Multipurpose Rooms
- Bike Lanes | Running Trails
- Retail | F and B
- Schools
- Community Centers
- Mosques


AQARY REAL ESTATE INVESTMENT AND DEVELOPMENT - L.L.C
For Contact AQARY REAL ESTATE INVESTMENT: 026151222 

AQARY Investment and Development is a premier real estate company specializing in buying, selling, leasing, and investing in luxury properties, commercial projects, and off-plan developments. We offer tailored solutions, expert market analysis, strategic marketing, and negotiations to ensure optimal results for our clients.",,apartment,,2,"نظرة عامة:
يقدم مشروع ريمان ليفينغ في الريمان أسلوب حياة حديث يركز على المجتمع، مع مجموعة من خمسة مبانٍ منخفضة الارتفاع تضم 1,050 شقة مصممة بعناية، تتراوح بين الاستوديوهات ووحدات من 3 غرف نوم. تتميز كل وحدة بتصاميم ذكية وديكورات داخلية قابلة للتخصيص، مما يجعلها خيارًا مثاليًا للمستثمرين الباحثين عن عوائد قوية على المدى الطويل. محاط بمجموعة من المرافق الحيوية وسهولة الوصول المتميزة، ومع التسليم المتوقع للمرحلة الأولى المكونة من 630 وحدة في يناير 2026، يجمع المشروع بين الحياة الفاخرة وإمكانات الاستثمار الاستراتيجية.

تتكون الشقة من:

- غرفة نوم رئيسية
- غرفة نوم
- منطقة معيشة/طعام
- بلكونة
- حمام باودر

المرافق:
- مناطق لعب للأطفال داخلية
- تراس خارجي
- غرف متعددة الاستخدامات
- مسارات للدراجات | مسارات للجري
- محلات تجارية | مطاعم ومقاهي
- مدارس
- مراكز مجتمعية
- مساجد

شركة عقاري إنفيستمنت آند ديفيلوبمنت - ذ.ذ.م
للتواصل مع عقاري إنفيستمنت آند ديفيلوبمنت: 026151222

شركة عقاري إنفيستمنت آند ديفيلوبمنت هي شركة عقارية رائدة تقدم خدمات شاملة في شراء وبيع وتأجير واستثمار العقارات. نحن ملتزمون بتقديم حلول احترافية تلبي الاحتياجات المتنوعة لعملائنا، مما يضمن تجربة سلسة ونتائج استثنائية. بفضل فريق من المحترفين ذوي الخبرة وشبكة عالمية واسعة، نتفوق في تقديم فرص استثمارية مبتكرة في العقارات السكنية الفاخرة، والمشاريع التجارية، والتطويرات غير المكتملة. نحن نقدم تحليلات سوقية دقيقة، وتسويق استراتيجي، وتفاوضات خبيرة لضمان أفضل النتائج لكل من المشترين والبائعين. بالإضافة إلى ذلك، نقدم خدمات تأجير مخصصة لمالكي العقارات والمستأجرين، مما يضمن توافق الاتفاقيات مع متطلبات العملاء المحددة",Created,2026-02-04 05:00,,
AP712764,GWFFKTN5VSE9JR0D.png (https://v5.airtableusercontent.com/v3/u/51/51/1773748800000/6pleL17UPcL-q9TypYvsqA/PPBZjSBXw8H5FWBTqdbaMskDzUDzKIlJsz4EgCjtoOrNa-lPncKwy2RKXxfV-H3Los7GeiMKGSudTB6yIJi9IuoA2py9qirXDb6bA9dPznBLtaSBf_BrbLLKPtx1rLmU5dOAuRpa_RH8Dm4qY0qzOQ/pRIAcKiHoTrOkWJSL81hXkWRe_tYKlLc_9WajxBQsmw),https://aqaryaid.com/en/listing/temp/unit/0?ref=AP712764,Reeman living,انقل قريبا لشقة فاخرة بالطوابق العليا وبأطلالة خلابة,"Reeman Living is a new complex by one of the leading development companies in Abu Dhabi – Aldar Properties. It is the second residential project to be launched under the developer’s ‘Living’ collection. The community has a first-of-its-kind design concept, targeted towards people who desire to connect to the world, without any compromise. 

The apartment consists of:

- Bedroom
- Living / Dining area
- Open kitchen
- Bathroom

Community Amenities:

•	Fully Equipped Gym & Fitness Center
•	Landscaped Gardens & Outdoor Seating Areas
•	Indoor Kids’ Play Area & Community Room
•	Retail Outlets & Convenience Stores
•	24/7 Security & CCTV Surveillance
•	Covered Parking Spaces


For Contact AQARY REAL ESTATE INVESTMENT: 026151222 

AQARY Investment and Development is a premier real estate company specializing in buying, selling, leasing, and investing in luxury properties, commercial projects, and off-plan developments. We offer tailored solutions, expert market analysis, strategic marketing, and negotiations to ensure optimal results for our clients.",,apartment,Luxury,1,"ريمان ليفينغ هو مجمّع سكني جديد من تطوير واحدة من الشركات الرائدة في أبوظبي، الدار العقارية.
ويُعد هذا المشروع السكني الثاني الذي يتم إطلاقه ضمن مجموعة ""Living"" الخاصة بالمطور.
يتميّز المجتمع السكني بتصميم فريد من نوعه، يستهدف الأشخاص الذين يسعون للتواصل مع العالم من حولهم دون أي تنازلات.

تتكون الشقة من:

- غرفة نوم
- منطقة معيشة / طعام
- مطبخ مفتوح
- حمّام

 مرافق المجتمع السكني:

- صالة رياضية ومركز لياقة بدنية مجهّز بالكامل
- حدائق مُنسقة ومناطق جلوس خارجية
- منطقة لعب داخلية للأطفال وغرفة مجتمعية
- متاجر ومنافذ بيع للراحة
- أمن على مدار 24 ساعة وكاميرات مراقبة
- مواقف سيارات مغطاة

للتواصل مع شركة عقاري للاستثمار العقاري: 026151222

تُعد شركة عقاري للاستثمار والتطوير من الشركات الرائدة في مجال العقارات،
وهي متخصصة في شراء وبيع وتأجير واستثمار العقارات الفاخرة، والمشاريع التجارية، والمشاريع قيد الإنشاء.
نُقدّم حلولاً مخصصة، وتحليلات دقيقة للسوق، وتسويقاً استراتيجياً، ومهارات تفاوض لضمان أفضل النتائج لعملائنا.",Created,2026-02-04 05:00,,
AP247828,WRTKME1A87VZRA7P.png (https://v5.airtableusercontent.com/v3/u/51/51/1773748800000/18owDEf1zavHCIaujPMZTQ/C4sfE0YBv-2WkQ-Ay7JRLg33jFi0Ol9v-aFtSLHrsgEUICMX7fpYeHf_Suqy6xkLHn3SGOwRtfS8ocjaZUKr8L8elsAvikBh1Geu6kNO06ulZe2xab8QqfTikzASt6zymzRV66V5sU8KC4nL_ZzCrg/jrTCEcKfPHvF0b6wqtLEDbWuFwg9YRmEj67jC9FrVPs),https://aqaryaid.com/en/listing/temp/unit/0?ref=AP247828,Reeman living,شقة واسعة |غرفتين نوم + بلكونة | طابق عالي,"Discover a Modern Lifestyle in Reeman Living 1 
Step into contemporary elegance with this luxurious 1-bedroom apartment in Reeman Living 1 by Aldar Properties, located in Al Shamkha, Abu Dhabi

The apartment consists of:

- Master bedroom
- Bedroom
- Living / dining room
- Open kitchen
- Balcony
- Bathroom


Facilities & Amenities

•	Bike Lanes
•	Community Center
•	Fitness Facilities
•	Indoor Playground
•	Mosques
•	Multipurpose Room
•	Outdoor Terrace
•	Retails & F&B Hubs
•	Running Track
•	School
•	BBQ Areas
•	Jogging Trails
•	Parking Facility
•	Yoga & Meditation
•	Cycling Trails
•	Kids Play Area
•	Shopping Mall
•	Gardens and Parks
•	Outdoor Dining Area
•	Sports Court


For Contact AQARY REAL ESTATE INVESTMENT: 026151222 

AQARY Investment and Development is a premier real estate company specializing in buying, selling, leasing, and investing in luxury properties, commercial projects, and off-plan developments. We offer tailored solutions, expert market analysis, strategic marketing, and negotiations to ensure optimal results for our clients.",,apartment,Luxury,2,"**اكتشف أسلوب الحياة العصري في ريمان ليفينغ 1
خطوة إلى الأناقة المعاصرة مع هذه الشقة الفاخرة من غرفة نوم واحدة في ريمان ليفينغ 1 من شركة الدار العقارية، الواقعة في الشامخة، أبوظبي.

الشقة تتكون من:

غرفة نوم رئيسية

غرفة نوم

غرفة معيشة / طعام

مطبخ مفتوح

شرفة

حمام

المرافق والخدمات:

مسارات للدراجا

مركز مجتمعي

مرافق للياقة البدنية

ملعب داخلي

مساجد

غرفة متعددة الاستخدامات

تراس خارجي

مراكز تجارية ومطاعم ومقاهي

مسار للجري

مدرسة

مناطق للشواء

مسارات للمشي

مواقف سيارات

يوجا وتأمل

مسارات للدراجات

منطقة ألعاب للأطفال

مول تجاري

حدائق وحدائق عامة

منطقة لتناول الطعام في الهواء الطلق

ملعب رياضي

للتواصل مع شركة أكاري للاستثمار والتطوير العقاري:

شركة أكاري للاستثمار والتطوير العقاري - ش.م.م
للتواصل مع أكاري للاستثمار العقاري: 026151222

شركة أكاري للاستثمار والتطوير هي شركة عقارية رائدة متخصصة في شراء وبيع وتأجير والاستثمار في العقارات الفاخرة، والمشاريع التجارية، والتطويرات العقارية خارج المخطط. نحن نقدم حلولًا مخصصة، وتحليلات سوقية احترافية، وتسويق استراتيجي، وتفاوضات لضمان تحقيق أفضل النتائج لعملائنا.",Created,2026-02-04 05:00,,
AP27835417,ADBDIH0FDW8VSZX6.png (https://v5.airtableusercontent.com/v3/u/51/51/1773748800000/tkc7Asqe50Yjc8BYFBT-dw/WTTIpNEWpGoJwiXCVOVbk8p76LFtcp0Tf4vtu3VkmQMUsY9Q_WXiZXeV_hRubs_SSfaJuD6fz7SUbJDBS7G0jBLGUIbFDVNEwwmRQY7ss5NiRgiDR5lslqTOeXatRytNAYc0pocUfAnvvJry5pRZZQ/wXB0t8QjgMciJqG1DsPDcS4W6Q03JJayUfwxHBCjgHQ),https://aqaryaid.com/en/listing/temp/unit/0?ref=AP27835417,Reeman living,الأفضل في ريمان ليفينغ: شقة 3 غرف بمساحة مثالية,"Discover this stunning unfurnished apartment, thoughtfully designed to provide maximum comfort and elegance.

Apartment Features:
Bedrooms: 3 bedrooms, including a spacious master bedroom.
Bathrooms: 2 fully equipped bathrooms, one of which is en-suite to the master bedroom.
Living & Dining Area: A bright, open space perfect for relaxing and entertaining guests.
Kitchen: A functional kitchen located next to the dining area.
Foyer: A welcoming entrance leading to the various living spaces.


This apartment is a great opportunity to enjoy a well-designed and practical living space.

AQARY REAL ESTATE INVESTMENT AND DEVELOPMENT - L.L.C
For Contact AQARY REAL ESTATE INVESTMENT: 026151222
 
AQARY Investment and Development is a premier real estate company specializing in buying, selling, leasing, and investing in luxury properties, commercial projects, and off-plan developments. We offer tailored solutions, expert market analysis, strategic marketing, and negotiations to ensure optimal results for our clients.",,apartment,Standard,2,"اكتشف هذه الشقة الرائعة غير المفروشة، المصممة بعناية لتوفير أقصى درجات الراحة والأناقة. 

محتويات الشقة:
غرف النوم: 3 غرف نوم، بما في ذلك غرفة نوم رئيسية واسعة.
الحمامات: 2 حمام مجهزين بالكامل، أحدهما ملحق بغرفة النوم الرئيسية.
غرفة المعيشة والطعام: مساحة مفتوحة ومشرقة مثالية للاسترخاء واستضافة الضيوف.
المطبخ: مطبخ عملي يقع بجوار منطقة تناول الطعام.
المدخل : مدخل ترحيبي يؤدي إلى مساحات المعيشة المختلفة.

هذه الشقة هي فرصة رائعة للعيش في مساحة مصممة جيدًا وعملية.

شركة عقاري إنفيستمنت آند ديفيلوبمنت - ذ.ذ.م
للتواصل مع عقاري إنفيستمنت آند ديفيلوبمنت: 026151222
 
شركة عقاري إنفيستمنت آند ديفيلوبمنت هي شركة عقارية رائدة تقدم خدمات شاملة في شراء وبيع وتأجير واستثمار العقارات. نحن ملتزمون بتقديم حلول احترافية تلبي الاحتياجات المتنوعة لعملائنا، مما يضمن تجربة سلسة ونتائج استثنائية. بفضل فريق من المحترفين ذوي الخبرة وشبكة عالمية واسعة، نتفوق في تقديم فرص استثمارية مبتكرة في العقارات السكنية الفاخرة، والمشاريع التجارية، والتطويرات غير المكتملة. نحن نقدم تحليلات سوقية دقيقة، وتسويق استراتيجي، وتفاوضات خبيرة لضمان أفضل النتائج لكل من المشترين والبائعين. بالإضافة إلى ذلك، نقدم خدمات تأجير مخصصة لمالكي العقارات والمستأجرين، مما يضمن توافق الاتفاقيات مع متطلبات العملاء المحددة",Created,2026-02-04 05:00,,
AP37828627,XX9MYXIVARBXV8VT.png (https://v5.airtableusercontent.com/v3/u/51/51/1773748800000/jR_h2ikEnLzaD5nMyLJOAg/9xBhujjTbSzYVFBccU6Oo7arHd2LXlFvW6LRWSYguU_C23lUkGZ57-sK1-sgvjU5MIkkmEFDGbFqOKrE5UMPzt8vEW5WE3Dd_3QAAzXrepwx62DP-QRV6Pht2emo2FsfXkCuxbK4TNRU70P8zAzhvw/3OaHBBFbWw3OUJ3dOzgxFavtWbCt7IWHKieGP01foyU),https://aqaryaid.com/en/listing/temp/unit/0?ref=AP37828627,Reeman living,استثمر الان | تشطيب عصري | اطلالة فاخرة ,"Reeman Living is a sophisticated residential development in Al Shamkha, Abu Dhabi, by Aldar Properties. Offering elegantly designed studio to three-bedroom apartments, it provides high-end finishes and premium amenities:


The apartment consists of:

- Bedroom
- Living / Dining area
- Open kitchen
- Bathroom

FACILITIES AND AMENITIES:

- Indoor Playground
- Outdoor Terrace
- Multi-purpose Premises
- Fitness Center
- Community Areas
- Mosque
- Schools
- Shops and Retail Stores


AQARY REAL ESTATE INVESTMENT AND DEVELOPMENT - L.L.C
For Contact AQARY REAL ESTATE INVESTMENT: 026151222 

AQARY Investment and Development is a premier real estate company specializing in buying, selling, leasing, and investing in luxury properties, commercial projects, and off-plan developments. We offer tailored solutions, expert market analysis, strategic marketing, and negotiations to ensure optimal results for our clients.",,apartment,,1,"ريمـان ليفينغ هو مشروع سكني راقٍ في الشامخة – أبوظبي، من تطوير شركة الدار العقارية. يقدّم شققاً أنيقة التصميم تتراوح من الاستوديو إلى ثلاث غرف نوم، مع تشطيبات عالية الجودة ومرافق وخدمات متميزة:

تتكوّن الشقّة من:

- غرفة نوم
- منطقة معيشة / طعام
- مطبخ مفتوح
- حمّام

الخدمات والمرافق:

- ملعب داخلي
- تراس خارجي
- قاعات متعددة الاستخدامات
- مركز لياقة بدنية
- مناطق مجتمعية
- مسجد
- مدارس
- محلات ومتاجر تجزئة

شركة عقاري إنفيستمنت آند ديفيلوبمنت - ذ.ذ.م
للتواصل مع عقاري إنفيستمنت آند ديفيلوبمنت: 026151222

شركة عقاري إنفيستمنت آند ديفيلوبمنت هي شركة عقارية رائدة تقدم خدمات شاملة في شراء وبيع وتأجير واستثمار العقارات. نحن ملتزمون بتقديم حلول احترافية تلبي الاحتياجات المتنوعة لعملائنا، مما يضمن تجربة سلسة ونتائج استثنائية. بفضل فريق من المحترفين ذوي الخبرة وشبكة عالمية واسعة، نتفوق في تقديم فرص استثمارية مبتكرة في العقارات السكنية الفاخرة، والمشاريع التجارية، والتطويرات غير المكتملة. نحن نقدم تحليلات سوقية دقيقة، وتسويق استراتيجي، وتفاوضات خبيرة لضمان أفضل النتائج لكل من المشترين والبائعين. بالإضافة إلى ذلك، نقدم خدمات تأجير مخصصة لمالكي العقارات والمستأجرين، مما يضمن توافق الاتفاقيات مع متطلبات العملاء المحددة",Created,2026-02-04 05:00,,
AP184314,,https://aqaryaid.com/en/listing/temp/unit/0?ref=AP184314,Reeman living,شقة فاخرة | في الطوابق العلياء | كورنر ,"Reeman Living is a new complex by one of the leading development companies in Abu Dhabi – Aldar Properties. It is the second residential project to be launched under the developer’s ‘Living’ collection. The community has a first-of-its-kind design concept, targeted towards people who desire to connect to the world, without any compromise. 

The apartment consists of:

- Bedroom
- Living/Dining area
- Kitchen
- Bathroom

Community Amenities:

• Fully Equipped Gym & Fitness Center
• Landscaped Gardens & Outdoor Seating Areas
• Indoor Kids’ Play Area & Community Room
• Retail Outlets & Convenience Stores
• 24/7 Security & CCTV Surveillance
• Covered Parking Spaces


AQARY REAL ESTATE INVESTMENT AND DEVELOPMENT - L.L.C
For Contact AQARY REAL ESTATE INVESTMENT: 026151222 

AQARY Investment and Development is a premier real estate company specializing in buying, selling, leasing, and investing in luxury properties, commercial projects, and off-plan developments. We offer tailored solutions, expert market analysis, strategic marketing, and negotiations to ensure optimal results for our clients",,apartment,Luxury,1,"ريمان ليفينج هو مجمع سكني جديد من تطوير واحدة من أبرز شركات التطوير العقاري في أبوظبي – شركة الدار العقارية.
وهو المشروع السكني الثاني الذي يتم إطلاقه ضمن سلسلة مشاريع المطور التي تحمل اسم ""Living"".

يتميز هذا المجتمع السكني بمفهوم تصميم فريد من نوعه، يستهدف الأشخاص الذين يسعون إلى التواصل مع العالم دون أي تنازلات.

تتكون الشقة من:

- غرفة نوم
- منطقة معيشة / طعام
- مطبخ
- حمام

مرافق المجتمع:

• مركز لياقة بدنية مجهز بالكامل
• حدائق منسّقة ومناطق جلوس خارجية
• منطقة ألعاب داخلية للأطفال وغرفة مجتمعية
• متاجر تجزئة ومحلات لوازم يومية
• أمن على مدار الساعة ومراقبة بكاميرات CCTV
• مواقف سيارات مغطاة

شركة عقاري للاستثمار والتطوير العقاري ذ.م.م
للتواصل مع عقاري للاستثمار العقاري: 026151222

شركة عقاري للاستثمار والتطوير هي شركة رائدة في مجال العقارات، متخصصة في شراء وبيع وتأجير والاستثمار في العقارات الفاخرة والمشاريع التجارية والمشاريع قيد الإنشاء.
نُقدّم حلولاً مخصصة، وتحليلات سوقية دقيقة، وتسويقًا استراتيجيًا، بالإضافة إلى خدمات التفاوض لضمان أفضل النتائج لعملائنا.",Created,2026-01-23 05:00,,
AP755630,,https://aqaryaid.com/en/listing/temp/unit/0?ref=AP755630,Reeman living,شقة فاخرة | مجتمع راقي | في الطوابق العليا,"Reeman Living in Al Shamkha, Abu Dhabi, is Aldar Properties’ latest residential project. It boasts luxurious studios and 1, 2, and 3-bedroom apartments. These smartly designed homes feature bespoke decor, efficient storage, and premium aesthetics. Residents can enjoy exceptional services and an elegant lifestyle. 

The apartment consists of:

- Bedroom
- Living/Dining area
- Kitchen
- Bathroom

FACILITIES AND AMENITIES:

- Indoor Playground
- Outdoor Terrace
- Multi-purpose Premises
- Fitness Center
- Community Areas
- Mosque
- Schools
- Shops and Retail Stores


For Contact AQARY REAL ESTATE INVESTMENT: 026151222 

AQARY Investment and Development is a premier real estate company specializing in buying, selling, leasing, and investing in luxury properties, commercial projects, and off-plan developments. We offer tailored solutions, expert market analysis, strategic marketing, and negotiations to ensure optimal results for our clients",,apartment,Luxury,1,"ريمان ليفينج في منطقة الشامخة، أبوظبي هو أحدث مشروع سكني من شركة الدار العقارية. يتميز المشروع بشقق فاخرة تشمل استوديوهات، وشقق مكونة من غرفة، غرفتين، أو ثلاث غرف نوم. تم تصميم هذه الوحدات بذكاء لتوفر ديكورات عصرية، ومساحات تخزين عملية، ولمسات جمالية راقية. كما ينعم السكان بخدمات استثنائية ونمط حياة أنيق ومريح.

تتكون الشقة من:

- غرفة نوم
- غرفة معيشة / طعام
- مطبخ
- حمّام

الخدمات والمرافق:

- ملعب داخلي للأطفال
- تراس خارجي
- مساحات متعددة الاستخدام
- مركز لياقة بدنية
- مناطق مجتمعية
- مسجد
- مدارس
- محلات تجارية ومنافذ بيع بالتجزئة

للتواصل مع شركة عقاري للاستثمار العقاري: 026151222

تُعد عقاري للاستثمار والتطوير شركة رائدة في مجال العقارات، متخصصة في البيع والشراء والتأجير والاستثمار في العقارات الفاخرة والمشاريع التجارية والمشاريع قيد الإنشاء.
نقدّم حلولًا مخصصة، وتحليلات دقيقة للسوق، واستراتيجيات تسويقية احترافية، ومهارات تفاوض عالية لضمان تحقيق أفضل النتائج لعملائنا.",Created,2026-01-23 05:00,,
AP934969,F38J34YBVBBUAUXJ.png (https://v5.airtableusercontent.com/v3/u/51/51/1773748800000/SJfRrocpBNrw14grKbhEWg/guf63M-LiaYOheazgGcIyjc_OkNAF4Mv6X8kcFJWxrQyhM5RdLeaoOHDkNo6SugEaBme1XZDIlAWCcbQWNPL1Zq6WUmUaODTJMkrxU6oxMaMIRQzI-_6PFiFxvyQSQnCA8NotKrcl1sU5ya1qERvFQ/FyX7WzGONAm2EtQxXQ056PILWhMU0kNqljheFqDU-9U),https://aqaryaid.com/en/listing/temp/unit/0?ref=AP934969,Reeman living, شقة فاخرة | في الطوابق العلياء | كورنر,"Reeman Living is a new complex by one of the leading development companies in Abu Dhabi – Aldar Properties. It is the second residential project to be launched under the developer’s ‘Living’ collection. The community has a first-of-its-kind design concept, targeted towards people who desire to connect to the world, without any compromise. 

The apartment consists of:

- Bedroom
- Living/Dining area
- Kitchen
- Bathroom

Community Amenities:

• Fully Equipped Gym & Fitness Center
• Landscaped Gardens & Outdoor Seating Areas
• Indoor Kids’ Play Area & Community Room
• Retail Outlets & Convenience Stores
• 24/7 Security & CCTV Surveillance
• Covered Parking Spaces


AQARY REAL ESTATE INVESTMENT AND DEVELOPMENT - L.L.C
For Contact AQARY REAL ESTATE INVESTMENT: 026151222 

AQARY Investment and Development is a premier real estate company specializing in buying, selling, leasing, and investing in luxury properties, commercial projects, and off-plan developments. We offer tailored solutions, expert market analysis, strategic marketing, and negotiations to ensure optimal results for our clients",,apartment,Luxury,1,"ريمان ليفينج هو مجمع سكني جديد من تطوير واحدة من أبرز شركات التطوير العقاري في أبوظبي – شركة الدار العقارية.
وهو المشروع السكني الثاني الذي يتم إطلاقه ضمن سلسلة مشاريع المطور التي تحمل اسم ""Living"".

يتميز هذا المجتمع السكني بمفهوم تصميم فريد من نوعه، يستهدف الأشخاص الذين يسعون إلى التواصل مع العالم دون أي تنازلات.

تتكون الشقة من:

- غرفة نوم
- منطقة معيشة / طعام
- مطبخ
- حمام

مرافق المجتمع:

• مركز لياقة بدنية مجهز بالكامل
• حدائق منسّقة ومناطق جلوس خارجية
• منطقة ألعاب داخلية للأطفال وغرفة مجتمعية
• متاجر تجزئة ومحلات لوازم يومية
• أمن على مدار الساعة ومراقبة بكاميرات CCTV
• مواقف سيارات مغطاة

شركة عقاري للاستثمار والتطوير العقاري ذ.م.م
للتواصل مع عقاري للاستثمار العقاري: 026151222

شركة عقاري للاستثمار والتطوير هي شركة رائدة في مجال العقارات، متخصصة في شراء وبيع وتأجير والاستثمار في العقارات الفاخرة والمشاريع التجارية والمشاريع قيد الإنشاء.
نُقدّم حلولاً مخصصة، وتحليلات سوقية دقيقة، وتسويقًا استراتيجيًا، بالإضافة إلى خدمات التفاوض لضمان أفضل النتائج لعملائنا.",Created,2026-02-04 05:00,,
AP538333,7741AXWMNBYXZ1G9.png (https://v5.airtableusercontent.com/v3/u/51/51/1773748800000/wNTy7hYF4h2hEIEwBr3LkA/G7BZkrUScHq6pOHjT5NnsnHo3F-JDWefx201R8v7lQGWHQLGNQ2b5JULWfRgY3KQLSoHRVtC6hfa5owhPGW3MywEx-X6j2vEwhyG9NRzACDW2cKwPb-chdiMpgpfLzepDXzV_KUsei2j9VJPO-K2og/-rO4FNWYFp8CBDYGn_bmuqyeDqV7Gyhm2H56mnEpqhw),https://aqaryaid.com/en/listing/temp/unit/0?ref=AP538333,Reeman living,امتلك الان شقة فاخر | كورنر | تشطيب عصري,"Reeman Living is a new complex by one of the leading development companies in Abu Dhabi – Aldar Properties. It is the second residential project to be launched under the developer’s ‘Living’ collection. The community has a first-of-its-kind design concept, targeted towards people who desire to connect to the world, without any compromise. 

The apartment consists of:

- Bedroom
- Living/Dining area
- Kitchen
- Bathroom

Community Amenities:

• Fully Equipped Gym & Fitness Center
• Landscaped Gardens & Outdoor Seating Areas
• Indoor Kids’ Play Area & Community Room
• Retail Outlets & Convenience Stores
• 24/7 Security & CCTV Surveillance
• Covered Parking Spaces


AQARY REAL ESTATE INVESTMENT AND DEVELOPMENT - L.L.C
For Contact AQARY REAL ESTATE INVESTMENT: 026151222 

AQARY Investment and Development is a premier real estate company specializing in buying, selling, leasing, and investing in luxury properties, commercial projects, and off-plan developments. We offer tailored solutions, expert market analysis, strategic marketing, and negotiations to ensure optimal results for our clients.",,apartment,Luxury,1,"ريمان ليفينج هو مجمّع سكني جديد من تطوير واحدة من أبرز شركات التطوير العقاري في أبوظبي – شركة الدار العقارية. يُعد هذا المشروع السكني الثاني الذي يتم إطلاقه ضمن مجموعة ""Living"" التابعة للمطور. يتميز المجتمع السكني بمفهوم تصميم فريد من نوعه، يستهدف الأشخاص الذين يتطلعون إلى التواصل مع العالم دون أي تنازلات.

يتكوّن الشقّة من:

- غرفة نوم
- منطقة معيشة / طعام
- مطبخ
- حمام

مرافق المجتمع السكني:

• صالة ألعاب رياضية ومركز لياقة بدنية مجهّز بالكامل
• حدائق مُنسّقة ومناطق جلوس خارجية
• منطقة ألعاب داخلية للأطفال وغرفة مجتمعية
• محلات تجزئة ومتاجر لراحة السكان
• أمن على مدار الساعة ومراقبة بكاميرات CCTV
• مواقف سيارات مغطاة

شركة عقاري إنفيستمنت آند ديفيلوبمنت - ذ.ذ.م
للتواصل مع عقاري إنفيستمنت آند ديفيلوبمنت: 026151222

شركة عقاري إنفيستمنت آند ديفيلوبمنت هي شركة عقارية رائدة تقدم خدمات شاملة في شراء وبيع وتأجير واستثمار العقارات. نحن ملتزمون بتقديم حلول احترافية تلبي الاحتياجات المتنوعة لعملائنا، مما يضمن تجربة سلسة ونتائج استثنائية. بفضل فريق من المحترفين ذوي الخبرة وشبكة عالمية واسعة، نتفوق في تقديم فرص استثمارية مبتكرة في العقارات السكنية الفاخرة، والمشاريع التجارية، والتطويرات غير المكتملة. نحن نقدم تحليلات سوقية دقيقة، وتسويق استراتيجي، وتفاوضات خبيرة لضمان أفضل النتائج لكل من المشترين والبائعين. بالإضافة إلى ذلك، نقدم خدمات تأجير مخصصة لمالكي العقارات والمستأجرين، مما يضمن توافق الاتفاقيات مع متطلبات العملاء المحددة._(Edited)_",Created,2026-02-04 05:00,,
AP05046871,UIREG3BHXKJ0H1WG.png (https://v5.airtableusercontent.com/v3/u/51/51/1773748800000/3hYi0PH_GYoa8AYifmkq4Q/2-JWC5ZVHhVPf-DYi4ncovA8Ss-Crn8fQt1nfgG9CdgJoiiwhzwXYjjnpEWj0HiYoDmrukbpmgZ0Kj__UmamxLDTy0MwGx6m5qoN0IpQrkI33Wl7a59qHpvzUorXsEEoEZOiDVgmhedhSb0AywjMzQ/UYV1kCNYMnMyxtlCMebH2kIXWmxjFKRKvDQctnwBkhw),https://aqaryaid.com/en/listing/temp/unit/0?ref=AP05046871,Reeman living,استثمر الان | شقة فاخرة | مساحة واسعة ,"Aqary Investment and Development presents a high-floor unit in a prime location with scenic Street  views — a perfect blend of comfort and convenience

Property Features:

- Bedroom
- Living room 
- Open Kitchen
- Bathroom

Facilities & Amenities:

•	Bike Lanes
•	Community Center
•	Indoor Playground
•	Mosques
•	Multipurpose Room
•	Outdoor Terrace
•	Retails & F&B Hubs
•	Running Track
•	School

For Contact AQARY REAL ESTATE INVESTMENT: 026151222 

AQARY Investment and Development is a premier real estate company specializing in buying, selling, leasing, and investing in luxury properties, commercial projects, and off-plan developments. We offer tailored solutions, expert market analysis, strategic marketing, and negotiations to ensure optimal results for our clients.",,apartment,,1,"شركة عقاري للاستثمار والتطوير تقدم وحدة في طابق مرتفع بموقع مميز مع إطلالات على الشارع — مزيج مثالي من الراحة والملاءمة

العقار يتكون من :-

- غرفة نوم
- غرفة معيشة
- مطبخ مفتوح
- حمام

الخدمات والمرافق

- مسارات للدراجات
- مركز مجتمعي
- ملعب داخلي
- مساجد
- غرفة متعددة الاستخدامات
- تراس خارجي
- محلات تجارية ومناطق طعام ومشروبات
- مضمار للجري
- مدرسة

عقاري للاستثمار والتطوير العقاري - ذ.م.م
للتواصل مع شركة عقاري للاستثمار العقاري: 026151222

تُعد شركة عقاري للاستثمار والتطوير من الشركات الرائدة في مجال العقارات، والمتخصصة في شراء وبيع وتأجير العقارات الفاخرة والمشاريع التجارية والتطويرات العقارية قيد الإنشاء.
نقدّم حلولًا مخصصة، وتحليلات دقيقة للسوق، واستراتيجيات تسويق فعّالة، ومهارات تفاوض احترافية لضمان تحقيق أفضل النتائج لعملائنا.",Created,2026-02-04 05:00,,
AP683224,L5MZZ6NIFSDYFRQ5.png (https://v5.airtableusercontent.com/v3/u/51/51/1773748800000/qznZWQHm1TLTV3W-Lj_WTg/YhundqpJ2HPFtDYRaoE_af5Ity5Dwwpx0_yPwcP2kQdxOfdfHHE3mCjtmxUq1W95S58YhKLg2R2ahaGqyLkCvjojc9Q_Yht0P20Wqp0OJRYM1KT3M25qgwaGs6LDRAyZNCGGLt-wQNGb0BRyDLPw4w/p7yQjvqNRpfodE1RXOsEu0eOWSnyJd98hKsoZCEHlXg),https://aqaryaid.com/en/listing/temp/unit/0?ref=AP683224,Reeman living,فرصة ذهبية لامتلاك شقة أحلامك بموقع مميز,"Experience modern elegance at Reeman Living  – A stylish 1-bedroom apartment by Aldar in vibrant Al Shamkha, where sleek design meets comfort in a thriving community.

Property Details:

The apartment consists of:

- Bedroom
- Living/Dining Area 
- Kitchen
- Bathroom

Facilities & Amenities

•	Bike Lanes
•	Community Center
•	Fitness Facilities
•	Indoor Playground
•	Mosques
•	Multipurpose Room
•	Outdoor Terrace
•	Retails & F&B Hubs
•	Running Track
•	School
•	BBQ Areas
•	Jogging Trails
•	Parking Facility
•	Yoga & Meditation
•	Cycling Trails
•	Kids Play Area
•	Shopping Mall
•	Gardens and Parks
•	Outdoor Dining Area
•	Sports Court


For more information feel free to contact us at

AQARY REAL ESTATE INVESTMENT AND DEVELOPMENT - L.L.C
For Contact AQARY REAL ESTATE INVESTMENT: 026151222 

AQARY Investment and Development is a premier real estate company specializing in buying, selling, leasing, and investing in luxury properties, commercial projects, and off-plan developments. We offer tailored solutions, expert market analysis, strategic marketing, and negotiations to ensure optimal results for our clients.",,apartment,Luxury,1,"اكتشف أناقة العصر الحديث في ريمان ليفينج – شقة أنيقة بغرفة نوم واحدة من شركة الدار في منطقة الشامخة النابضة بالحياة، حيث يلتقي التصميم العصري بالراحة في مجتمع مزدهر.

تتكون الشقة من:

- غرفة نوم
- معيشة / طعام
- مطبخ
- حمام

المرافق والخدمات:

• مسارات للدراجات
• مركز مجتمعي
• مرافق لياقة بدنية
• ملعب داخلي للأطفال
• مساجد
• غرفة متعددة الأغراض
• تراس خارجي
• مراكز تجارية ومطاعم
• مضمار للجري
• مدرسة
• مناطق للشواء
• مسارات للركض
• مواقف سيارات
• جلسات يوغا وتأمل
• مسارات ركوب الدراجات
• منطقة لعب للأطفال
• مول تسوق
• حدائق ومنتزهات
• منطقة لتناول الطعام في الهواء الطلق
• ملاعب رياضية

لمزيد من المعلومات، لا تتردد في التواصل معنا عبر:

شركة عقاري للاستثمار والتطوير العقاري ذ.م.م
للاتصال بشركة عقاري للاستثمار العقاري: 026151222

شركة عقاري للاستثمار والتطوير هي شركة رائدة في مجال العقارات متخصصة في شراء وبيع وتأجير والاستثمار في العقارات الفاخرة، المشاريع التجارية، والتطويرات تحت الإنشاء. نقدم حلولاً مخصصة، تحليلات سوقية خبراء، تسويق استراتيجي، ومفاوضات لضمان تحقيق أفضل النتائج لعملائنا.",Created,2026-02-04 05:00,,
AP773853,2YAQI3SL5ZL0BJGX.png (https://v5.airtableusercontent.com/v3/u/51/51/1773748800000/tGNXnp2WqmbiNEvmgXOLMw/YZFqzXtBg_UboDxADHp-motDa5QtApQ94UQ4eAQCU5VFehEJmmqW4Bx6quVCMKLSMp4SQWgyMXoFh_GIdOBL450f3JW4_TI4m3rXi_ygNPYfB4sITlG_JPV7AKOg8yZdw9C85Xrz_Cn1mE2-LPFuGw/v5qHt2ygXEyA5GL8VkxQUzUO-WeioObJvG4Xcy6_Zp0),https://aqaryaid.com/en/listing/temp/unit/0?ref=AP773853,Reeman living,امتلك الان | استوديو فاخر | سعر ممتاز ,"Reeman Living is a complex by Aldar Properties with a total of 1,050 residential units. The development will be the second project in the Living Collection, which are presented by comfortable urban real estate with thoughtful designs in the elite areas of the UAE capital. According to the developer's plans, the handover of Reeman Living is expected in Q1 2026.

The studio consists of:

- Bedroom / living and dining area
- kitchen
- Bathroom.


 Facilities & Amenities

- Bike Lanes
- Community Center
- Fitness Facilities
- Indoor Playground
- Mosques
- Multipurpose Room


AQARY REAL ESTATE INVESTMENT AND DEVELOPMENT - L.L.C
For Contact AQARY REAL ESTATE INVESTMENT: 026151222 

AQARY Investment and Development is a premier real estate company specializing in buying, selling, leasing, and investing in luxury properties, commercial projects, and off-plan developments. We offer tailored solutions, expert market analysis, strategic marketing, and negotiations to ensure optimal results for our clients.",,apartment,Luxury,1,"ريمان ليفينغ (Reeman Living) هو مجمع سكني تابع لشركة الدار العقارية، يضم ما مجموعه 1,050 وحدة سكنية.
يُعد هذا التطوير المشروع الثاني ضمن مجموعة “Living Collection”، والتي تقدم عقارات حضرية مريحة بتصاميم مدروسة في المناطق الراقية من عاصمة دولة الإمارات.
ووفقًا لخطط المطوّر، من المتوقع تسليم مشروع ريمان ليفينغ في الربع الأول من عام 2026.

يتكوّن الاستوديو من:

- غرفة نوم / منطقة معيشة وطعام
- مطبخ
- حمّام

المرافق والخدمات:

- مسارات للدراجات
- مركز مجتمعي
- مرافق لياقة بدنية
- منطقة لعب داخلية للأطفال
- مساجد
- قاعة متعددة الاستخدامات

شركة عقاري إنفيستمنت آند ديفيلوبمنت - ذ.ذ.م
للتواصل مع عقاري إنفيستمنت آند ديفيلوبمنت: 026151222

شركة عقاري إنفيستمنت آند ديفيلوبمنت هي شركة عقارية رائدة تقدم خدمات شاملة في شراء وبيع وتأجير واستثمار العقارات. نحن ملتزمون بتقديم حلول احترافية تلبي الاحتياجات المتنوعة لعملائنا، مما يضمن تجربة سلسة ونتائج استثنائية. بفضل فريق من المحترفين ذوي الخبرة وشبكة عالمية واسعة، نتفوق في تقديم فرص استثمارية مبتكرة في العقارات السكنية الفاخرة، والمشاريع التجارية، والتطويرات غير المكتملة. نحن نقدم تحليلات سوقية دقيقة، وتسويق استراتيجي، وتفاوضات خبيرة لضمان أفضل النتائج لكل من المشترين والبائعين. بالإضافة إلى ذلك، نقدم خدمات تأجير مخصصة لمالكي العقارات والمستأجرين، مما يضمن توافق الاتفاقيات مع متطلبات العملاء المحددة",Created,2026-02-04 05:00,,
AP19721509,H9AVQMWY76X0MN3F.png (https://v5.airtableusercontent.com/v3/u/51/51/1773748800000/nWijDnk0cWiqeCS95O7ZvA/DCW6yRP6ac4_FR3QuUxVuCsClmW-UjjtooI3cD7Qm_DyNnS-R8dnWyjJGt25H993TznS-KLPYTP58LcCT36izBGWJjosHrFEWkR8LgBPYApwf3XnnxZ-y09nNRrqbM4QorTnWCV6qMVRxJ7adxDCPw/sszOTFo6k0rej2Zd8MNDklyE7Ns_iLONXMpwhGP2aS8),https://aqaryaid.com/en/listing/temp/unit/0?ref=AP19721509,Reeman living,استديو عصري | استثمار ممتاز | تملك الان,"Reeman Living is the second release in the 'Living' collection by Aldar Properties, which offers design-led urban living across upscale areas of the capital.


The studio consists of:

- Bedroom / Living / Dining Area
- Kitchen
- Bathroom

AMENITIES AND FACILITES:-

- 24/7 Security
- Cycling Tracks
- Jogging Tracks
-  Fitness Centre
-  Gymnasium
- Swimming Pool
- Landscaped Gardens
- Barbeque Area
- Kids Play Ground

AQARY REAL ESTATE INVESTMENT AND DEVELOPMENT - L.L.C
For Contact AQARY REAL ESTATE INVESTMENT: 026151222 

AQARY Investment and Development is a premier real estate company specializing in buying, selling, leasing, and investing in luxury properties, commercial projects, and off-plan developments. We offer tailored solutions, expert market analysis, strategic marketing, and negotiations to ensure optimal results for our clients.",,apartment,,1,"ريمــان ليفينغ هو الإصدار الثاني ضمن مجموعة ""ليفينغ"" من تطوير الدار العقارية، والتي تقدم أسلوب معيشة حضريًا يعتمد على التصميم العصري في أكثر مناطق العاصمة رقياً.

يتكون الاستوديو من:
غرفة نوم / المعيشة / الطعام
مطبخ
حمّام

المرافق والخدمات:
أمن وحراسة على مدار 24/7
مسارات للدراجات
مسارات للجري
مركز لياقة بدنية
صالة رياضية
مسبح
حدائق مُنسّقة
منطقة للشواء
ملعب للأطفال

عقاري للاستثمار والتطوير العقاري ذ.م.م
للتواصل مع عقاري للاستثمار العقاري: ‎026151222

تعد عقاري للاستثمار والتطوير شركة رائدة في مجال العقارات، متخصصة في البيع والشراء والتأجير والاستثمار في العقارات الفاخرة والمشاريع التجارية والتطويرات قيد الإنشاء. نقدم حلولاً مصممة خصيصًا، وتحليلات سوقية دقيقة، واستراتيجيات تسويق وتفاوض احترافية لضمان أفضل النتائج لعملائنا.",Created,2026-02-04 05:00,,
AP756948,7ZGU2OPFNALD9YX1.png (https://v5.airtableusercontent.com/v3/u/51/51/1773748800000/B4kb5gWGqJ81VNi46YwpAg/JN3zZLA1tUVfiTfnRPdiC86V7AiFqYcXqvMO84xJgalxsvf4t-5BhI4viegB_nyAtvRCHn9YO85-K8UYCM6AfKP-w-PJ_plLfEgvspUHbXsh5HAnnbyVVHKUSkACdP0CfAT1xTPzkGjn2MiwFAH8Rw/sL3n9p5OFIpMCPDksLrSd0H1FY2vLMJfWIGeKHgQQ6Q),https://aqaryaid.com/en/listing/temp/unit/0?ref=AP756948,Reeman living,,"Reeman Living, the second residential development in Aldar's ""Living"" collection, offers design-driven urban living at an accessible price point within the Alreeman master community in Abu Dhabi's Alshamkha neighborhood.


▶️  Property Details:

- Master room with ensuite bathroom
- 2 Bedroom
- Bathroom
- Living room 
- Open Kitchen
- 2 Parking

▶️ Facilities & Amenities

•	Bike Lanes
•	Community Center
•	Fitness Facilities
•	Indoor Playground
•	Mosques
•	Multipurpose Room
•	Outdoor Terrace
•	Retails & F&B Hubs
•	Running Track
•	School
•	BBQ Areas
•	Jogging Trails
•	Parking Facility
•	Yoga & Meditation
•	Cycling Trails
•	Kids Play Area
•	Shopping Mall
•	Gardens and Parks
•	Outdoor Dining Area
•	Sports Court


For more information feel free to contact us at

AQARY REAL ESTATE INVESTMENT AND DEVELOPMENT - L.L.C
For Contact AQARY REAL ESTATE INVESTMENT: 026151222 ☎️

AQARY Investment and Development is a premier real estate company specializing in buying, selling, leasing, and investing in luxury properties, commercial projects, and off-plan developments. We offer tailored solutions, expert market analysis, strategic marketing, and negotiations to ensure optimal results for our clients.",,apartment,Luxury,2,"ريمان ليفينغ، ثاني مشروع سكني ضمن مجموعة ""ليفينغ"" من شركة الدار العقارية، يقدم أسلوب حياة حضري بتصاميم عصرية وبأسعار مناسبة ضمن مجتمع الريمان الرئيسي في منطقة الشامخة – أبوظبي.

▶️ تفاصيل العقار:

•غرفة رئيسية مع حمام داخلي
•غرفتا نوم
•حمام
•غرفة معيشة
•مطبخ مفتوح
•موقفان للسيارات

▶️ الخدمات والمرافق:

• مسارات للدراجات الهوائية
• مركز مجتمعي
• مرافق لياقة بدنية
• ملعب داخلي للأطفال
• مساجد
• قاعة متعددة الاستخدامات
• تراس خارجي
• منافذ تجارية ومطاعم ومقاهي
• مضمار للجري
• مدرسة
• مناطق للشواء
• مسارات للركض
• مواقف سيارات
• مساحات لليوغا والتأمل
• مسارات للدراجات
• منطقة ألعاب للأطفال
• مركز تسوق
• حدائق ومساحات خضراء
• أماكن لتناول الطعام في الهواء الطلق
• ملاعب رياضية

للمزيد من المعلومات، لا تترددوا في التواصل معنا:

شركة عقاري للاستثمار والتطوير العقاري ذ.م.م
☎️ للتواصل: 026151222

عقاري للاستثمار والتطوير هي شركة رائدة في مجال العقارات، متخصصة في شراء وبيع وتأجير والاستثمار في العقارات الفاخرة والمشاريع التجارية والتطويرات قيد الإنشاء.
نقدم حلولًا مخصصة وتحليلات سوقية دقيقة وتسويقًا استراتيجيًا ومفاوضات احترافية لضمان تحقيق أفضل النتائج لعملائنا.",Created,2026-02-04 05:00,,
AP53328625,,https://aqaryaid.com/en/listing/temp/unit/0?ref=AP53328625,Rivage,امتلك شقتك بإطلالة مانغروف ساحرة قبل الارتفاع!,"1BR Apartment with Mangrove View – Rivage, Al Reem Island
Presented by AQARY Real Estate Investment & Development

Experience the perfect blend of elegance and tranquility in Rivage, a premium waterfront project on Al Reem Island developed under Aldar supervision. This 1-bedroom apartment offers a smart layout, luxurious finishing, and a serene mangrove view.

Apartment Features:
– 1 Spacious Bedroom
– Bright Living & Dining Area
– Modern Closed Kitchen
– Elegant Bathroom
– Large Balcony with Sea & City View
– Total Area: 914.51 sq.ft
– Handover: Q4 2027

Amenities & Facilities:
– Infinity Pool & Fully Equipped Gym
– Covered Parking
– 24/7 Security & Maintenance
– Ground-floor Retail & Cafés
– Close to Boutik Mall and Reem Central Park

Rivage offers an exceptional lifestyle in the heart of Al Reem Island — the perfect home for modern living and a promising investment opportunity.

For Contact AQARY REAL ESTATE INVESTMENT: 026151222
 
AQARY Investment and Development is a premier real estate company specializing in buying, selling, leasing, and investing in luxury properties, commercial projects, and off-plan developments. We offer tailored solutions, expert market analysis, strategic marketing, and negotiations to ensure optimal results for our clients.",,apartment,Luxury,2,"عيش تجربة فاخرة تجمع بين الراحة والإطلالة الخلابة على القناة المائية في مشروع ريفاج – جزيرة الريم، أحد أحدث المشاريع السكنية المميزة التي تجمع بين التصميم العصري والموقع المثالي بالقرب من الخدمات والمرافق الحيوية.

مواصفات الشقة:
– غرفة نوم رئيسية واسعة
– صالة معيشة وطعام بإطلالة بانورامية
– مطبخ عصري مغلق
– حمّام أنيق بتشطيب راقٍ
– بلكونة فسيحة بإطلالة على المانغروف والمدينة
– المساحة الإجمالية: 914.51 قدم مربع
– تسليم في الربع الرابع من عام 2027

المرافق والخدمات:
– مسبح إنفينيتي بإطلالة بحرية
– صالة رياضية حديثة
– مواقف سيارات مغطاة
– أمن وصيانة على مدار الساعة
– محلات ومقاهي في الطابق الأرضي
– موقع مميز قرب ريم سنترال بارك وبوتيك مول

مشروع ريفاج هو وجهة مثالية للراغبين في الاستثمار أو السكن ضمن مجتمع راقٍ يوفر نمط حياة عصري بإطلالات بحرية ساحرة.

للتواصل مع عقاري إنفيستمنت آند ديفيلوبمنت: 026151222
 
شركة عقاري إنفيستمنت آند ديفيلوبمنت هي شركة عقارية رائدة تقدم خدمات شاملة في شراء وبيع وتأجير واستثمار العقارات. نحن ملتزمون بتقديم حلول احترافية تلبي الاحتياجات المتنوعة لعملائنا، مما يضمن تجربة سلسة ونتائج استثنائية. بفضل فريق من المحترفين ذوي الخبرة وشبكة عالمية واسعة، نتفوق في تقديم فرص استثمارية مبتكرة في العقارات السكنية الفاخرة، والمشاريع التجارية، والتطويرات غير المكتملة. نحن نقدم تحليلات سوقية دقيقة، وتسويق استراتيجي، وتفاوضات خبيرة لضمان أفضل النتائج لكل من المشترين والبائعين. بالإضافة إلى ذلك، نقدم خدمات تأجير مخصصة لمالكي العقارات والمستأجرين، مما يضمن توافق الاتفاقيات مع متطلبات العملاء المحددة.",Created,2026-02-03 05:00,,
VH34815044,HB3KOYE7NGS20THD.png (https://v5.airtableusercontent.com/v3/u/51/51/1773748800000/ed7mkYwqU_yFdilH1J7ANg/YrKcx2Z5RIl1Q-XiAbZVyHPm8bq7Cr4KSorVxLiZjPfs5jSo2RqTN6aEPL0u0VrYwfFLqeE9b8mxJmZG4yuhf3Lg6pdHYI95vdCrVS-dkoKHsbeNd_jG_weN2Ee946AKIreB8yikqDon64kYV-ADMg/qZTDfvXLhE9CuxHwj9lcm00FqggLciI1GOzGdRvu_TM),https://aqaryaid.com/en/listing/temp/unit/0?ref=VH34815044,Saadiyat Lagoons,فيلا فاخرة 4 غرف نوم مع تصميم عصري ومساحات واسعة,"Contents of 4-Bedroom Villa

* Ground Floor:
- Living and Reception Areas
- Kitchens:
- Maid’s Room
- Maid’s Bathroom
- Two Guest Bathrooms

* First Floor :
- 4 Master Bedrooms with Walk-in Closet and Private Bathroom
- Family Retreat
- Hall / Corridor

* Outdoor:
Swimming Pool
Car Parking


AQARY REAL ESTATE INVESTMENT AND DEVELOPMENT - L.L.C
For Contact AQARY REAL ESTATE INVESTMENT: 026151222

 Al Ghaf – Luxury Villas at Saadiyat Lagoons by Aldar Properties
Al Ghaf is an upscale residential community located in the heart of Saadiyat Island and forms part of the Saadiyat Lagoons development by Aldar Properties. The project features contemporary villas with 4 to 6 bedrooms, meticulously designed to offer the highest levels of comfort and privacy within a sustainable environment surrounded by lagoons and lush green spaces.

AQARY Investment and Development is a premier real estate company specializing in buying, selling, leasing, and investing in luxury properties, commercial projects, and off-plan developments. We offer tailored solutions, expert market analysis, strategic marketing, and negotiations to ensure optimal results for our clients.",,villa,Luxury,7,"محتويات فيلا 4 غرف نوم 

الطابق الأرضي:
- مناطق المعيشة والاستقبال
- مطبخ 
- مطبخ تحضيري
- غرفة خادمة
- حمام للخادمة
- حمامان للضيوف

* الطابق الأول :
- 4 غرف نوم ماستر مع غرفة ملابس وحمام خاص لكل غرفة
- منطقة معيشة

* المرافق الخارجية:
المسبح
موقف السيارات


شركة عقاري إنفيستمنت آند ديفيلوبمنت - ذ.ذ.م
للتواصل مع عقاري إنفيستمنت آند ديفيلوبمنت: 026151222
 
مشروع الغاف – فلل فاخرة ضمن ""سعديات لاغونز"" من الدار العقارية
الغاف هو مجتمع سكني راقٍ يقع في قلب جزيرة السعديات، ويُعد جزءًا من مشروع سعديات لاغونز الذي تطوره شركة الدار العقارية. يضم المشروع فللًا عصرية من 4 إلى 6 غرف نوم، صُممت بعناية لتوفير أقصى درجات الراحة والخصوصية في بيئة مستدامة تحيط بها البحيرات والمساحات الخضراء.

شركة عقاري إنفيستمنت آند ديفيلوبمنت هي شركة عقارية رائدة تقدم خدمات شاملة في شراء وبيع وتأجير واستثمار العقارات. نحن ملتزمون بتقديم حلول احترافية تلبي الاحتياجات المتنوعة لعملائنا، مما يضمن تجربة سلسة ونتائج استثنائية. بفضل فريق من المحترفين ذوي الخبرة وشبكة عالمية واسعة، نتفوق في تقديم فرص استثمارية مبتكرة في العقارات السكنية الفاخرة، والمشاريع التجارية، والتطويرات غير المكتملة. نحن نقدم تحليلات سوقية دقيقة، وتسويق استراتيجي، وتفاوضات خبيرة لضمان أفضل النتائج لكل من المشترين والبائعين. بالإضافة إلى ذلك، نقدم خدمات تأجير مخصصة لمالكي العقارات والمستأجرين، مما يضمن توافق الاتفاقيات مع متطلبات العملاء المحددة.",Created,2026-02-04 05:00,,
AP226407,3APG3WSLVOTGHCEE.png (https://v5.airtableusercontent.com/v3/u/51/51/1773748800000/weIidWhAvd-aEe2BRce_Yg/2calzJ_gIhOCFke_MMrvnyq2Pbw-9pyAYCiTRuw1T1mKFeAjAh1oT9geOVBtjNh1A2AMrnUMXsHS12KN48ahoYIU6LuFy99kSCZm5Y_UxqRJ3zEJn7iycE_YyBDyHnrAOtq4wg52qvLVWHR2f_C8DA/hDXw87pMVY08owRHV8JIJhBqyQg13-JN3MNWA5EVUK8),https://aqaryaid.com/en/listing/temp/unit/0?ref=AP226407,sta,شقة غرفة | بلكونة | موقع واطلالة مساحة سعر مميزين,"Aabar The Views in Al Raha Beach, Abu Dhabi is a ready to move housing society. This project is a perfect combination of comfort and style, specifically designed to suit your requirements and conveniences. This housing society is now ready to be called home as families have started moving in. Check out some of the features of Aabar the Views housing society: 

-1 Master Bedroom with Balcony
- Living / Dining Area with
- Kitchen
- Powder Room

The View Overview:

The View is an 11-storey residential complex, developed by Smart Concept Real Estate.
It is a brand-new building with Premium Finishings, a Prestigious neighborhood, and a stunning canal view.
It has fascinating features such as Panoramic windows and indoor facilities such as fitness, children play's room, and Gym. Outdoor facilities such as a Landscaped green area, CCTV, and swimming pool.
Viva, carrefour, lulu, within the options.
Adnoc is just a few blocks away. 
In the near future other amadments in the area,
It's going to be a school behind the building 
It's going to be a park and picnic area just belongs to the view.
Maybe a mosque opposite of building across the canal.
Arena is already finished and it's super close to the arena by walk through canal.
There's going to be a route in Al raha for the new public tranportation (new gen. tram) which link
Airport + yas + raha.

For Contact AQARY REAL ESTATE INVESTMENT: 026151222 

AQARY Investment and Development is a leading real estate company offering comprehensive services in buying, selling, leasing, and investing in properties. We are committed to providing professional solutions that meet the diverse needs of our clients, ensuring a seamless experience and exceptional results. With a team of experienced professionals and an extensive global network, we excel in offering innovative investment opportunities in luxury residential properties, commercial projects, and off-plan developments. We provide thorough market analysis, strategic marketing, and expert negotiations to secure the best outcomes for both buyers and sellers. Additionally, we offer tailored leasing services for property owners and tenants",,apartment,Luxury,2,"أبار ذا فيوز في شاطئ الراحة – أبوظبي هي مجتمع سكني جاهز للسكن. يتميز هذا المشروع بمزيج مثالي من الراحة والأناقة، صُمم خصيصًا ليناسب احتياجاتك ومتطلباتك اليومية. هذا المجتمع السكني أصبح الآن جاهزًا ليكون منزلك الجديد، حيث بدأت العائلات بالانتقال إليه بالفعل.
فيما يلي بعض مميزات مشروع أبار ذا فيوز السكني:

تفاصيل الشقة : 
غرفة نوم ماستر مع شرفة
غرفة معيشة / طعام
مطبخ
دورة مياه للضيوف

نظرة عامة على ذا فيو:
ذا فيو هو مبنى سكني مكون من 11 طابقًا، تم تطويره بواسطة شركة سمارت كونسبت العقارية.
يُعد مبنى جديدًا بتشطيبات فاخرة، يقع في حي راقٍ ويتمتع بإطلالة خلابة على القناة المائية.

يضم المبنى مميزات رائعة مثل نوافذ بانورامية ومرافق داخلية تشمل:
صالة ألعاب رياضية (جيم)، وغرفة ألعاب للأطفال، ومركز لياقة بدنية.

أما المرافق الخارجية فتشمل:
مساحات خضراء منسقة، ونظام مراقبة بالكاميرات (CCTV)، ومسبح.

تتوفر بالقرب منه خيارات تسوق متعددة مثل فيفا، كارفور، ولولو، كما تقع محطة أدنوك على بعد بضع دقائق فقط.

وفي المستقبل القريب، ستُضاف مرافق جديدة في المنطقة، منها:

مدرسة خلف المبنى

حديقة ومنطقة تنزه تابعة لمشروع ذا فيو

مسجد محتمل إنشاؤه مقابل المبنى عبر القناة

كما أن الملعب (الأرينا) قد تم الانتهاء منه وهو قريب جدًا من المبنى ويمكن الوصول إليه سيرًا على الأقدام عبر القناة.

وسيكون هناك مسار جديد لوسائل النقل العام الحديثة (الترام الجديد) في منطقة شاطئ الراحة، يربط بين المطار – جزيرة ياس – وشاطئ الراحة.


للتواصل مع شركة عقاري للاستثمار العقاري: 026151222

شركة عقاري إنفيستمنت آند ديفيلوبمنت هي شركة عقارية رائدة تقدم خدمات شاملة في شراء وبيع وتأجير واستثمار العقارات. نحن ملتزمون بتقديم حلول احترافية تلبي الاحتياجات المتنوعة لعملائنا، مما يضمن تجربة سلسة ونتائج استثنائية. بفضل فريق من المحترفين ذوي الخبرة وشبكة عالمية واسعة، نتفوق في تقديم فرص استثمارية مبتكرة في العقارات السكنية الفاخرة، والمشاريع التجارية، والتطويرات غير المكتملة. نحن نقدم تحليلات سوقية دقيقة، وتسويق استراتيجي، وتفاوضات خبيرة لضمان أفضل النتائج لكل من المشترين والبائعين. بالإضافة إلى ذلك، نقدم خدمات تأجير مخصصة لمالكي العقارات والمستأجرين، مما يضمن توافق الاتفاقيات مع متطلبات العملاء المحددة",Created,2026-02-04 05:00,,
AP11814969,3BOI6B8FZL5IYCFT.jpg (https://v5.airtableusercontent.com/v3/u/51/51/1773748800000/iTq911ThUFIrxTLtxbw0aw/SPO2XNqASBWyLA1-gTcoiuZIhmS610walhu8hVjAvdsG2bGnuAIJAQ4g0dhiHO37FYOfFpKZGpDzL4wmFBHav0KlYdi54pR42A23MMuJAK46jcLjCQFAekPcxRSnReSRZeVMUfdLxl8Drx9hLVntQA/UVNyFnkpPozgVIX3Qe4rVfkk3xADUw7s0RqBEdLFrY8),https://aqaryaid.com/en/listing/temp/unit/0?ref=AP11814969,The Beach House Fahid,فرصة استثمارية I تملك الان شقة بأطلالة خلابة على المسبح,"Secure a high-potential investment at The Beach House, Al Fahid Island, a premium 1-bedroom beachfront residence positioned in one of Abu Dhabi’s most promising waterfront destinations. With pool views, direct beach access, and a sought-after island address, this property offers both lifestyle appeal and long-term capital growth.

Investment Highlights

• Spacious 1-bedroom layout with a modern living area, ideal for end-users and tenants
• Pool view enhancing rental desirability and resale value
• Prime beachfront location on Al Fahid Island, a high-demand destination for short- and long-term rentals
• Contemporary design and high-quality finishes that attract premium tenants
• Exclusive amenities including swimming pools, gym, retail outlets, and a waterfront promenade
• Flexible payment plan structured to optimize cash flow and maximize ROI

This residence is an excellent opportunity for investors seeking strong rental yields, capital appreciation, and a secure asset in Abu Dhabi’s growing luxury real estate market.",,apartment,Luxury,2,"استثمر في مشروع ""ذا بيتش هاوس"" بجزيرة الفهد، وهو عبارة عن شقة فاخرة بغرفة نوم واحدة تقع على شاطئ البحر في واحدة من أكثر الوجهات الساحلية الواعدة في أبوظبي. تتميز هذه الشقة بإطلالات خلابة على المسبح، وإمكانية الوصول المباشر إلى الشاطئ، وموقعها المتميز على الجزيرة، مما يوفر نمط حياة راقٍ وفرصًا استثمارية واعدة على المدى الطويل.


مميزات الاستثمار :-

• تصميم واسع بغرفة نوم واحدة مع منطقة معيشة عصرية، مثالية للمستخدمين النهائيين والمستأجرين

• إطلالة على المسبح تعزز جاذبية الإيجار وقيمة إعادة البيع

• موقع متميز على شاطئ جزيرة الفهد، وهي وجهة مرغوبة للغاية للإيجار قصير وطويل الأجل

• تصميم عصري وتشطيبات عالية الجودة تجذب المستأجرين المميزين

• مرافق حصرية تشمل مسابح، وصالة رياضية، ومتاجر، وممشى على الواجهة البحرية

• خطة سداد مرنة مصممة لتحسين التدفق النقدي وتعظيم العائد على الاستثمار


هذه الشقة فرصة استثمارية ممتازة للمستثمرين الذين يبحثون عن عوائد إيجارية مجزية، وزيادة في قيمة رأس المال، وأصل استثماري آمن في سوق العقارات الفاخرة المتنامي في أبوظبي.


شركة عقاري إنفيستمنت آند ديفيلوبمنت - ذ.ذ.م للتواصل مع عقاري إنفيستمنت آند ديفيلوبمنت: 026151222 


اكتشف نمط حياة ساحلي راقٍ في ""ذا بيتش هاوس"" ببرج فهد 5، وهو سكن حصري يجمع بين الأناقة الراقية وهدوء البحر. صُمم هذا المنزل الاستثنائي خصيصًا لمن يُقدّرون الفخامة والخصوصية والراحة، ليُقدّم نمط حياة شاطئيًا راقيًا في موقع متميز.
يتميز السكن بتصميمات داخلية واسعة مُشرقة، وتشطيبات فاخرة، وتفاصيل معمارية دقيقة، مما يخلق توازنًا مثاليًا بين التصميم العصري وسحر البحر الهادئ. رُوعي في تصميم مساحات المعيشة الواسعة تحقيق أقصى درجات الراحة والإضاءة الطبيعية والهدوء التام.


شركة عقاري إنفيستمنت آند ديفيلوبمنت هي شركة عقارية رائدة تقدم خدمات شاملة في شراء وبيع وتأجير واستثمار العقارات. نحن ملتزمون بتقديم حلول احترافية تلبي الاحتياجات المتنوعة لعملائنا، مما يضمن تجربة سلسة ونتائج استثنائية. بفضل فريق من المحترفين ذوي الخبرة وشبكة عالمية واسعة، نتفوق في تقديم فرص استثمارية مبتكرة في العقارات السكنية الفاخرة، والمشاريع التجارية، والتطويرات غير المكتملة. نحن نقدم تحليلات سوقية دقيقة، وتسويق استراتيجي، وتفاوضات خبيرة لضمان أفضل النتائج لكل من المشترين والبائعين. بالإضافة إلى ذلك، نقدم خدمات تأجير مخصصة لمالكي العقارات والمستأجرين، مما يضمن توافق الاتفاقيات مع متطلبات العملاء المحددة.",Created,2026-02-04 05:00,,
TH126109,OGFZBR16GF3FOTRF.png (https://v5.airtableusercontent.com/v3/u/51/51/1773748800000/fSm7G62cvLwu06GUh-6g4g/ROeKaQq_UCqNBsEJRAnObV017M2XzdtuXH1o3Os7tHws3oVlnzVswUyZs4wERIau07B6p07OtPQA3_KatrXhRqksuWw17l3ToilaJecv5JoQG5UUDNBT6EZTZsBtp3WC0kd42Z4x6GQQbjJT_rj9Rg/Tbf8TccE9e3ZUZ340xxvoN68A2l2CBpAqo0Izcig7KM),https://aqaryaid.com/en/listing/temp/unit/0?ref=TH126109,The Sustainable City,كورنر I تاون هاوس 3 غرف نوم مع حديقة خاصة,"Presented by AQARY Real Estate Investment and Development

Experience modern sustainable living in The Sustainable City – Yas Island, a unique eco-friendly community developed to redefine comfort and responsible living.
This elegant 3-bedroom townhouse combines spacious interiors, natural light, and private outdoor space designed for families seeking a balanced lifestyle in a prime Yas location.

Unit Features:
– 3 Bedrooms | 5 Bathrooms
– Spacious living & dining room
– Modern kitchen with high-quality finishes
– Maid’s room with attached bathroom
– Laundry & storage rooms
– Private garden & terrace
– Two balconies on the first floor

Facilities & Amenities:
– Sustainable design with energy-efficient systems
– Community swimming pools & gyms
– Retail & dining outlets
– Kids’ play areas & green parks
– Jogging & cycling tracks
– Mosque & community center
– Smart irrigation & solar energy system

Live sustainably, comfortably, and connected — only at The Sustainable City, Yas Island 
 
For Contact AQARY REAL ESTATE INVESTMENT: 026151222
 
AQARY Investment and Development is a premier real estate company specializing in buying, selling, leasing, and investing in luxury properties, commercial projects, and off-plan developments. We offer tailored solutions, expert market analysis, strategic marketing, and negotiations to ensure optimal results for our clients.",,townhouse,Luxury,5,"مقدم من شركة عقاري للاستثمار والتطوير العقاري

استمتع بحياة تجمع بين الفخامة والاستدامة في مشروع المدينة المستدامة – جزيرة ياس، أحد أحدث المشاريع الصديقة للبيئة في أبوظبي.
تاون هاوس عصري بتصميم ذكي يوفر مساحات رحبة وحديقة خاصة، ضمن مجتمع راقٍ متكامل الخدمات مثالي للعائلات الباحثة عن أسلوب حياة متوازن وراقي.

مواصفات الفيلا:
– 3 غرف نوم واسعة
– 5 حمامات
– غرفة معيشة وطعام فسيحة
– مطبخ عصري بتشطيب فاخر
– غرفة خادمة مع حمام
– غرفة غسيل وتخزين
– حديقة خاصة وتراس خارجي
– بلكونتان في الطابق الأول

المرافق والخدمات:
– تصميم مستدام موفر للطاقة
– مسابح وصالات رياضية
– محلات تجارية ومطاعم راقية
– مناطق لعب للأطفال وحدائق خضراء
– مسارات للجري وركوب الدراجات
– مسجد ومركز مجتمعي
– أنظمة طاقة شمسية وري ذكي

عيش الحياة العصرية المستدامة في قلب جزيرة ياس، حيث الراحة والفخامة والمسؤولية البيئية في مكان واحد


للتواصل مع عقاري إنفيستمنت آند ديفيلوبمنت: 026151222
 
شركة عقاري إنفيستمنت آند ديفيلوبمنت هي شركة عقارية رائدة تقدم خدمات شاملة في شراء وبيع وتأجير واستثمار العقارات. نحن ملتزمون بتقديم حلول احترافية تلبي الاحتياجات المتنوعة لعملائنا، مما يضمن تجربة سلسة ونتائج استثنائية. بفضل فريق من المحترفين ذوي الخبرة وشبكة عالمية واسعة، نتفوق في تقديم فرص استثمارية مبتكرة في العقارات السكنية الفاخرة، والمشاريع التجارية، والتطويرات غير المكتملة. نحن نقدم تحليلات سوقية دقيقة، وتسويق استراتيجي، وتفاوضات خبيرة لضمان أفضل النتائج لكل من المشترين والبائعين. بالإضافة إلى ذلك، نقدم خدمات تأجير مخصصة لمالكي العقارات والمستأجرين، مما يضمن توافق الاتفاقيات مع متطلبات العملاء المحددة.",Created,2026-02-04 05:00,,
TH807566,924JY8XSMQMOOQ39.jpg (https://v5.airtableusercontent.com/v3/u/51/51/1773748800000/CHo9doPcpk5Fi2yHxG7ffw/C-6Q6c9yDEnIqjph22Q5wyE-BlcA1NpLncEkFhWU0uq6suEOXJam4-aV_B-aAF7bgIAs8vUUr15yw74BzGKBxt46pX9ydm1MdqKiVOyr9tNEAl4Gmuumt1yJkRXYC5cAz-4P4AXoYFjX3FFKdc6Vag/-j7GSbhbnT_RV-D1tTJbv1-1VPAmuaREC0LyE4Wecxo),https://aqaryaid.com/en/listing/temp/unit/0?ref=TH807566,yas park gate,افضل سعر | تاون هاوس غرفتين | تشطيب عصري,"Welcome to your Yas Island Oasis! A lush and serene community that swaps screens and scrolling for real life experiences. Morning dips in the pool, afternoon adventures in the park, or anytime moments in quiet spaces as you sit and watch the world go by. 

Property Features:

- 3-elegant ensuite Bedrooms with built-in wardrobes
-  Modern fully fitted kitchen
- Maid's room with attached bathroom. 
- First-rate bathrooms and a convenient powder room
- Garden
-  Parking area

AQARY REAL ESTATE INVESTMENT AND DEVELOPMENT - L.L.C
For Contact AQARY REAL ESTATE INVESTMENT: 026151222 

AQARY Investment and Development is a premier real estate company specializing in buying, selling, leasing, and investing in luxury properties, commercial projects, and off-plan developments. We offer tailored solutions, expert market analysis, strategic marketing, and negotiations to ensure optimal results for our clients.",,townhouse,Standard,4,"مرحبًا بك في واحتك في جزيرة ياس!
مجتمع هادئ وغنّاء يستبدل الشاشات والتصفح بتجارب واقعية نابضة بالحياة — من السباحة الصباحية في المسبح، إلى المغامرات بعد الظهر في الحديقة، أو لحظات الهدوء في أي وقت بينما تجلس لتستمتع بجمال العالم من حولك.

مميزات العقار
- مطبخ عصري مجهز بالكامل
- ثلاث غرف نوم أنيقة بحمامات داخلية وخزائن مدمجة
- غرفة خادمة مع حمام ملحق
- حمامات راقية وحمام ضيوف مريح
- حديقة
- منطقة مخصصة لمواقف السيارات


للتواصل مع عقاري إنفيستمنت آند ديفيلوبمنت: 026151222


شركة عقاري إنفيستمنت آند ديفيلوبمنت هي شركة عقارية رائدة تقدم خدمات شاملة في شراء وبيع وتأجير واستثمار العقارات. نحن ملتزمون بتقديم حلول احترافية تلبي الاحتياجات المتنوعة لعملائنا، مما يضمن تجربة سلسة ونتائج استثنائية. بفضل فريق من المحترفين ذوي الخبرة وشبكة عالمية واسعة، نتفوق في تقديم فرص استثمارية مبتكرة في العقارات السكنية الفاخرة، والمشاريع التجارية، والتطويرات غير المكتملة. نحن نقدم تحليلات سوقية دقيقة، وتسويق استراتيجي، وتفاوضات خبيرة لضمان أفضل النتائج لكل من المشترين والبائعين. بالإضافة إلى ذلك، نقدم خدمات تأجير مخصصة لمالكي العقارات والمستأجرين، مما يضمن توافق الاتفاقيات مع متطلبات العملاء المحددة.",Created,2026-02-04 05:00,,