UNIT_ID,UNIT_COVER_IMAGE,UNIT_URL,PROJECT_NAME,TITLE_AR,UNIT_DESCRIPTION_EN,TITLE_EN,unit_type,lifestyle,bedroom,bathroom,UNIT_DESCRIPTION_AR,FineHome_post_status,GreatFineHome_post_status,AqaryInvestment_post_status,createdAt,updatedAt,reference image
AP95073759,,,Al Maryah Vista,طابق مرتفع | مساحة معيشة واسعة | إطلالة على القناة,"Experience premium island living in this elegant studio apartment at Al Maryah Vista 2, perfectly located in one of Abu Dhabi’s most prestigious lifestyle destinations. Designed with contemporary flair, this bright and spacious studio offers an ideal blend of comfort, functionality, and style.


FEATURES:

- Studio apartment
- Fully furnished
- Open kitchen layout
- Well-planned living space
- Built-in wardrobes
- High-quality finishes
- Balcony
- Parking available


AMENITIES:

- 24-Hour Security & CCTV Surveillance
- Kids' Pool and Adult Pool
- Lobby In the Building
- Gym
- BBQ area
- Shaded seating areas
- Public transportation
- Restaurants
- Landscaped areas
- Mosques
- Community Park



AQARY REAL ESTATE INVESTMENT AND DEVELOPMENT - L.L.C

For Contact AQARY REAL ESTATE INVESTMENT: 026151222
 
AQARY Investment and Development is a premier real estate company specializing in buying, selling, leasing, and investing in luxury properties, commercial projects, and off-plan developments. We offer tailored solutions, expert market analysis, strategic marketing, and negotiations to ensure optimal results for our clients.",High Floor | Spacious Living | Canal View,Residential Building,,Studio,1,"استمتع بتجربة معيشة فاخرة على جزيرة في هذه الشقة الاستوديو الأنيقة في المارية فيستا 2، بموقع مثالي في إحدى أرقى وجهات الحياة العصرية في أبوظبي. صُمم هذا الاستوديو المشرق والواسع بأسلوب عصري، ويوفر مزيجًا مثاليًا من الراحة والعملية والأناقة.


المميزات:

- شقة استوديو
- مفروشة بالكامل
- مطبخ مفتوح
- مساحة معيشة مُصممة بعناية
- خزائن حائط
- تشطيبات عالية الجودة
- شرفة
- موقف سيارات متاح

المرافق:

- أمن على مدار الساعة وكاميرات مراقبة
- مسبح للأطفال ومسبح للكبار
- ردهة في المبنى
- صالة رياضية
- منطقة شواء
- مناطق جلوس مظللة
- مواصلات عامة
- مطاعم
- مساحات خضراء
- مساجد
- حديقة عامة

شركة عقاري للاستثمار والتطوير العقاري - ذ.م.م

للتواصل مع شركة عقاري للاستثمار العقاري: 026151222

شركة عقاري للاستثمار والتطوير العقاري هي شركة عقارية رائدة متخصصة في شراء وبيع وتأجير والاستثمار في العقارات الفاخرة والمشاريع التجارية ومشاريع التطوير على الخارطة. نقدم حلولاً مُصممة خصيصاً لعملائنا، وتحليلات سوقية متخصصة، وتسويقاً استراتيجياً، ومفاوضات لضمان أفضل النتائج لعملائنا.",Created,,,,,
AP8027257,,,The Gate Towers,شقه بالطوابق العليا مع إطلالات خلابة على المدينة,"Experience premium waterfront living with this spacious 2-bedroom apartment for sale in Gate Towers 3, one of Shams Abu Dhabi’s most sought-after addresses on Al Reem Island. Boasting stunning city and partial sea views, this residence is ideal for families or investors seeking a stylish home in a vibrant, modern community.

* Unit Features
Modern interior finishes
Open-plan kitchen with custom cabinets
Spacious living and dining areas
2 bedrooms with built-in wardrobes
3 stylish bathrooms
Guest powder room


* Community Amenities
Resort-style outdoor swimming pool
Fully equipped fitness center
Landscaped podium and walking areas
Residents’ lounge and social spaces
24/7 security and concierge services
High-speed elevators
Covered and secure parking
Children’s indoor and outdoor play areas
On-site retail shops


AQARY REAL ESTATE INVESTMENT AND DEVELOPMENT - L.L.C

For Contact AQARY REAL ESTATE INVESTMENT: 026151222
 
AQARY Investment and Development is a premier real estate company specializing in buying, selling, leasing, and investing in luxury properties, commercial projects, and off-plan developments. We offer tailored solutions, expert market analysis, strategic marketing, and negotiations to ensure optimal results for our clients.",High-Floor | Spacious Home | Hot Offer,Residential Building,Standard,2,3,"استمتع بأسلوب حياة فاخر على الواجهة البحرية مع هذه الشقة الواسعة المكوّنة من غرفتي نوم والمعروضة للبيع في أبراج غيت تاورز 3، أحد أكثر العناوين السكنية تميزًا في شمس أبوظبي بجزيرة الريم. تتمتع الشقة بإطلالات خلابة على المدينة وإطلالات جزئية على البحر، مما يجعلها خيارًا مثاليًا للعائلات أو المستثمرين الباحثين عن منزل أنيق ضمن مجتمع حيوي وعصري.

مواصفات الوحدة:
- تشطيبات داخلية عصرية
- مطبخ بتصميم مفتوح مزوّد بخزائن مخصّصة
- مساحات واسعة للمعيشة والطعام
- غرفتا نوم مع خزائن مدمجة
- 3 حمّامات بتصميم أنيق
- حمّام ضيوف

* مرافق المجتمع السكني:
- مسبح خارجي بتصميم منتجعي
- مركز لياقة بدنية مجهّز بالكامل
- منصّة خارجية منسّقة وممرات للمشي
- صالة للمقيمين ومساحات اجتماعية
- خدمات أمن واستقبال على مدار الساعة
- مصاعد عالية السرعة
- مواقف سيارات مغطاة وآمنة
- مناطق ألعاب داخلية وخارجية للأطفال
- متاجر تجزئة داخل المشروع


شركة عقاري للاستثمار والتطوير العقاري – ذ.م.م

للتواصل مع شركة عقاري للاستثمار العقاري:
026151222

تُعد شركة عقاري للاستثمار والتطوير واحدة من الشركات الرائدة في مجال العقارات، حيث تتخصص في شراء وبيع وتأجير والاستثمار في العقارات الفاخرة، والمشاريع التجارية، والمشاريع قيد الإنشاء. كما تقدم حلولًا مخصّصة، وتحليلًا احترافيًا للسوق، واستراتيجيات تسويق فعّالة، وخدمات تفاوض متميزة لضمان أفضل النتائج لعملائها.",Created,,,,,
AP307450,,,Royal Park,شقة فاخرة |مساحة واسعة | اطلالة علي المسبح,"Royal Park is a luxury residential project with six low rise complexes and 844 units, offering an exceptional lifestyle with sophisticated amenities.


The apartment consists of:
- Master bedroom
- Living/Dining room with a balcony
- Kitchen
- Toilet

 Amenities:-
- Children’s Play Area
- Children’s Pool
- Central A/C & Heating
- Balcony
- Built-in Kitchen Appliances
- Built-in Wardrobes
- Security
- Shared Pool

 AQARY REAL ESTATE INVESTMENT AND DEVELOPMENT - L.L.C
For Contact AQARY REAL ESTATE INVESTMENT: 026151222 
BRN: 20250000439532
Commercial License: CN-5157024 
(RERA) License No: 20250000439532 

AQARY Investment and Development is a premier real estate company specializing in buying, selling, leasing, and investing in luxury properties, commercial projects, and off-plan developments. We offer tailored solutions, expert market analysis, strategic marketing, and negotiations to ensure optimal results for our clients.",Profitable Investment | Modern 1BR | Pool view,Residential Building,Luxury,1,2,"رويال بارك هو مشروع سكني فاخر يتكون من ست مجمعات منخفضة الارتفاع ويضم 844 وحدة، ويوفر أسلوب حياة استثنائي مع مرافق متطورة وأنيقة.

تفاصيل الشقة

- غرفة نوم ماستر 
- غرفة معيشة / طعام مع شرفة
- مطبخ
- حمام

المرافق والخدمات

- منطقة لعب للأطفال
- مسبح للأطفال
- تكييف وتدفئة مركزية
- شرفة
- أجهزة مطبخ مدمجة
- خزائن مدمجة
- أمن وحراسة
- مسبح مشترك

شركة عقاري إنفيستمنت آند ديفيلوبمنت - ذ.ذ.م
للتواصل مع عقاري إنفيستمنت آند ديفيلوبمنت: 026151222

شركة عقاري إنفيستمنت آند ديفيلوبمنت هي شركة عقارية رائدة تقدم خدمات شاملة في شراء وبيع وتأجير واستثمار العقارات. نحن ملتزمون بتقديم حلول احترافية تلبي الاحتياجات المتنوعة لعملائنا، مما يضمن تجربة سلسة ونتائج استثنائية. بفضل فريق من المحترفين ذوي الخبرة وشبكة عالمية واسعة، نتفوق في تقديم فرص استثمارية مبتكرة في العقارات السكنية الفاخرة، والمشاريع التجارية، والتطويرات غير المكتملة. نحن نقدم تحليلات سوقية دقيقة، وتسويق استراتيجي، وتفاوضات خبيرة لضمان أفضل النتائج لكل من المشترين والبائعين. بالإضافة إلى ذلك، نقدم خدمات تأجير مخصصة لمالكي العقارات والمستأجرين، مما يضمن توافق الاتفاقيات مع متطلبات العملاء المحددة",Created,,,,,
VH34815044,,,Saadiyat Lagoons,فيلا فاخرة 4 غرف نوم مع تصميم عصري ومساحات واسعة,"Contents of 4-Bedroom Villa

* Ground Floor:
- Living and Reception Areas
- Kitchens:
- Maid’s Room
- Maid’s Bathroom
- Two Guest Bathrooms

* First Floor :
- 4 Master Bedrooms with Walk-in Closet and Private Bathroom
- Family Retreat
- Hall / Corridor

* Outdoor:
Swimming Pool
Car Parking


AQARY REAL ESTATE INVESTMENT AND DEVELOPMENT - L.L.C
For Contact AQARY REAL ESTATE INVESTMENT: 026151222

 Al Ghaf – Luxury Villas at Saadiyat Lagoons by Aldar Properties
Al Ghaf is an upscale residential community located in the heart of Saadiyat Island and forms part of the Saadiyat Lagoons development by Aldar Properties. The project features contemporary villas with 4 to 6 bedrooms, meticulously designed to offer the highest levels of comfort and privacy within a sustainable environment surrounded by lagoons and lush green spaces.

AQARY Investment and Development is a premier real estate company specializing in buying, selling, leasing, and investing in luxury properties, commercial projects, and off-plan developments. We offer tailored solutions, expert market analysis, strategic marketing, and negotiations to ensure optimal results for our clients.",Luxury4-Bedroom Villa with Modern&Spacious Living,compound Villas,Luxury,4,7,"محتويات فيلا 4 غرف نوم 

الطابق الأرضي:
- مناطق المعيشة والاستقبال
- مطبخ 
- مطبخ تحضيري
- غرفة خادمة
- حمام للخادمة
- حمامان للضيوف

* الطابق الأول :
- 4 غرف نوم ماستر مع غرفة ملابس وحمام خاص لكل غرفة
- منطقة معيشة

* المرافق الخارجية:
المسبح
موقف السيارات


شركة عقاري إنفيستمنت آند ديفيلوبمنت - ذ.ذ.م
للتواصل مع عقاري إنفيستمنت آند ديفيلوبمنت: 026151222
 
مشروع الغاف – فلل فاخرة ضمن ""سعديات لاغونز"" من الدار العقارية
الغاف هو مجتمع سكني راقٍ يقع في قلب جزيرة السعديات، ويُعد جزءًا من مشروع سعديات لاغونز الذي تطوره شركة الدار العقارية. يضم المشروع فللًا عصرية من 4 إلى 6 غرف نوم، صُممت بعناية لتوفير أقصى درجات الراحة والخصوصية في بيئة مستدامة تحيط بها البحيرات والمساحات الخضراء.

شركة عقاري إنفيستمنت آند ديفيلوبمنت هي شركة عقارية رائدة تقدم خدمات شاملة في شراء وبيع وتأجير واستثمار العقارات. نحن ملتزمون بتقديم حلول احترافية تلبي الاحتياجات المتنوعة لعملائنا، مما يضمن تجربة سلسة ونتائج استثنائية. بفضل فريق من المحترفين ذوي الخبرة وشبكة عالمية واسعة، نتفوق في تقديم فرص استثمارية مبتكرة في العقارات السكنية الفاخرة، والمشاريع التجارية، والتطويرات غير المكتملة. نحن نقدم تحليلات سوقية دقيقة، وتسويق استراتيجي، وتفاوضات خبيرة لضمان أفضل النتائج لكل من المشترين والبائعين. بالإضافة إلى ذلك، نقدم خدمات تأجير مخصصة لمالكي العقارات والمستأجرين، مما يضمن توافق الاتفاقيات مع متطلبات العملاء المحددة.",Created,,,,,
AP33833215,,,Al reef,شقة 2 غرف فاخرة مع شرفة وتصميم ذكي في موقع مثالي,"A luxurious 2-bedroom apartment thoughtfully designed to maximize space, with a smooth layout connecting living and private areas. An ideal choice for those who appreciate smart design and modern living.

Key Features:
Living & Dining Area: Bright open-plan living and dining space connected to a private balcony, providing natural light and a sense of spaciousness.

Kitchen: Elegant open kitchen integrated with the living area for easy movement and convenience.
Bedrooms: Two comfortable bedrooms offering complete privacy and comfort.
Bathrooms: Two fully equipped bathrooms to meet all your needs.
Additional Spaces:
Walk-in Closet: Storage area attached to one of the bathrooms for better organization.
Storage Room: Extra practical space for daily storage needs.
Design Highlights:
Privacy: The bedroom wing is separated from the living areas to ensure peace and quiet.
Optimal Space Utilization: Smart layout featuring a walk-in closet and storage room, rare features in similar apartments.
Outdoor Space: Private balcony adds a natural touch and a sense of openness.
This apartment is a great opportunity for anyone seeking a home that combines thoughtful design with practical daily functionality.

For viewings and inquiries, please contact…

AQARY REAL ESTATE INVESTMENT AND DEVELOPMENT - L.L.C
For Contact AQARY REAL ESTATE INVESTMENT: 026151222
 
AQARY Investment and Development is a premier real estate company specializing in buying, selling, leasing, and investing in luxury properties, commercial projects, and off-plan developments. We offer tailored solutions, expert market analysis, strategic marketing, and negotiations to ensure optimal results for our clients.",Elegant 2-Bedroom Apartment with Balcony,Mixed Used Building,Standard,2,2,"شقة فاخرة بغرفتين نوم مصممة بعناية لاستغلال المساحة بأفضل شكل، مع توزيع سلس بين مناطق المعيشة والراحة. خيار مثالي لمن يقدّر التصميم الذكي والحياة العصرية.
المواصفات الرئيسية:
غرفة المعيشة والطعام: مساحة مفتوحة مشرقة تتصل بشرفة خاصة، توفر إضاءة طبيعية وإحساس بالاتساع.
المطبخ: مطبخ أنيق مفتوح على غرفة المعيشة لتسهيل الحركة وتوفير الراحة.
غرف النوم: غرفتان مريحتان توفران خصوصية وراحة تامة.
الحمامات: حمامان مجهزان بالكامل لتلبية جميع الاحتياجات.

مساحات إضافية:
غرفة ملابس: مساحة تخزين ملحقة بأحد الحمامات لتنظيم أفضل.
مخزن: مساحة إضافية عملية لتخزين الأغراض اليومية.

مميزات التصميم:
الخصوصية: تم فصل جناح النوم عن مناطق المعيشة لضمان الراحة والهدوء.
الاستغلال الأمثل للمساحة: تصميم ذكي يضم غرفة ملابس ومخزن، ميزات نادرة في شقق مشابهة.
مساحة خارجية: شرفة خاصة تضيف لمسة طبيعية وتمنح شعورًا بالانفتاح.
هذه الشقة تمثل فرصة رائعة لمن يبحث عن منزل يجمع بين التصميم المدروس والوظائف العملية اليومية.
للمعاينة والاستفسار، يرجى التواصل…

شركة عقاري إنفيستمنت آند ديفيلوبمنت - ذ.ذ.م
للتواصل مع عقاري إنفيستمنت آند ديفيلوبمنت: 026151222
 
شركة عقاري إنفيستمنت آند ديفيلوبمنت هي شركة عقارية رائدة تقدم خدمات شاملة في شراء وبيع وتأجير واستثمار العقارات. نحن ملتزمون بتقديم حلول احترافية تلبي الاحتياجات المتنوعة لعملائنا، مما يضمن تجربة سلسة ونتائج استثنائية. بفضل فريق من المحترفين ذوي الخبرة وشبكة عالمية واسعة، نتفوق في تقديم فرص استثمارية مبتكرة في العقارات السكنية الفاخرة، والمشاريع التجارية، والتطويرات غير المكتملة. نحن نقدم تحليلات سوقية دقيقة، وتسويق استراتيجي، وتفاوضات خبيرة لضمان أفضل النتائج لكل من المشترين والبائعين. بالإضافة إلى ذلك، نقدم خدمات تأجير مخصصة لمالكي العقارات والمستأجرين، مما يضمن توافق الاتفاقيات مع متطلبات العملاء المحددة",Created,,,,,
AP17551288,,,Al reef,شقة أنيقة بغرفتين وشرفة خاصة في موقع استثنائي,"Elegant 2-Bedroom Apartment with Balcony – Smart Layout & Prime Location
Discover this spacious, thoughtfully designed apartment that offers maximum comfort and practicality. Its optimal layout makes it an excellent choice for families and individuals seeking a home that blends elegance with functionality.

Apartment Features:
Main entrance providing a welcoming and refined impression
Practical open kitchen connected to the living area
Comfortable living room with a well-organized dining space
Private balcony offering a natural extension of the living area
Two bedrooms ensuring privacy and tranquility
Two fully equipped bathrooms
Walk-in closet for enhanced organization
Additional storage room — a rare and valuable feature in similar apartments
This apartment is a fantastic opportunity for anyone looking for a modern home with a smart design and a great location.
For viewings and inquiries, please contact…

AQARY REAL ESTATE INVESTMENT AND DEVELOPMENT - L.L.C
For Contact AQARY REAL ESTATE INVESTMENT: 026151222
 
AQARY Investment and Development is a premier real estate company specializing in buying, selling, leasing, and investing in luxury properties, commercial projects, and off-plan developments. We offer tailored solutions, expert market analysis, strategic marketing, and negotiations to ensure optimal results for our clients.",Stylish 2-Bedroom Home with Balcony and Perfect Space,Mixed Used Building,Standard,2,2,"شقة أنيقة بغرفتين وصالة مع شرفة – تصميم ذكي وموقع مميز
اكتشف هذه الشقة الفسيحة والمصممة بعناية لتوفير أقصى درجات الراحة والعملية. توزيع مثالي للمساحات يجعلها خيارًا ممتازًا للعائلات والأفراد الباحثين عن منزل يجمع بين الأناقة والوظيفة.

مزايا الشقة:
مدخل رئيسي يمنح انطباعًا راقيًا
مطبخ مفتوح عملي متصل بمنطقة المعيشة
غرفة معيشة مريحة ومنطقة طعام منظمة
شرفة خاصة تضيف امتدادًا طبيعيًا للمساحة
غرفتا نوم توفران الهدوء والخصوصية
حمّامان مجهّزان بالكامل
غرفة ملابس تزيد من تنظيم المساحة
مخزن إضافي — ميزة نادرة في الشقق المشابهة
هذه الشقة تمثل فرصة ممتازة للباحثين عن منزل حديث بتصميم مدروس وموقع مميز.

للمعاينة والاستفسار، يُرجى التواصل…

شركة عقاري إنفيستمنت آند ديفيلوبمنت - ذ.ذ.م
للتواصل مع عقاري إنفيستمنت آند ديفيلوبمنت: 026151222
 
شركة عقاري إنفيستمنت آند ديفيلوبمنت هي شركة عقارية رائدة تقدم خدمات شاملة في شراء وبيع وتأجير واستثمار العقارات. نحن ملتزمون بتقديم حلول احترافية تلبي الاحتياجات المتنوعة لعملائنا، مما يضمن تجربة سلسة ونتائج استثنائية. بفضل فريق من المحترفين ذوي الخبرة وشبكة عالمية واسعة، نتفوق في تقديم فرص استثمارية مبتكرة في العقارات السكنية الفاخرة، والمشاريع التجارية، والتطويرات غير المكتملة. نحن نقدم تحليلات سوقية دقيقة، وتسويق استراتيجي، وتفاوضات خبيرة لضمان أفضل النتائج لكل من المشترين والبائعين. بالإضافة إلى ذلك، نقدم خدمات تأجير مخصصة لمالكي العقارات والمستأجرين، مما يضمن توافق الاتفاقيات مع متطلبات العملاء المحددة.",Created,,,,,
AP814539,,,Marina Square,مزيج مثالي بين السعر والموقع والمساحة,"A great opportunity to own or invest in one of the most sought-after towers in Marina Square.
This apartment features a functional layout, bright living spaces, and high-quality finishing, offering an ideal living environment in the heart of Al Reem Island.

Apartment Features:
– Master Bedroom
– Spacious Living & Dining Area
– Closed Kitchen
– Storage / Utility Space
– Powder Room
– Large windows with excellent natural light
– High-quality finishing

Facilities & Amenities:
– Swimming Pool & Fully Equipped Gym
– Covered Parking
– Elegant Lobby & Reception
– 24/7 Security & Maintenance
– Outdoor areas & walking spaces
– Close to Galleria Mall & Al Maryah Island

An excellent choice for comfortable living and a strong investment return.
 
AQARY REAL ESTATE INVESTMENT AND DEVELOPMENT - L.L.C

For Contact AQARY REAL ESTATE INVESTMENT: 026151222
 
AQARY Investment and Development is a premier real estate company specializing in buying, selling, leasing, and investing in luxury properties, commercial projects, and off-plan developments. We offer tailored solutions, expert market analysis, strategic marketing, and negotiations to ensure optimal results for our clients.",Don’t Miss Out : High Floor Quality Apartment,Residential Building,Standard,1,2,"شقة غرفة وصالة مميزة في برج أوشن تيراس – مارينا سكوير، جزيرة الريم
مقدمة من شركة عقاري للاستثمار والتطوير العقاري

اغتنم فرصة امتلاك أو استثمار شقة ذات موقع استراتيجي في واحد من أشهر أبراج مارينا سكوير.
تتميز الشقة بتقسيم عملي ومساحات واسعة تناسب الحياة العصرية، مع تشطيب أنيق وجودة عالية في التصميم.

مواصفات الشقة:
– غرفة نوم ماستر
– غرفة معيشة وطعام واسعة
– مطبخ
– مساحة مخزن/خدمات
– حمام ضيوف
– نوافذ كبيرة تمنح إضاءة طبيعية ممتازة
– تشطيب أنيق وجودة عالية

المرافق والخدمات:
– مسبح وصالة جيم مجهزة بالكامل
– مواقف سيارات مغطاة
– لوبي فخم واستقبال راقٍ
– أمن وصيانة 24/7
– ممشى ومناطق خارجية
– موقع قريب من الجاليريا مول وجزيرة المارية ووسط المدينة

استثمر في تاور يوفر جودة حياة عالية، وعائد إيجاري قوي، وإقبال كبير من السكان.

شركة عقاري إنفيستمنت آند ديفيلوبمنت - ذ.ذ.م

للتواصل مع عقاري إنفيستمنت آند ديفيلوبمنت: 026151222
 
شركة عقاري إنفيستمنت آند ديفيلوبمنت هي شركة عقارية رائدة تقدم خدمات شاملة في شراء وبيع وتأجير واستثمار العقارات. نحن ملتزمون بتقديم حلول احترافية تلبي الاحتياجات المتنوعة لعملائنا، مما يضمن تجربة سلسة ونتائج استثنائية. بفضل فريق من المحترفين ذوي الخبرة وشبكة عالمية واسعة، نتفوق في تقديم فرص استثمارية مبتكرة في العقارات السكنية الفاخرة، والمشاريع التجارية، والتطويرات غير المكتملة. نحن نقدم تحليلات سوقية دقيقة، وتسويق استراتيجي، وتفاوضات خبيرة لضمان أفضل النتائج لكل من المشترين والبائعين. بالإضافة إلى ذلك، نقدم خدمات تأجير مخصصة لمالكي العقارات والمستأجرين، مما يضمن توافق الاتفاقيات مع متطلبات العملاء المحددة.",Created,,,,,
AP669840,,,Bloom Living,شقة غرفة نوم واحدة أنيقة | غرناطة | منطقة مميزة,"Bloom Living, a remarkable offering by Aqary Real Estate Investment and Development. Set in a tranquil community with abundant green spaces and top-notch amenities, it's the perfect spot to embrace a comfortable and fulfilling lifestyle.

Features:

- Master Bedroom
- Powder Room
- Living & Dining
- Kitchen
-Balcony

Amenities:

- Community parks
-Kids Play Area
-Swimming Pools
-Retail and Restaurants
-International Schools
-Walking and Running Track
-Parking Space

AQARY REAL ESTATE INVESTMENT AND DEVELOPMENT - L.L.C
For Contact AQARY REAL ESTATE INVESTMENT: 026151222

AQARY Investment and Development is a premier real estate company specializing in buying, selling, leasing, and investing in luxury properties,
commercial projects, and off-plan developments. We offer tailored solutions, expert market analysis, strategic marketing, and negotiations to ensure optimal results for our clients.",Elegant 1BR | Granada | Convenient Area,Residential Building,,1,2,"بلوم ليفينج، عرض مميز من شركة عقاري للاستثمار والتطوير العقاري. يقع المشروع في مجتمع هادئ يتميز بمساحات خضراء واسعة ومرافق فائقة الجودة، مما يجعله المكان المثالي لعيش حياة مريحة ومليئة بالرفاهية.

المميزات:

غرفة نوم رئيسية

حمام ضيوف

غرفة معيشة وغرفة طعام

مطبخ

شرفة

المرافق:

حدائق مجتمعية

منطقة ألعاب للأطفال

حمامات سباحة

متاجر ومطاعم

مدارس دولية

مسارات للمشي والجري

مواقف سيارات

شركة عقاري للاستثمار والتطوير العقاري ذ.م.م
للتواصل: 026151222

شركة عقاري للاستثمار والتطوير هي شركة رائدة متخصصة في شراء وبيع وتأجير والاستثمار في العقارات الفاخرة، والمشاريع التجارية، والتطويرات على المخطط. نقدم حلولاً مخصصة، تحليلات سوقية متخصصة، تسويق استراتيجي، ومفاوضات لضمان تحقيق أفضل النتائج لعملائنا.",Created,,,,,
AP159282,,,Bloom Living,غرفة نوم واحدة | إطلالة على الحديقة | غرناطة,"Aqary Real Estate is delighted to present this one Bedroom comes with 2 bathrooms apartment at Bloom Living.
Khalifa City, Zayed City, Abu Dhabi. Situated in a peaceful community with expansive green spaces and excellent amenities, it’s the perfect choice for a comfortable and fulfilling lifestyle.

Features:
- Master Bedroom
- Living / dinning 
- Modern kitchen  
- Powder Room
-  2 Balcony  

Amenities:
- Community parks
- Kids Play Area
- Swimming Pools
- Retail and Restaurants
- International Schools
- Walking and Running Track
- Parking Space

For Contact AQARY REAL ESTATE INVESTMENT: 026151222

AQARY Investment and Development is a premier real estate company specializing in buying, selling, leasing, and investing in luxury properties,
commercial projects, and off-plan developments. We offer tailored solutions, expert market analysis, strategic marketing, and negotiations to ensure optimal results for our clients.",One-Bedroom | Garden View | Granada,Residential Building,,1,2,"شركة عقاري العقارية يسعدها أن تقدم هذه الشقة المميزة في بلوم ليفينغ. تقع في مجتمع هادئ يتميز بمساحات خضراء واسعة ومرافق ممتازة، مما يجعلها الخيار الأمثل لحياة مريحة ومليئة بالرفاهية.

المميزات:
- غرفة نوم رئيسية
- مساحة معيشة وغرفة طعام
- مطبخ حديث
- شرفتين

المرافق:
- حدائق مجتمعية
- منطقة ألعاب للأطفال
- حمامات سباحة
- متاجر ومطاعم
- مدارس دولية
- مسارات للمشي والجري
- مواقف سيارات

شركة عقاري للاستثمار والتطوير العقاري ذ.م.م
للتواصل: 026151222

شركة عقاري للاستثمار والتطوير هي شركة عقارية رائدة متخصصة في شراء وبيع وتأجير والاستثمار في العقارات الفاخرة، والمشاريع التجارية، والتطويرات على المخطط. نقدم حلولاً مخصصة، وتحليلات سوقية متخصصة، وتسويق استراتيجي، ومفاوضات لضمان تحقيق أفضل النتائج لعملائنا.",Created,,,,,
AP11814969,,,The Beach House Fahid,فرصة استثمارية I تملك الان شقة بأطلالة خلابة على المسبح,"Secure a high-potential investment at The Beach House, Al Fahid Island, a premium 1-bedroom beachfront residence positioned in one of Abu Dhabi’s most promising waterfront destinations. With pool views, direct beach access, and a sought-after island address, this property offers both lifestyle appeal and long-term capital growth.

Investment Highlights

• Spacious 1-bedroom layout with a modern living area, ideal for end-users and tenants
• Pool view enhancing rental desirability and resale value
• Prime beachfront location on Al Fahid Island, a high-demand destination for short- and long-term rentals
• Contemporary design and high-quality finishes that attract premium tenants
• Exclusive amenities including swimming pools, gym, retail outlets, and a waterfront promenade
• Flexible payment plan structured to optimize cash flow and maximize ROI

This residence is an excellent opportunity for investors seeking strong rental yields, capital appreciation, and a secure asset in Abu Dhabi’s growing luxury real estate market.",Exclusive Deal | Stunning Pool View | Access to Premium World-Class Amenities,Residential Building,Luxury,1,2,"استثمر في مشروع ""ذا بيتش هاوس"" بجزيرة الفهد، وهو عبارة عن شقة فاخرة بغرفة نوم واحدة تقع على شاطئ البحر في واحدة من أكثر الوجهات الساحلية الواعدة في أبوظبي. تتميز هذه الشقة بإطلالات خلابة على المسبح، وإمكانية الوصول المباشر إلى الشاطئ، وموقعها المتميز على الجزيرة، مما يوفر نمط حياة راقٍ وفرصًا استثمارية واعدة على المدى الطويل.


مميزات الاستثمار :-

• تصميم واسع بغرفة نوم واحدة مع منطقة معيشة عصرية، مثالية للمستخدمين النهائيين والمستأجرين

• إطلالة على المسبح تعزز جاذبية الإيجار وقيمة إعادة البيع

• موقع متميز على شاطئ جزيرة الفهد، وهي وجهة مرغوبة للغاية للإيجار قصير وطويل الأجل

• تصميم عصري وتشطيبات عالية الجودة تجذب المستأجرين المميزين

• مرافق حصرية تشمل مسابح، وصالة رياضية، ومتاجر، وممشى على الواجهة البحرية

• خطة سداد مرنة مصممة لتحسين التدفق النقدي وتعظيم العائد على الاستثمار


هذه الشقة فرصة استثمارية ممتازة للمستثمرين الذين يبحثون عن عوائد إيجارية مجزية، وزيادة في قيمة رأس المال، وأصل استثماري آمن في سوق العقارات الفاخرة المتنامي في أبوظبي.


شركة عقاري إنفيستمنت آند ديفيلوبمنت - ذ.ذ.م للتواصل مع عقاري إنفيستمنت آند ديفيلوبمنت: 026151222 


اكتشف نمط حياة ساحلي راقٍ في ""ذا بيتش هاوس"" ببرج فهد 5، وهو سكن حصري يجمع بين الأناقة الراقية وهدوء البحر. صُمم هذا المنزل الاستثنائي خصيصًا لمن يُقدّرون الفخامة والخصوصية والراحة، ليُقدّم نمط حياة شاطئيًا راقيًا في موقع متميز.
يتميز السكن بتصميمات داخلية واسعة مُشرقة، وتشطيبات فاخرة، وتفاصيل معمارية دقيقة، مما يخلق توازنًا مثاليًا بين التصميم العصري وسحر البحر الهادئ. رُوعي في تصميم مساحات المعيشة الواسعة تحقيق أقصى درجات الراحة والإضاءة الطبيعية والهدوء التام.


شركة عقاري إنفيستمنت آند ديفيلوبمنت هي شركة عقارية رائدة تقدم خدمات شاملة في شراء وبيع وتأجير واستثمار العقارات. نحن ملتزمون بتقديم حلول احترافية تلبي الاحتياجات المتنوعة لعملائنا، مما يضمن تجربة سلسة ونتائج استثنائية. بفضل فريق من المحترفين ذوي الخبرة وشبكة عالمية واسعة، نتفوق في تقديم فرص استثمارية مبتكرة في العقارات السكنية الفاخرة، والمشاريع التجارية، والتطويرات غير المكتملة. نحن نقدم تحليلات سوقية دقيقة، وتسويق استراتيجي، وتفاوضات خبيرة لضمان أفضل النتائج لكل من المشترين والبائعين. بالإضافة إلى ذلك، نقدم خدمات تأجير مخصصة لمالكي العقارات والمستأجرين، مما يضمن توافق الاتفاقيات مع متطلبات العملاء المحددة.",Created,,,,,
AP40581970,,,Al reef,فرصة رائعة: شقة غرفتين بموقع مميز وبلكونة,"Modern Apartment – Smart Layout & Ideal Space

* Key Features:
- 2 Bedrooms
- Open Kitchen connected to the Living Area
- Open-Plan Living & Dining Area with Private Balcony
- Walk-in Closet: Storage space attached to one of the bathrooms
- Additional Storage Area
- Private Balcony for Fresh Air and Relaxation
- 2 Fully Equipped Bathrooms

AQARY REAL ESTATE INVESTMENT AND DEVELOPMENT - L.L.C
For Contact AQARY REAL ESTATE INVESTMENT: 026151222
 
AQARY Investment and Development is a premier real estate company specializing in buying, selling, leasing, and investing in luxury properties, commercial projects, and off-plan developments. We offer tailored solutions, expert market analysis, strategic marketing, and negotiations to ensure optimal results for our clients..",Amazing Opportunity: 2-Bedroom Apartment with Balcony,Mixed Used Building,Luxury,2,2,"شقة عصرية مصممة بعناية – تصميم عملي ومساحة مثالية

المواصفات الرئيسية:

 2 غرف نوم
 2 حمام مجهز بالكامل
 مطبخ مفتوح على مساحة المعيشة
 منطقة جلوس وطعام مفتوحة متصلة بشرفة خاصة
غرفة ملابس: مساحة تخزين ملحقة بأحد الحمامات
منطقة تخزين إضافية
شرفة خاصة للتهوية والراحة

تصميم: فصل جناح النوم عن المعيشة لضمان الخصوصية واستغلال ذكي للمساحات

مناسبة للمستثمرين أو الباحثين عن منزل يجمع بين الراحة والتصميم العمل

شركة عقاري إنفيستمنت آند ديفيلوبمنت - ذ.ذ.م
للتواصل مع عقاري إنفيستمنت آند ديفيلوبمنت: 026151222
 
شركة عقاري إنفيستمنت آند ديفيلوبمنت هي شركة عقارية رائدة تقدم خدمات شاملة في شراء وبيع وتأجير واستثمار العقارات. نحن ملتزمون بتقديم حلول احترافية تلبي الاحتياجات المتنوعة لعملائنا، مما يضمن تجربة سلسة ونتائج استثنائية. بفضل فريق من المحترفين ذوي الخبرة وشبكة عالمية واسعة، نتفوق في تقديم فرص استثمارية مبتكرة في العقارات السكنية الفاخرة، والمشاريع التجارية، والتطويرات غير المكتملة. نحن نقدم تحليلات سوقية دقيقة، وتسويق استراتيجي، وتفاوضات خبيرة لضمان أفضل النتائج لكل من المشترين والبائعين. بالإضافة إلى ذلك، نقدم خدمات تأجير مخصصة لمالكي العقارات والمستأجرين، مما يضمن توافق الاتفاقيات مع متطلبات العملاء المحددة.",Created,,,,,
AP7705193,,,Radiant Square,انقل الي شقة بالطوابق العليا مع اطلالة علي القناة,"AQARY Investment Group is pleased to offer this ready-to-move-in two-bedroom apartment in Radiant Heights, Radiant Square, City of Lights, Al Reem Island. The apartment enjoys attractive views of the city skyline and the canal, offering a refined waterfront lifestyle.

Featuring a modern open-plan living and dining area with ample natural light, the apartment includes well-sized bedrooms with built-in wardrobes, a contemporary kitchen, and high-quality finishes throughout.


The apartment consists of 

- 2 Master Bedrooms 
- Maids Room 
- Living / Dining Area
- Kitchen Area 
- Powder Room 


Facilities & Amenities 

- Swimming Pool
- Fully Equipped Fitness Center
- Children’s Play Area
- Landscaped Podium
- Retail & Café Outlets
- 24/7 Security & Concierge
- High-Speed Elevators

 

AQARY Real Estate Investment and Development – L.L.C
Contact: 026151222


AQARY Real Estate Investment and Development is a premier real estate firm specializing in the acquisition, sale, leasing, and investment of luxury residential, commercial, and off-plan properties. We provide customized solutions, backed by expert market analysis, strategic marketing, and skilled negotiations to deliver optimal results for our clients and investors.


",Canal View | High Floor | Elegant Living,Mixed Used Building,Luxury,2,4,"يسر راديانت العقارية أن تقدم هذه الشقة المكونة من غرفتي نوم والجاهزة للسكن في Radiant Heights ضمن Radiant Square في مدينة الأضواء – جزيرة الريم. تتمتع الشقة بإطلالات جميلة على أفق المدينة والقناة، لتوفر أسلوب حياة راقٍ على الواجهة المائية.

تتميز الشقة بتصميم عصري يضم مساحة معيشة وطعام مفتوحة مع إضاءة طبيعية وفيرة، إضافة إلى غرف نوم واسعة مزودة بخزائن مدمجة، ومطبخ حديث، وتشطيبات عالية الجودة في جميع أنحاء الوحدة.


تتكون الشقة من:

- غرفتي نوم ماستر
- غرفة خادمة
- صالة معيشة / طعام
- مطبخ
-باودر روم 



المرافق والخدمات:

- مسبح
- مركز لياقة بدنية مجهز بالكامل
- منطقة ألعاب للأطفال
- منصة خارجية ذات مساحات خضراء
- محلات تجارية ومقاهٍي
- أمن وخدمات كونسيرج على مدار الساعة
- مصاعد عالية السرعة

عقاري للاستثمار والتطوير العقاري ذ.م.م
التواصل: 026151222

تُعد شركة عقاري للاستثمار والتطوير العقاري من الشركات الرائدة في مجال العقارات، حيث تختص بشراء وبيع وتأجير والاستثمار في العقارات السكنية والتجارية الفاخرة، بالإضافة إلى المشاريع على الخارطة. نقدّم حلولاً عقارية مخصصة، مدعومة بتحليل سوقي دقيق، وتسويق استراتيجي، ومهارات تفاوض عالية لضمان تحقيق أفضل النتائج لعملائنا ومستثمرينا.
",Created,,,,,
AP756948,,,Reeman living,,"Reeman Living, the second residential development in Aldar's ""Living"" collection, offers design-driven urban living at an accessible price point within the Alreeman master community in Abu Dhabi's Alshamkha neighborhood.


▶️  Property Details:

- Master room with ensuite bathroom
- 2 Bedroom
- Bathroom
- Living room 
- Open Kitchen
- 2 Parking

▶️ Facilities & Amenities

•	Bike Lanes
•	Community Center
•	Fitness Facilities
•	Indoor Playground
•	Mosques
•	Multipurpose Room
•	Outdoor Terrace
•	Retails & F&B Hubs
•	Running Track
•	School
•	BBQ Areas
•	Jogging Trails
•	Parking Facility
•	Yoga & Meditation
•	Cycling Trails
•	Kids Play Area
•	Shopping Mall
•	Gardens and Parks
•	Outdoor Dining Area
•	Sports Court


For more information feel free to contact us at

AQARY REAL ESTATE INVESTMENT AND DEVELOPMENT - L.L.C
For Contact AQARY REAL ESTATE INVESTMENT: 026151222 ☎️

AQARY Investment and Development is a premier real estate company specializing in buying, selling, leasing, and investing in luxury properties, commercial projects, and off-plan developments. We offer tailored solutions, expert market analysis, strategic marketing, and negotiations to ensure optimal results for our clients.",Elegant 3BR Apt | Community View | Invest Now,Residential Building,Luxury,3,2,"ريمان ليفينغ، ثاني مشروع سكني ضمن مجموعة ""ليفينغ"" من شركة الدار العقارية، يقدم أسلوب حياة حضري بتصاميم عصرية وبأسعار مناسبة ضمن مجتمع الريمان الرئيسي في منطقة الشامخة – أبوظبي.

▶️ تفاصيل العقار:

•غرفة رئيسية مع حمام داخلي
•غرفتا نوم
•حمام
•غرفة معيشة
•مطبخ مفتوح
•موقفان للسيارات

▶️ الخدمات والمرافق:

• مسارات للدراجات الهوائية
• مركز مجتمعي
• مرافق لياقة بدنية
• ملعب داخلي للأطفال
• مساجد
• قاعة متعددة الاستخدامات
• تراس خارجي
• منافذ تجارية ومطاعم ومقاهي
• مضمار للجري
• مدرسة
• مناطق للشواء
• مسارات للركض
• مواقف سيارات
• مساحات لليوغا والتأمل
• مسارات للدراجات
• منطقة ألعاب للأطفال
• مركز تسوق
• حدائق ومساحات خضراء
• أماكن لتناول الطعام في الهواء الطلق
• ملاعب رياضية

للمزيد من المعلومات، لا تترددوا في التواصل معنا:

شركة عقاري للاستثمار والتطوير العقاري ذ.م.م
☎️ للتواصل: 026151222

عقاري للاستثمار والتطوير هي شركة رائدة في مجال العقارات، متخصصة في شراء وبيع وتأجير والاستثمار في العقارات الفاخرة والمشاريع التجارية والتطويرات قيد الإنشاء.
نقدم حلولًا مخصصة وتحليلات سوقية دقيقة وتسويقًا استراتيجيًا ومفاوضات احترافية لضمان تحقيق أفضل النتائج لعملائنا.",Created,,,,,
AP243839,,,Nouran Living,استديو واسع | اطلالة على الحديقة | تملك الان,"This Spacious studio in Nouran Living is available for sale.

Unit Features:
- Bed / Living / Dining Area
- Kitchen
- Bathroom

Facilities:
- Cinelounge
- Co-working Spaces
- Cycle Vault
- Gymnasium
- Gardens
- Games Room / Kids Play Area
- Infinity Pool / Paddle Point


For more information feel free to contact us at

AQARY REAL ESTATE INVESTMENT AND DEVELOPMENT - L.L.C
For Contact AQARY REAL ESTATE INVESTMENT: 026151222 


AQARY Investment and Development is a premier real estate company specializing in buying, selling, leasing, and investing in luxury properties, commercial projects, and off-plan developments. We offer tailored solutions, expert market analysis, strategic marketing, and negotiations to ensure optimal results for our clients.
",Spacious Studio | Luxurious Finishings | Park View,Residential Building,Luxury,Studio,1,"هذا الاستوديو الواسع في ""نوران ليفينغ"" متاح للبيع.

مواصفات الوحدة:
- غرفة نوم / معيشة / طعام
- مطبخ
- حمّام

المرافق:
- صالة سينما
- مساحات عمل مشتركة
- موقف دراجات
- صالة رياضية
- حدائق
- غرفة ألعاب / منطقة لعب للأطفال
- مسبح إنفينيتي / ملعب بادل


شركة عقاري إنفيستمنت آند ديفيلوبمنت - ذ.ذ.م
للتواصل مع عقاري إنفيستمنت آند ديفيلوبمنت: 026151222
 
شركة عقاري إنفيستمنت آند ديفيلوبمنت هي شركة عقارية رائدة تقدم خدمات شاملة في شراء وبيع وتأجير واستثمار العقارات. نحن ملتزمون بتقديم حلول احترافية تلبي الاحتياجات المتنوعة لعملائنا، مما يضمن تجربة سلسة ونتائج استثنائية. بفضل فريق من المحترفين ذوي الخبرة وشبكة عالمية واسعة، نتفوق في تقديم فرص استثمارية مبتكرة في العقارات السكنية الفاخرة، والمشاريع التجارية، والتطويرات غير المكتملة. نحن نقدم تحليلات سوقية دقيقة، وتسويق استراتيجي، وتفاوضات خبيرة لضمان أفضل النتائج لكل من المشترين والبائعين. بالإضافة إلى ذلك، نقدم خدمات تأجير مخصصة لمالكي العقارات والمستأجرين، مما يضمن توافق الاتفاقيات مع متطلبات العملاء المحددة.",Created,,,,,
AP612056,,,Al Raha Lofts,تريبلكس | عيشة فاخرة | جاهزة للسكن فورا,"Al Raha Lofts offers contemporary waterfront living in the heart of Al Raha Beach, featuring stylish loft-style residences with modern open layouts and premium finishes.
Set along scenic canals, the community provides a relaxed yet vibrant lifestyle with resort-style amenities and easy access to key destinations.
Ideal for homeowners and investors, Al Raha Lofts combines design excellence, prime location, and long-term value.

The Apartment consists of:

Ground Floor

- Living/Dining Area
- Kitchen
- Powder Room
- Balcony
- Private Jacuzzi 


First Floor

- 2 Master Bedrooms


Second Floor

- Spacious Rooftop


AQARY Real Estate Investment and Development – L.L.C
Contact: 026151222


AQARY Real Estate Investment and Development is a premier real estate firm specializing in the acquisition, sale, leasing, and investment of luxury residential, commercial, and off-plan properties. We provide customized solutions, backed by expert market analysis, strategic marketing, and skilled negotiations to deliver optimal results for our clients and investors.
al results for our clients.",Triplex | Fully Furnished | Private Jacuzzi,Mixed Used Building,Standard,2,3,"يوفر الراحة لوفتس أسلوب حياة عصري على الواجهة البحرية في قلب شاطئ الراحة، مع شقق لوفت أنيقة تتميز بمخططات مفتوحة وتشطيبات عالية الجودة.
يقع المشروع على قنوات مائية خلابة، ويوفر بيئة سكنية هادئة ونابضة بالحياة مع مرافق ترفيهية متكاملة وسهولة الوصول إلى أهم الوجهات.
يُعد خيارًا مثاليًا للسكن أو الاستثمار، حيث يجمع بين التصميم المتميز، والموقع الاستراتيجي، والقيمة طويلة الأمد.


تفاصيل الشقة:


الطابق الأرضي:

- صالة معيشة / طعام
- مطبخ
- شرفة
- جاكوزي خاص
- باودر روم 


الطابق الأول:

- غرفتين نوم ماستر


الطابق الثاني:

- سطح واسع (روف)



عقاري للاستثمار والتطوير العقاري ذ.م.م
التواصل: 026151222

تُعد شركة عقاري للاستثمار والتطوير العقاري من الشركات الرائدة في مجال العقارات، حيث تختص بشراء وبيع وتأجير والاستثمار في العقارات السكنية والتجارية الفاخرة، بالإضافة إلى المشاريع على الخارطة. نقدّم حلولاً عقارية مخصصة، مدعومة بتحليل سوقي دقيق، وتسويق استراتيجي، ومهارات تفاوض عالية لضمان تحقيق أفضل النتائج لعملائنا ومستثمرينا.
",Created,,,,,
TH310363,,,Noya,مساحات واسعة | فيلا فاخرة | جاهزة للسكن الأن,"Discover the perfect balance of comfort, lifestyle, and community living at Noya, Yas Island. Designed with families in mind, this modern residential community offers a safe, vibrant, and well-connected environment where children can thrive, and families can truly feel at home. With excellent amenities, lush green spaces, and close proximity to top schools and universities, Noya delivers a lifestyle that combines convenience with contemporary living. 

The Townhouse consists of:

Ground Floor:

- Living / Dining Area 
- Kitchen 
- Maids Room 
- Powder Room 


First Floor:

- Master Bedroom 
- 2 Bedrooms 
- Family Bathroom 


Outside Area

- Lovely Garden 
- Parking 


Amenities and Facilities: 

- Swimming pool
- Fully equipped gym
- Children’s playgrounds
- Multi-purpose community room
- Interactive outdoor and sports facilities
- BBQ and picnic areas
- Walking and cycling tracks


Location Advantages:

- 5 minutes to Yas Mall with shopping and dining options
- Close to top-rated schools and universities
- Easy access to Yas Island attractions
- Convenient connectivity to Abu Dhabi International Airport


AQARY Real Estate Investment and Development – L.L.C
Contact: 026151222

AQARY Real Estate Investment and Development is a premier real estate firm specializing in the acquisition, sale, leasing, and investment of luxury residential, commercial, and off-plan properties. We provide customized solutions, backed by expert market analysis, strategic marketing, and skilled negotiations to deliver optimal results for our clients and investors.
",Luxury Living | Ready to move-in | Spacious 3BR,,,3,4,"اكتشف التوازن المثالي بين الراحة ونمط الحياة والعيش المجتمعي في نويا، جزيرة ياس. صُمم هذا المجتمع السكني العصري خصيصًا للعائلات، ليقدم بيئة آمنة وحيوية ومتكاملة، حيث ينعم الأطفال بالنمو والازدهار، وتجد العائلات معنى حقيقيًا للمنزل. مع مرافق متميزة، ومساحات خضراء واسعة، وقربه من أفضل المدارس والجامعات، يوفر نويا أسلوب حياة يجمع بين الراحة والعيش العصري.


تتكون التاون هاوس من:


الطابق الأرضي:


- منطقة معيشة / طعام
- مطبخ
- غرفة خادمة
- باودر روم


الطابق الأول:


- غرفة ماستر 
- غرفتين نوم
- حمام عائلي


المساحة الخارجية:

- حديقة جميلة
- مواقف سيارات


المرافق والخدمات:

- مسبح
- صالة رياضية مجهزة بالكامل
- مناطق ألعاب للأطفال
- مرافق رياضية وأنشطة خارجية تفاعلية
- مناطق للشواء والنزهات
- مسارات للمشي وركوب الدراجات


مزايا الموقع:

- 5 دقائق إلى ياس مول للتسوق والمطاعم
- بالقرب من مدارس وجامعات مرموقة
- سهولة الوصول إلى معالم جزيرة ياس
- اتصال مباشر ومريح بمطار أبوظبي الدولي




عقاري للاستثمار والتطوير العقاري ذ.م.م
التواصل: 026151222

تُعد شركة عقاري للاستثمار والتطوير العقاري من الشركات الرائدة في مجال العقارات، حيث تختص بشراء وبيع وتأجير والاستثمار في العقارات السكنية والتجارية الفاخرة، بالإضافة إلى المشاريع على الخارطة. نقدّم حلولاً عقارية مخصصة، مدعومة بتحليل سوقي دقيق، وتسويق استراتيجي، ومهارات تفاوض عالية لضمان تحقيق أفضل النتائج لعملائنا ومستث",Created,,,,,
AP775966,,,Bloom Living,سعر ممتاز | شقة فاخرة غرفتين نوم | مساحة واسعة ,"Granada Bloom Living is a refined residential development by Bloom Holding, located within the fully integrated Bloom Living community in Zayed City, Abu Dhabi. Inspired by Mediterranean architecture and designed with community-centric living in mind, Granada offers low-rise apartment buildings featuring a variety of layouts, including studios and 1–3 bedroom units. As part of the Bloom Living master plan, residents enjoy access to a vibrant and amenity-rich environment. The project is scheduled for completion in Q4 2026. 


The apartment consists of :-

- Master bedroom with balcony
- Bedroom
- Living / dining area with balcony
- Kitchen
- Laundry area
- Bathroom
- Powder room

AMENITIES AND FEATURES:-

- Mediterranean inspired architecture
- Clubhouse | Pools | Sport's court
- Recreational facilities
- Restaurants and cafés
- Medical clinic | Wellness center
- Supermarket
- Large lake around


AQARY REAL ESTATE INVESTMENT AND DEVELOPMENT - L.L.C
For Contact AQARY REAL ESTATE INVESTMENT: 026151222 

AQARY Investment and Development is a premier real estate company specializing in buying, selling, leasing, and investing in luxury properties, commercial projects, and off-plan developments. We offer tailored solutions, expert market analysis, strategic marketing, and negotiations to ensure optimal results for our clients.",Spacious | 2BR+Balcony | Good Deal,Residential Building,,2,3,"جرانادا بلوم ليفينغ هو مشروع سكني راقٍ من تطوير شركة بلوم القابضة، يقع ضمن مجتمع بلوم ليفينغ المتكامل في مدينة زايد – أبوظبي.
استُلهم تصميم المشروع من العمارة المتوسطية، وصُمم ليعكس أسلوب حياة يتمحور حول المجتمع. يضم المشروع مباني سكنية منخفضة الارتفاع توفر مجموعة متنوعة من التصاميم، تشمل استوديوهات وشققاً من غرفة إلى ثلاث غرف نوم.
كجزء من المخطط الرئيسي لمجتمع بلوم ليفينغ، يتمتع السكان ببيئة نابضة بالحياة وغنية بالمرافق والخدمات. ومن المقرر الانتهاء من المشروع في الربع الرابع من عام 2026.

تتكون الشقة من:

- غرفة نوم ماستر مع بلكونة 
- غرفة نوم
- منطقة معيشة / طعام مع بلكونة 
- مطبخ
- منطقة غسيل
- حمّام
-بودر روم 

المرافق والمميزات:

- تصميم مستوحى من الطراز المتوسطي
- نادي اجتماعي | مسابح | ملعب رياضي
- مرافق ترفيهية
- مطاعم ومقاهٍ
- عيادة طبية | مركز صحي
- سوبرماركت
- بحيرة كبيرة تحيط بالمكان

شركة عقاري إنفيستمنت آند ديفيلوبمنت - ذ.ذ.م
للتواصل مع عقاري إنفيستمنت آند ديفيلوبمنت: 026151222

شركة عقاري إنفيستمنت آند ديفيلوبمنت هي شركة عقارية رائدة تقدم خدمات شاملة في شراء وبيع وتأجير واستثمار العقارات. نحن ملتزمون بتقديم حلول احترافية تلبي الاحتياجات المتنوعة لعملائنا، مما يضمن تجربة سلسة ونتائج استثنائية. بفضل فريق من المحترفين ذوي الخبرة وشبكة عالمية واسعة، نتفوق في تقديم فرص استثمارية مبتكرة في العقارات السكنية الفاخرة، والمشاريع التجارية، والتطويرات غير المكتملة. نحن نقدم تحليلات سوقية دقيقة، وتسويق استراتيجي، وتفاوضات خبيرة لضمان أفضل النتائج لكل من المشترين والبائعين. بالإضافة إلى ذلك، نقدم خدمات تأجير مخصصة لمالكي العقارات والمستأجرين، مما يضمن توافق الاتفاقيات مع متطلبات العملاء المحددة",Created,,,,,
AP30328712,,,Plaza,تملك شقه تصميم عصرى حديث ومميز جدا,"Unit Description

Strategically located in Masdar City, The Plaza provides excellent connectivity, just minutes from Abu Dhabi International Airport and surrounded by shopping malls, schools, business hubs, and leisure destinations.

PROPERTY DETAILS:

- 1 Spacious Bedroom
- 2 Bathrooms
- Large Living & Dining Area
- Modern Kitchen 
- Built-in Wardrobes
- Private Parking for 1 Car
- Balcony & Terrace


AMENITIES & SERVICES:

- Landscaped Community Parks
- Children’s Play Areas
- Swimming Pool
- BBQ & Outdoor Seating Areas
- Jogging & Cycling Tracks
- Gated Community with 24/7 Security
- Community Retail & Dining Outlets
 
For Contact AQARY REAL ESTATE INVESTMENT: 026151222 

AQARY Investment and Development is a premier real estate company specializing in buying, selling, leasing, and investing in luxury properties, commercial projects, and off-plan developments. We offer tailored solutions, expert market analysis, strategic marketing, and negotiations to ensure optimal results for our clients.",Own an apartment with a very unique and modern contemporary design,Residential Building,,1,2,"وصف الوحدة:

تقع ""ذا بلازا"" في قلب مدينة مصدر بموقع استراتيجي، حيث تتمتع بسهولة الوصول إلى مختلف المناطق، على بُعد دقائق فقط من مطار أبوظبي الدولي. تحيط بها مراكز التسوق، والمدارس، والمراكز التجارية، والوجهات الترفيهية، مما يجعلها موقعًا مثاليًا للعيش والاستثمار.

تفاصيل العقار:

غرفة نوم فسيحة
2 حمام
غرفة معيشة وطعام واسعة
مطبخ عصري
خزائن حائط مدمجة
موقف خاص لسيارة واحدة
شرفة وتراس

الخدمات والمرافق:

حدائق مجتمعية منسقة
مناطق مخصصة للعب الأطفال
مسبح
مناطق للشواء وجلسات خارجية
مسارات للجري وركوب الدراجات
مجتمع سكني مغلق مع أمن على مدار الساعة
متاجر ومطاعم ضمن المجتمع السكني

للتواصل: 026151222

شركة عقاري للاستثمار والتطوير هي شركة عقارية رائدة متخصصة في شراء وبيع وتأجير واستثمار العقارات الفاخرة، والمشاريع التجارية، والتطويرات العقارية قيد الإنشاء.
نقدّم حلولًا مخصصة، وتحليلات دقيقة للسوق، واستراتيجيات تسويقية متطورة، ومهارات تفاوض عالية لتحقيق أفضل النتائج لعملائنا.",Created,,,,,
AP35849802,,,Plaza,امتلك الان شقه قمه فى الفخامه والروعه مميزه,"Unit Description

Strategically located in Masdar City, The Plaza provides excellent connectivity, just minutes from Abu Dhabi International Airport and surrounded by shopping malls, schools, business hubs, and leisure destinations. 


PROPERTY DETAILS:

1 Bedroom
1 Bathroom
Large Living & Dining Area
Modern Kitchen
Built-in Wardrobes
Private Parking for 1 Car
Balcony & Terrace

AMENITIES & SERVICES:

Landscaped Community Parks
Children’s Play Areas
Swimming Pool
BBQ & Outdoor Seating Areas
Jogging & Cycling Tracks
Gated Community with 24/7 Security
Community Retail & Dining Outlets

For Contact AQARY REAL ESTATE INVESTMENT: 026151222 
 
AQARY Investment and Development is a premier real estate company specializing in buying, selling, leasing, and investing in luxury properties, commercial projects, and off-plan developments. We offer tailored solutions, expert market analysis, strategic marketing, and negotiations to ensure optimal results for our clients.",own a top class apartment that is luxurious & stunning,Residential Building,,1,1,"وصف الوحدة:
تقع ""ذا بلازا"" في مدينة مصدر بموقع استراتيجي، حيث تتميز بسهولة الوصول والربط، على بُعد دقائق فقط من مطار أبوظبي الدولي، وتحيط بها مراكز التسوق، والمدارس، والمراكز التجارية، والوجهات الترفيهية.

تفاصيل العقار:
غرفة نوم
حمّام واحد
غرفة معيشة وطعام واسعة
مطبخ عصري
خزائن مدمجة
موقف خاص لسيارة واحدة
شرفة وتراس

المرافق والخدمات:
حدائق مجتمعية منسقة
مناطق لعب للأطفال
مسبح
مناطق للشواء وجلسات خارجية
مسارات للجري وركوب الدراجات
مجتمع سكني مغلق مع حراسة أمنية على مدار الساعة
متاجر ومطاعم داخل المجتمع


شركة عقاري للاستثمار والتطوير العقاري ذ.م.م
رقم الاتصال: 026151222

شركة عقاري للاستثمار والتطوير هي شركة رائدة في مجال العقارات، متخصصة في شراء وبيع وتأجير واستثمار العقارات الفاخرة والمشاريع التجارية والتطويرات العقارية قيد الإنشاء.
نقدّم حلولًا مصمّمة حسب احتياجات العميل، وتحليلًا دقيقًا للسوق، وتسويقًا استراتيجيًا، ومهارات تفاوض عالية لضمان أفضل النتائج لعملائنا.",Created,,,,,
AP484718,,,Al Maryah Vista,استديو باطلاله على القنال | طابق مرتفع | استثمر الان,"Unit Features:
- Bed / Living / Dining Area
- Kitchen
- Bathroom

Amenities:
-  24-Hour Security & CCTV Surveillance
-  Kids' Pool and Adult Pool
-  Lobby In the Building
-  Gym
-  BBQ area
-  Shaded seating areas
-  Public transportation
-  Restaurants
-  Landscaped areas
- Mosques
- Community Park

For Contact AQARY REAL ESTATE INVESTMENT: 026151222 
 
Al Maryah Vista 2 by Reportage Properties is an upscale residential development that presents studios, 1, 2, 3, 4 bedroom apartments located at Al Marya Island, Abu Dhabi. The development is the second phase of the project and is complemented with a serene image reflected on the water canal.
Set within the exceptional community location at Al Marya Island within Abu Dhabi that offers a perfect opportunity for living as well as investment. These residences are set within a centric location that further provides hassle-free navigation to the rest of the city. The locality is filled with luxury retail and high-end dining experiences along with premium hospitality on the waterfront.
Designed by leading architects and designers, which presents luxury and leisure living spaces. Whereas the Al Maryah Vista 1 and 2 are perfectly interconnected and offer magnificent views overlooking the water canal and the Island. The development presents an incomparable lifestyle that embraces the shades of blue with a collection of premium retail shops perfectly placed to offers you everything at your doorstep.

AQARY Investment and Development is a premier real estate company specializing in buying, selling, leasing, and investing in luxury properties, commercial projects, and off-plan developments. We offer tailored solutions, expert market analysis, strategic marketing, and negotiations to ensure optimal results for our clients.",Luxurious Studio | High Floor | Canal View,Residential Building,,Studio,1,"مميزات الوحدة:
- غرفة نوم / غرفة معيشة / غرفة طعام
- مطبخ
- حمّام

المرافق:
- حراسة أمنية على مدار 24 ساعة وكاميرات مراقبة
- مسبح للأطفال ومسبح للبالغين
- لوبي في المبنى
- صالة رياضة (جيم)
- منطقة للشواء (BBQ)
- مناطق جلوس مظللة
- وسائل نقل عامة
- مطاعم
- مساحات خضراء
- مساجد
- حديقة مجتمعية

للتواصل مع عقاري للاستثمار العقاري: 026151222

المارية فيستا 2 من شركة ريبورتاج العقارية هو مشروع سكني فاخر يقدم استوديوهات وشقق مكونة من 1، 2، 3، 4 غرف نوم تقع في جزيرة المارية، أبوظبي. يعد المشروع هو المرحلة الثانية من التطوير ويتميز بصورة هادئة تنعكس على قناة المياه.
يتموقع المشروع في موقع استثنائي داخل مجتمع جزيرة المارية في أبوظبي، مما يوفر فرصة مثالية للعيش وكذلك للاستثمار. تقع هذه المساكن في موقع مركزي يتيح وصولًا سهلاً إلى باقي أنحاء المدينة. المنطقة مليئة بتجارب التسوق الفاخرة والمطاعم الراقية بالإضافة إلى الضيافة الممتازة على الواجهة البحرية.
تم تصميم المشروع من قبل مهندسين معماريين ومصممين رائدين ليقدم مساحات سكنية فاخرة ومريحة. كما أن المارية فيستا 1 و2 مترابطتان بشكل مثالي وتوفران إطلالات رائعة على قناة المياه والجزيرة. يقدم المشروع أسلوب حياة لا مثيل له يعانق تدرجات اللون الأزرق مع مجموعة من المحلات التجارية الراقية التي تم وضعها بشكل مثالي لتقدم لك كل ما تحتاجه عند عتبة بابك.

عقاري للاستثمار والتطوير هي شركة رائدة في مجال العقارات، متخصصة في البيع، الشراء، التأجير، والاستثمار في العقارات الفاخرة والمشاريع التجارية والمشاريع قيد الإنشاء. نقدم حلولًا مخصصة، وتحليلات دقيقة للسوق، وتسويقًا استراتيجيًا، ومفاوضات احترافية لضمان أفضل النتائج لعملائنا.",Created,,,,,
AP988463,,,The Gate,شقة مفروشة بالكامل | أسلوب حياة حديث | تصميم عملي وموقع استراتيجي,"Discover contemporary and sustainable living in this fully furnished 2-bedroom apartment located in The Gate, one of Masdar City’s most sought-after residential towers. Designed with comfort and functionality in mind, the apartment features a bright, spacious layout complemented by high-quality furnishings, making it ideal for immediate move-in.



Apartment Features:

- Master Bedroom
- Second Bedroom
- Living / Dining Area
- Modern Kitchen
- Powder Room


Amenities & Facilities:

- Swimming Pool
- Fully Equipped Gymnasium
- 24/7 Security Services
- Elegant Lobby and Well-Maintained Common Areas
- Covered parking
- Modern, Professionally Managed Residential Building


Prime Location Highlights:

- 5 minutes to Abu Dhabi International Airport
- 5 minutes to School
- 10 minutes to Ferrari World
- 15 minutes to Yas Island
- 15 minutes to Al Raha Beach


AQARY Real Estate Investment and Development – L.L.C
Contact: 026151222


AQARY Real Estate Investment and Development is a premier real estate firm specializing in the acquisition, sale, leasing, and investment of luxury residential, commercial, and off-plan properties. We provide customized solutions, backed by expert market analysis, strategic marketing, and skilled negotiations to deliver optimal results for our clients and investors.
",Elegant Unit | Fully Furnished | Ready to move-in ,Residential Building,,2,2,"استمتع بأسلوب حياة راقٍ يجمع بين الحداثة والاستدامة في هذه الشقة الفاخرة المفروشة بالكامل والمكونة من غرفتي نوم، والواقعة في برج ذا جيت أحد أبرز الأبراج السكنية في مدينة مصدر. تتميز الشقة بتصميم أنيق ومساحات رحبة وإضاءة طبيعية، مع أثاث وتشطيبات عالية الجودة توفر تجربة سكنية متميزة وجاهزة للسكن فورًا.


تفاصيل الشقة:

- غرفة نوم رئيسية
- غرفة نوم ثانية
- صالة معيشة وطعام بتصميم عصري
- مطبخ حديث
- دورة مياه للضيوف


الخدمات والمرافق:

- مسبح فاخر
- صالة رياضية متكاملة
- أمن وحراسة على مدار الساعة
- ردهة أنيقة ومرافق مشتركة راقية
- مواقف سيارات مغطاة
- مبنى حديث بإدارة احترافية


موقع استراتيجي مميز:

- 5 دقائق إلى مطار أبوظبي الدولي
- 5 دقائق إلى المدارس
- 10 دقائق إلى عالم فيراري
- 15 دقيقة إلى جزيرة ياس
- 15 دقيقة إلى شاطئ الراحة





عقاري للاستثمار والتطوير العقاري ذ.م.م
التواصل: 026151222

تُعد شركة عقاري للاستثمار والتطوير العقاري من الشركات الرائدة في مجال العقارات، حيث تختص بشراء وبيع وتأجير والاستثمار في العقارات السكنية والتجارية الفاخرة، بالإضافة إلى المشاريع على الخارطة. نقدّم حلولاً عقارية مخصصة، مدعومة بتحليل سوقي دقيق، وتسويق استراتيجي، ومهارات تفاوض عالية لضمان تحقيق أفضل النتائج لعملائنا ومستثمرينا.",Created,,,,,
TH126109,,,The Sustainable City,كورنر I تاون هاوس 3 غرف نوم مع حديقة خاصة,"Presented by AQARY Real Estate Investment and Development

Experience modern sustainable living in The Sustainable City – Yas Island, a unique eco-friendly community developed to redefine comfort and responsible living.
This elegant 3-bedroom townhouse combines spacious interiors, natural light, and private outdoor space designed for families seeking a balanced lifestyle in a prime Yas location.

Unit Features:
– 3 Bedrooms | 5 Bathrooms
– Spacious living & dining room
– Modern kitchen with high-quality finishes
– Maid’s room with attached bathroom
– Laundry & storage rooms
– Private garden & terrace
– Two balconies on the first floor

Facilities & Amenities:
– Sustainable design with energy-efficient systems
– Community swimming pools & gyms
– Retail & dining outlets
– Kids’ play areas & green parks
– Jogging & cycling tracks
– Mosque & community center
– Smart irrigation & solar energy system

Live sustainably, comfortably, and connected — only at The Sustainable City, Yas Island 
 
For Contact AQARY REAL ESTATE INVESTMENT: 026151222
 
AQARY Investment and Development is a premier real estate company specializing in buying, selling, leasing, and investing in luxury properties, commercial projects, and off-plan developments. We offer tailored solutions, expert market analysis, strategic marketing, and negotiations to ensure optimal results for our clients.",Corner I Next to the pool I 3BR Townhouse,compound Villas,Luxury,3,5,"مقدم من شركة عقاري للاستثمار والتطوير العقاري

استمتع بحياة تجمع بين الفخامة والاستدامة في مشروع المدينة المستدامة – جزيرة ياس، أحد أحدث المشاريع الصديقة للبيئة في أبوظبي.
تاون هاوس عصري بتصميم ذكي يوفر مساحات رحبة وحديقة خاصة، ضمن مجتمع راقٍ متكامل الخدمات مثالي للعائلات الباحثة عن أسلوب حياة متوازن وراقي.

مواصفات الفيلا:
– 3 غرف نوم واسعة
– 5 حمامات
– غرفة معيشة وطعام فسيحة
– مطبخ عصري بتشطيب فاخر
– غرفة خادمة مع حمام
– غرفة غسيل وتخزين
– حديقة خاصة وتراس خارجي
– بلكونتان في الطابق الأول

المرافق والخدمات:
– تصميم مستدام موفر للطاقة
– مسابح وصالات رياضية
– محلات تجارية ومطاعم راقية
– مناطق لعب للأطفال وحدائق خضراء
– مسارات للجري وركوب الدراجات
– مسجد ومركز مجتمعي
– أنظمة طاقة شمسية وري ذكي

عيش الحياة العصرية المستدامة في قلب جزيرة ياس، حيث الراحة والفخامة والمسؤولية البيئية في مكان واحد


للتواصل مع عقاري إنفيستمنت آند ديفيلوبمنت: 026151222
 
شركة عقاري إنفيستمنت آند ديفيلوبمنت هي شركة عقارية رائدة تقدم خدمات شاملة في شراء وبيع وتأجير واستثمار العقارات. نحن ملتزمون بتقديم حلول احترافية تلبي الاحتياجات المتنوعة لعملائنا، مما يضمن تجربة سلسة ونتائج استثنائية. بفضل فريق من المحترفين ذوي الخبرة وشبكة عالمية واسعة، نتفوق في تقديم فرص استثمارية مبتكرة في العقارات السكنية الفاخرة، والمشاريع التجارية، والتطويرات غير المكتملة. نحن نقدم تحليلات سوقية دقيقة، وتسويق استراتيجي، وتفاوضات خبيرة لضمان أفضل النتائج لكل من المشترين والبائعين. بالإضافة إلى ذلك، نقدم خدمات تأجير مخصصة لمالكي العقارات والمستأجرين، مما يضمن توافق الاتفاقيات مع متطلبات العملاء المحددة.",Created,,,,,
VH842583,,,Al Reeman 2,استلم قريبًا! فيلا راقية 5 غرف في في الريمان 1 – الشامخة,"Modern 5BR Villa for Sale in Fay Alreeman 1 – Al Shamkha
Presented by AQARY Real Estate Investment and Development

Experience luxury and privacy in this 5-bedroom villa located in the prestigious Fay Alreeman 1 community. Combining modern architecture, spacious layouts, and high-end finishes, this villa is designed for families seeking elegant living in a serene environment.

Villa Features:
• 5 Master Bedrooms
• 7 Bathrooms
• Spacious Living and Dining Areas
• Closed Modern Kitchen
• Maid’s Room
• Laundry & Storage Rooms
• Private Garden
• Balcony & Terrace
• Covered Parking

Community Facilities & Amenities:
• Gated Community with 24/7 Security
• Parks & Landscaped Green Areas
• Jogging & Cycling Tracks
• Retail Shops & Cafés
• Mosques & Schools Nearby
• Easy Access to Abu Dhabi Airport and Main Highways

AQARY REAL ESTATE INVESTMENT AND DEVELOPMENT - L.L.C
For Contact AQARY REAL ESTATE INVESTMENT: 026151222 

AQARY Investment and Development is a premier real estate company specializing in buying, selling, leasing, and investing in luxury properties, commercial projects, and off-plan developments. We offer tailored solutions, expert market analysis, strategic marketing, and negotiations to ensure optimal results for our clients.",Almost Ready! Elegant 5BR Villa in Fay Alreeman 1,compound Villas,Luxury,5,7,"فيلا حديثة من 5 غرف للبيع في في الريمان 1 – الشامخة
مقدمة من شركة عقاري للاستثمار والتطوير العقاري

استمتع بأسلوب حياة يجمع بين الفخامة والخصوصية في هذه الفيلا الراقية المكونة من 5 غرف نوم، والواقعة في مجتمع في الريمان 1 المرموق في منطقة الشامخة. تجمع الفيلا بين التصميم العصري والمساحات الواسعة والتشطيبات الفاخرة، مما يجعلها مثالية للعائلات الباحثة عن الراحة والرقي في بيئة هادئة ومتكاملة.

مواصفات الفيلا:
• 5 غرف نوم ماستر
• 7 حمامات
• مساحات معيشة وطعام واسعة
• مطبخ مغلق بتصميم عصري
• غرفة خادمة
• غرفة غسيل وتخزين
• حديقة خاصة
• بلكونة وتراس
• مواقف سيارات مغطاة

المرافق والخدمات المجتمعية:
• مجتمع مسوّر مع حراسة على مدار الساعة
• حدائق ومناطق خضراء منسّقة
• مسارات للجري وركوب الدراجات
• محلات تجارية ومقاهي
• مساجد ومدارس قريبة
• سهولة الوصول إلى مطار أبوظبي والطرق الرئيسية

شركة عقاري للاستثمار والتطوير العقاري – ذ.م.م
 للتواصل: 026151222

تُعد عقاري من الشركات الرائدة في مجال الاستثمار والتطوير العقاري، متخصصة في شراء وبيع وتأجير العقارات الفاخرة والمشروعات التجارية والعقارات تحت الإنشاء، مع تقديم حلول مخصصة وتحليل سوقي وخطط تسويقية تضمن أفضل النتائج للعملاء.",Created,,,,,
VH140576,,,Al Reeman 2,استثمر أسلوب حياة راقٍ في مجتمع متكامل الخدمات,"Presented by AQARY Real Estate Investment and Development

Experience luxury family living in Fay Alreeman II, one of Aldar’s newest villa communities in Al Shamkha, designed to reflect authentic Emirati architecture with a modern twist.
This elegant 4-bedroom townhouse offers spacious interiors, private outdoor areas, and premium finishing — ideal for modern family life.

Villa Features:
– 4 Bedrooms | 7 Bathrooms
– Majlis & formal dining area
– Family living room on the first floor
– Closed modern kitchen
– Maid’s room & Driver’s room with attached bathrooms
– Laundry, storage & study rooms
– Two terraces and a private garden
– Covered parking space
– Total area: 5489 sq.ft
– Smart home system ready
– Handover: Q4 2026

Community Facilities & Amenities:
– Gated community with 24/7 security
– Retail & dining outlets
– Green parks & kids’ play areas
– Mosque & community center
– Jogging & cycling tracks
– Easy access to Abu Dhabi Airport and major highways

Live the life you deserve in Fay Alreeman II, where comfort meets elegance and community living reaches new heights.
 
For Contact AQARY REAL ESTATE INVESTMENT: 026151222
 
AQARY Investment and Development is a premier real estate company specializing in buying, selling, leasing, and investing in luxury properties, commercial projects, and off-plan developments. We offer tailored solutions, expert market analysis, strategic marketing, and negotiations to ensure optimal results for our clients.",Where Comfort Meets Elegance I Fay Alreeman II,compound Villas,Luxury,4,7,"فيلا تاون هاوس 4 غرف نوم مع حديقة خاصة – فاي الريمان 2، الشامخة
مقدمة من شركة عقاري للاستثمار والتطوير العقاري

استمتع بأسلوب حياة راقٍ يجمع بين الفخامة والطابع الإماراتي الأصيل في مشروع فاي الريمان 2 من شركة الدار العقارية في منطقة الشامخة.
فيلا تاون هاوس بتصميم عصري وتشطيبات فاخرة، مثالية للعائلات الباحثة عن الراحة، الخصوصية، والمساحات الواسعة.

مواصفات الفيلا:
– 4 غرف نوم ماستر
– 7 حمامات
– مجلس وغرفة طعام رسمية
– غرفة معيشة عائلية بالطابق الأول
– مطبخ عصري مغلق
– غرفة خادمة + غرفة سائق مع حمامات خاصة
– غرفة دراسة + غرفة غسيل + غرفة تخزين
– تراسين وحديقة خاصة
– مواقف سيارات مغطاة
– المساحة الإجمالية: 5489 قدم مربع
– نظام المنزل الذكي
– التسليم: الربع الرابع 2026

المرافق والخدمات:
– مجتمع مسوّر بخدمات أمنية على مدار الساعة
– محلات ومطاعم راقية داخل المشروع
– حدائق خضراء ومناطق لعب للأطفال
– مضمار للجري وركوب الدراجات
– مسجد ومركز مجتمعي
– موقع استراتيجي قريب من مطار أبوظبي والطرق الرئيسية

عيش الحياة العائلية المثالية في فاي الريمان 2 – حيث الفخامة تلتقي بالراحة في قلب الشامخة

للتواصل مع عقاري إنفيستمنت آند ديفيلوبمنت: 026151222
 
شركة عقاري إنفيستمنت آند ديفيلوبمنت هي شركة عقارية رائدة تقدم خدمات شاملة في شراء وبيع وتأجير واستثمار العقارات. نحن ملتزمون بتقديم حلول احترافية تلبي الاحتياجات المتنوعة لعملائنا، مما يضمن تجربة سلسة ونتائج استثنائية. بفضل فريق من المحترفين ذوي الخبرة وشبكة عالمية واسعة، نتفوق في تقديم فرص استثمارية مبتكرة في العقارات السكنية الفاخرة، والمشاريع التجارية، والتطويرات غير المكتملة. نحن نقدم تحليلات سوقية دقيقة، وتسويق استراتيجي، وتفاوضات خبيرة لضمان أفضل النتائج لكل من المشترين والبائعين. بالإضافة إلى ذلك، نقدم خدمات تأجير مخصصة لمالكي العقارات والمستأجرين، مما يضمن توافق الاتفاقيات مع متطلبات العملاء المحددة.",Created,,,,,
AP09992050,,,Radiant Square,بالطوابق العليا شقة 3 غرف نوم فاخرة بتصميم عصري ,"Luxury 3-Bedroom Apartment | Modern Design | Prime Location – Reem Island

Experience a contemporary lifestyle at Radiant Views, the latest flagship development on Reem Island. Situated in the heart of the City of Lights, the project offers a modern living environment that combines comfort, functionality, and sustainability for a truly exceptional living experience in Abu Dhabi.

The apartment features a smart, contemporary design with bright, spacious interiors and fully integrated amenities, perfect for families and investors seeking the highest standards of quality and comfort.

Key Features:
Open and bright living and dining area
Fully equipped modern kitchen
3 spacious bedrooms
Carefully designed bathrooms
Dedicated parking space

AQARY REAL ESTATE INVESTMENT AND DEVELOPMENT - L.L.C
For Contact AQARY REAL ESTATE INVESTMENT: 026151222
 
AQARY Investment and Development is a premier real estate company specializing in buying, selling, leasing, and investing in luxury properties, commercial projects, and off-plan developments. We offer tailored solutions, expert market analysis, strategic marketing, and negotiations to ensure optimal results for our clients.",Luxury 3-Bedroom Apartment – Modern Design,Mixed Used Building,Standard,3,3,"شقة 3 غرف نوم فاخرة | تصميم عصري | موقع مميز – جزيرة الريم

اكتشفوا أسلوب حياة متطور في Radiant Views، أحدث المشاريع الرائدة على جزيرة الريم. يقع المشروع في قلب مدينة الأنوار، ويوفر بيئة معيشية عصرية تجمع بين الراحة، العملية، والاستدامة، لتجربة سكنية فريدة في أبوظبي.
تتمتع الشقة بتصميم عصري ذكي ومساحات واسعة مشرقة، مع مرافق متكاملة تناسب العائلات والمستثمرين الباحثين عن أعلى مستويات الجودة والراحة.

أهم المميزات:
مساحة معيشة وطعام مفتوحة ومشرقة
مطبخ مجهز بالكامل بأحدث التصاميم
3 غرف نوم فسيحة
حمامات مصممة بعناية
موقف سيارات مخصص

استمتع بحياة تجمع بين الفخامة والراحة في موقع استراتيجي على جزيرة الريم.

شركة عقاري إنفيستمنت آند ديفيلوبمنت - ذ.ذ.م
للتواصل مع عقاري إنفيستمنت آند ديفيلوبمنت: 026151222
 
شركة عقاري إنفيستمنت آند ديفيلوبمنت هي شركة عقارية رائدة تقدم خدمات شاملة في شراء وبيع وتأجير واستثمار العقارات. نحن ملتزمون بتقديم حلول احترافية تلبي الاحتياجات المتنوعة لعملائنا، مما يضمن تجربة سلسة ونتائج استثنائية. بفضل فريق من المحترفين ذوي الخبرة وشبكة عالمية واسعة، نتفوق في تقديم فرص استثمارية مبتكرة في العقارات السكنية الفاخرة، والمشاريع التجارية، والتطويرات غير المكتملة. نحن نقدم تحليلات سوقية دقيقة، وتسويق استراتيجي، وتفاوضات خبيرة لضمان أفضل النتائج لكل من المشترين والبائعين. بالإضافة إلى ذلك، نقدم خدمات تأجير مخصصة لمالكي العقارات والمستأجرين، مما يضمن توافق الاتفاقيات مع متطلبات العملاء المحددة.",Created,,,,,
TH4280648,,,Bloom Living,إنهاءات فاخرة | موقع مميز | مجتمع راقي,"Almeria at Bloom Living in Abu Dhabi offers elegant Mediterranean-inspired residences set within a master-planned, family-oriented community. Residents enjoy lush landscapes, modern amenities, and a serene lifestyle with convenient access to key city destinations. Secure exceptional value with this 4-bedroom villa in Almeria by Bloom Living, featuring a single-row layout that ensures maximum privacy, open views, and excellent long-term appreciation.


The Townhouse consists of: 


Ground Floor 

- Living Room
- Dining Room 
- Guest Bedroom 
- Maids Room 
- Kitchen 
- Laundry Room 
- Powder Room 

First Floor 

- Master Bedroom with Dressing Area 
- 2 Master Bedroom 
- Family Room 

Outside Area 

- Garden 
- Driver Room 
- 2 Parking Slots 


Amenities & Facilities 

- Landscape Garden
- Children’s Play Area
- Swimming Pool
- Lake View
- Pet Friendly Park & Community
- Wellness Center
- Yoga Park
- Community Hall
- International School
- Sports Courts


AQARY Real Estate Investment and Development – L.L.C
Contact: 026151222


AQARY Real Estate Investment and Development is a premier real estate firm specializing in the acquisition, sale, leasing, and investment of luxury residential, commercial, and off-plan properties. We provide customized solutions, backed by expert market analysis, strategic marketing, and skilled negotiations to deliver optimal results for our clients and investors.
",Luxury Living | Stylish Layout | Serene Community ,compound Villas,Luxury,4,7,"تقدّم ألْميريا في بلوم ليفينغ – أبوظبي وحدات سكنية أنيقة مستوحاة من الطراز المتوسطي، ضمن مجتمع متكامل مخطط بعناية ومناسب للعائلات. يستمتع السكان بالمساحات الخضراء الواسعة، والمرافق العصرية، ونمط حياة هادئ مع سهولة الوصول إلى أهم وجهات المدينة. اغتنم فرصة التملّك بقيمة استثنائية مع هذه الفيلا المكوّنة من 4 غرف نوم في ألْميريا من بلوم ليفينغ، بتصميم صف واحد يضمن أقصى درجات الخصوصية، وإطلالات مفتوحة، وعائداً استثمارياً طويل الأمد.

يتكوّن التاون هاوس من:


الطابق الأرضي:


- غرفة معيشة
- غرفة طعام
- غرفة نوم للضيوف
- غرفة خادمة
- مطبخ
- غرفة غسيل
- باودر روم 


الطابق الأول:

- غرفة نوم رئيسية مع غرفة ملابس
- غرفتا نوم ماستر
- غرفة معيشة عائلية


المنطقة الخارجية:

- حديقة
- غرفة سائق
- موقفان للسيارات


المرافق والخدمات

- حدائق طبيعية منسّقة بعناية
- مناطق آمنة ومجهّزة لألعاب الأطفال
- مسبح حديث
- إطلالات خلّابة على البحيرة
- مجتمع وحدائق صديقة للحيوانات الأليفة
- مركز متكامل للعافية والاستجمام
- حديقة مخصّصة لممارسة اليوغا
- قاعة مجتمعية متعددة الاستخدامات
- مدرسة دولية ضمن نطاق المشروع
- ملاعب رياضية متنوّعة



عقاري للاستثمار والتطوير العقاري ذ.م.م
التواصل: 026151222

تُعد شركة عقاري للاستثمار والتطوير العقاري من الشركات الرائدة في مجال العقارات، حيث تختص بشراء وبيع وتأجير والاستثمار في العقارات السكنية والتجارية الفاخرة، بالإضافة إلى المشاريع على الخارطة. نقدّم حلولاً عقارية مخصصة، مدعومة بتحليل سوقي دقيق، وتسويق استراتيجي، ومهارات تفاوض عالية لضمان تحقيق أفضل النتائج لعملائنا ومستثمرينا.",Created,,,,,
AP41762570,,,Plaza,فرصه لاتعوض شقه غرفتين مفروشه بالكامل تصميم مميز,"Unit Description

Discover modern living in this fully furnished 2-bedroom apartment at Plaza by Reportage, located in the heart of Masdar City. Designed for comfort and sustainability, this property offers a perfect home for families or professionals.

Apartment Features:

2 spacious bedrooms with built-in wardrobes
Fully furnished with modern interiors
Open-plan living and dining area
Contemporary kitchen with appliances
Elegant bathrooms with quality finishes
Private balcony and allocated parking

Amenities:

Swimming pool and fitness gym
Landscaped gardens and kids’ play area
Retail shops and cafes
24/7 security and concierge services


For more information feel free to contact us at
 
For Contact AQARY REAL ESTATE INVESTMENT: 026151222 

 
AQARY Investment and Development is a premier real estate company specializing in buying, selling, leasing, and investing in luxury properties, commercial projects, and off-plan developments. We offer tailored solutions, expert market analysis, strategic marketing, and negotiations to ensure optimal results for our clients.",Fully Furnished 2BR Apartment with Unique Design,Residential Building,,2,3,"وصف الوحدة

استمتع بأسلوب الحياة العصري في هذه الشقة المفروشة بالكامل المكونة من غرفتي نوم في مشروع بلازا من ريبورتاج، والمُقامة في قلب مدينة مصدر. تم تصميم هذه الوحدة بعناية لتوفير الراحة والاستدامة، مما يجعلها مثالية للعائلات أو المهنيين الباحثين عن بيئة سكنية متكاملة.

* مواصفات الشقة:
غرفتا نوم واسعتان مع خزائن مدمجة
مفروشة بالكامل بتصميم داخلي عصري
غرفة معيشة وطعام بتصميم مفتوح
مطبخ عصري مزود بالأجهزة
حمامات أنيقة بتشطيبات عالية الجودة
شرفة خاصة + موقف سيارة مخصص

* المرافق والخدمات:
مسبح وصالة رياضية مجهزة
حدائق منسقة ومنطقة ألعاب للأطفال
محلات تجارية ومقاهي
أمن على مدار 24 ساعة وخدمات كونسيرج
للمزيد من المعلومات، لا تتردد في التواصل معنا على:

للتواصل مع عقاري للاستثمار والتطوير العقاري : 026151222



شركة عقاري إنفيستمنت آند ديفيلوبمنت هي شركة عقارية رائدة تقدم خدمات شاملة في شراء وبيع وتأجير واستثمار العقارات. نحن ملتزمون بتقديم حلول احترافية تلبي الاحتياجات المتنوعة لعملائنا، مما يضمن تجربة سلسة ونتائج استثنائية. بفضل فريق من المحترفين ذوي الخبرة وشبكة عالمية واسعة، نتفوق في تقديم فرص استثمارية مبتكرة في العقارات السكنية الفاخرة، والمشاريع التجارية، والتطويرات غير المكتملة. نحن نقدم تحليلات سوقية دقيقة، وتسويق استراتيجي، وتفاوضات خبيرة لضمان أفضل النتائج لكل من المشترين والبائعين. بالإضافة إلى ذلك، نقدم خدمات تأجير مخصصة لمالكي العقارات والمستأجرين، مما يضمن توافق الاتفاقيات مع متطلبات العملاء المحددة.",Created,,,,,
AP885151,,,Al Maryah Vista,شرفتان | إطلالة على الواجهة البحرية | دوبلكس,"Discover a new level of contemporary island living with this stunning 3-bedroom loft in Al Maryah Vista 2, set in the heart of Abu Dhabi’s prestigious Al Maryah Island. Designed with modern elegance and waterfront sophistication, this residence delivers the perfect blend of space, style, and resort-inspired comfort.


FEATURES:

- Modern three-bedroom loft with double-height ceilings
- Floor-to-ceiling windows for bright, open living
- Contemporary open kitchen with quality finishes
- Spacious living and dining area
- Master bedroom with en-suite; built-in wardrobes in all rooms
- Stylish bathrooms with premium fittings
- Central A/C and covered parking
- Balcony and community or waterfront views (varies by unit)


AMENITIES:

- Resort-style swimming pool
- Fully equipped gym / fitness centre for residents
- Landscaped gardens and green leisure areas
- Children’s play area / kids’ playground and family-friendly spaces
- BBQ / outdoor social areas
- On-site retail, dining and convenience outlets
- Covered parking for residents
- Secure 24/7 security and concierge / property-management services
- Facilities for a balanced lifestyle: waterfront promenade access


AQARY REAL ESTATE INVESTMENT AND DEVELOPMENT - L.L.C

For Contact AQARY REAL ESTATE INVESTMENT: 026151222
 
AQARY Investment and Development is a premier real estate company specializing in buying, selling, leasing, and investing in luxury properties, commercial projects, and off-plan developments. We offer tailored solutions, expert market analysis, strategic marketing, and negotiations to ensure optimal results for our clients.",2 Balconies | Waterfront VIew | Duplex,Residential Building,Standard,3,3,"اكتشف مستوى جديدًا من المعيشة العصرية في الجزر مع هذا المسكن المذهل المكون من 3 غرف نوم (لوفت) في ""المرسى فيستا 2"" (Al Maryah Vista 2)، الواقع في قلب جزيرة المارية المرموقة في أبو ظبي. تم تصميم هذا المسكن بأناقة عصرية ورقي على الواجهة البحرية، ويوفر مزيجًا مثاليًا من المساحة، والأناقة، والراحة المستوحاة من المنتجعات.
الميزات (FEATURES):
مسكن علوي (لوفت) عصري بثلاث غرف نوم مع أسقف مزدوجة الارتفاع
نوافذ ممتدة من الأرض إلى السقف للمعيشة المشرقة والمفتوحة
مطبخ مفتوح معاصر بتشطيبات عالية الجودة
منطقة معيشة وطعام واسعة
غرفة نوم رئيسية بحمام داخلي؛ خزائن مدمجة في جميع الغرف
حمامات أنيقة بتجهيزات فاخرة
تكييف مركزي ومواقف مغطاة للسيارات
شرفة وإطلالات على المجتمع أو الواجهة البحرية (تختلف حسب الوحدة)
المرافق (AMENITIES):
حوض سباحة على طراز المنتجعات
صالة ألعاب رياضية / مركز لياقة بدنية مجهز بالكامل للمقيمين
حدائق ذات مناظر طبيعية ومناطق ترفيهية خضراء
منطقة لعب للأطفال / ملعب للأطفال ومساحات صديقة للعائلات
مناطق للشواء / مناطق اجتماعية خارجية
منافذ بيع بالتجزئة وتناول طعام ومرافق راحة في الموقع
مواقف مغطاة للسيارات للمقيمين
خدمات أمن واستقبال (كونسيرج) / إدارة عقارات آمنة على مدار الساعة طوال أيام الأسبوع
مرافق لنمط حياة متوازن: الوصول إلى المتنزه على الواجهة البحرية
عقاري للاستثمار والتطوير العقاري - ذ.م.م (AQARY REAL ESTATE INVESTMENT AND DEVELOPMENT - L.L.C)
للاتصال بشركة عقاري للاستثمار العقاري: 026151222
""عقاري للاستثمار والتطوير"" هي شركة عقارية رائدة متخصصة في شراء، وبيع، وتأجير، والاستثمار في العقارات الفاخرة، والمشاريع التجارية، والتطويرات على الخارطة. نقدم حلولاً مخصصة، وتحليلاً خبيرًا للسوق، وتسويقًا استراتيجيًا، ومفاوضات لضمان أفضل النتائج لعملائنا.",Created,,,,,
AP20849773,,,Al reef,غرفتي نوم | مساحة معيشة واسعة | موقع مميز,"Discover modern urban living in this bright and spacious 2-bedroom apartment located in the heart of Al Reef Downtown. Designed for comfort and convenience, this home features an open-plan layout with a well-lit living and dining area, a contemporary kitchen, and two generously sized bedrooms

FEATURES:

- 2 Bedrooms
- Bright Living & Dining Area
- Modern Open Kitchen
- Guest Powder Room
- Storage Room
- Built-in Wardrobes
- Storage Room
- Spacious Balcony


AMENITIES:

- Beautifully Landscaped Gardens
- Central Air Conditioning
- Fully Equipped Shared Gym
- Community Swimming Pool
- Gated Community
- 24/7 Security
- Dedicated Children’s Play Area


AQARY REAL ESTATE INVESTMENT AND DEVELOPMENT - L.L.C

For Contact AQARY REAL ESTATE INVESTMENT: 026151222
 
AQARY Investment and Development is a premier real estate company specializing in buying, selling, leasing, and investing in luxury properties, commercial projects, and off-plan developments. We offer tailored solutions, expert market analysis, strategic marketing, and negotiations to ensure optimal results for our clients.
",Two Bedrooms | Spacious Living | Prime Location,Mixed Used Building,Standard,2,2,"اكتشف الحياة الحضرية العصرية في هذه الشقة المشرقة والواسعة المكونة من غرفتي نوم والتي تقع في قلب الريف داون تاون. صُمم هذا المنزل لتوفير الراحة والرفاهية، ويتميز بتصميم مفتوح مع منطقة معيشة وتناول طعام مُضاءة جيدًا، ومطبخ عصري، وغرفتي نوم واسعتين.

الميزات:

- غرفتا نوم
- منطقة معيشة وتناول طعام مُشرقة
- مطبخ مفتوح عصري
- حمام ضيوف
- غرفة تخزين
- خزائن ملابس مدمجة
- غرفة تخزين
- شرفة واسعة

وسائل الراحة:

- حدائق خلابة
- تكييف مركزي
- صالة ألعاب رياضية مشتركة مُجهزة بالكامل
- مسبح مشترك
- مجمع سكني مُسوّر
- أمن على مدار الساعة
- منطقة لعب مُخصصة للأطفال

شركة عقاري للاستثمار والتطوير العقاري - ذ.م.م.

للتواصل مع شركة عقاري للاستثمار العقاري: 026151222

شركة عقاري للاستثمار والتطوير هي شركة عقارية رائدة مُتخصصة في شراء وبيع وتأجير والاستثمار في العقارات الفاخرة والمشاريع التجارية والمشاريع قيد الإنشاء. نحن نقدم حلولاً مخصصة، وتحليلات السوق المتخصصة، والتسويق الاستراتيجي، والمفاوضات لضمان أفضل النتائج لعملائنا.",Created,,,,,
AP81595720,,,Plaza,امتلك الان شقه | غرفة نوم واحدة مع شرفة | قابل للتفاوض,"Unit Description

Embrace modern living in this elegantly designed apartment, complete with a private balcony for peaceful outdoor enjoyment and a dedicated parking space. Ideally situated in an environmentally conscious area, this vibrant community is perfect for those seeking a healthy and sustainable lifestyle.

Off-Plan Details:

- Balcony
- Built-up Area: 605 sqft
- View: Community
- Furnished: Yes
- Kitchen: Fitted
- Living and dining area
- Bedroom: 1
- Bathrooms: 2
- No. of Parking: 1

Features And Amenities:

- Swimming pool
- Amphitheatre | Parks
- White sand beaches
- Community centres
- Plaza market | Retails
- Landscaped gardens
- Recreational spaces
- 24/7 Security
 
For Contact AQARY REAL ESTATE INVESTMENT: 026151222 

AQARY Investment and Development is a premier real estate company specializing in buying, selling, leasing, and investing in luxury properties, commercial projects, and off-plan developments. We offer tailored solutions, expert market analysis, strategic marketing, and negotiations to ensure optimal results for our clients.",Furnished Unit | 1BR w/ Balcony | Community Pool | Negotiable,Residential Building,,1,2,"وصف الوحدة

استمتع بأسلوب الحياة العصري في هذه الشقة الأنيقة التصميم، والمزودة بشرفة خاصة تمنحك لحظات هادئة في الهواء الطلق، بالإضافة إلى موقف سيارات مخصص.
تقع هذه الشقة في منطقة تراعي المعايير البيئية، ضمن مجتمع حيوي مثالي لأولئك الباحثين عن أسلوب حياة صحي ومستدام.

تفاصيل المشروع (قيد الإنشاء):

شرفة
المساحة المبنية: 605 قدم مربع
الإطلالة: على المجتمع
مفروشة: نعم
المطبخ: مجهز بالكامل
غرفة المعيشة والطعام
عدد غرف النوم: 1
عدد الحمامات: 2
عدد مواقف السيارات: 1


المميزات والمرافق:

مسبح
مدرج ومتنزهات
شواطئ برمال بيضاء
مراكز مجتمعية
سوق بلازا ومحلات تجارية
حدائق منسقة
مساحات ترفيهية
أمن على مدار الساعة (24/7)



شركة عقاري للاستثمار والتطوير العقاري ذ.م.م
رقم التواصل: 026151222

نبذة عن الشركة:
تُعد شركة عقاري للاستثمار والتطوير من الشركات الرائدة في مجال العقارات، والمتخصصة في شراء وبيع وتأجير واستثمار العقارات الفاخرة والمشاريع التجارية ومشاريع المخطط (Off-Plan).
نقدم حلولاً مخصصة، وتحليلات سوقية دقيقة، واستراتيجيات تسويقية وتفاوضية احترافية لضمان تحقيق أفضل النتائج لعملائنا.",Created,,,,,
AP288457,,,Reeman living,فرصة استثمارية امتلك الان شقة فاخرة بتصميم عصري,"Discover a Modern Lifestyle in Reeman Living 1 
Step into contemporary elegance with this luxurious 1-bedroom apartment in Reeman Living 1 by Aldar Properties, located in Al Shamkha, Abu Dhabi

The apartment consists of:

-1 Bedroom
- Living / dining area
-Open Kitchen
- Bathroom


Facilities & Amenities

•	Bike Lanes
•	Community Center
•	Fitness Facilities
•	Indoor Playground
•	Mosques
•	Multipurpose Room
•	Outdoor Terrace
•	Retails & F&B Hubs
•	Running Track
•	School
•	BBQ Areas
•	Jogging Trails
•	Parking Facility
•	Yoga & Meditation
•	Cycling Trails
•	Kids Play Area
•	Shopping Mall
•	Gardens and Parks
•	Outdoor Dining Area
•	Sports Court


For more information feel free to contact us at

AQARY REAL ESTATE INVESTMENT AND DEVELOPMENT - L.L.C
For Contact AQARY REAL ESTATE INVESTMENT: 026151222 

AQARY Investment and Development is a premier real estate company specializing in buying, selling, leasing, and investing in luxury properties, commercial projects, and off-plan developments. We offer tailored solutions, expert market analysis, strategic marketing, and negotiations to ensure optimal results for our clients.",Gated Community | 1BR Amazing | Premium Amenities,Residential Building,Luxury,1,1,"**اكتشف أسلوب الحياة العصري في ريمان ليفينغ 1
خطوة إلى الأناقة المعاصرة مع هذه الشقة الفاخرة من غرفة نوم واحدة في ريمان ليفينغ 1 من شركة الدار العقارية، الواقعة في الشامخة، أبوظبي.

الشقة تتكون من:
غرفة نوم واحدة
منطقة معيشة / طعام
مطبخ مفتوح
حمام

المرافق والخدمات:
مسارات للدراجات
مركز مجتمعي
مرافق للياقة البدنية
ملعب داخلي
مساجد
غرفة متعددة الاستخدامات
تراس خارجي
مراكز تجارية ومطاعم ومقاهي
مسار للجري
مدرسة
مناطق للشواء
مسارات للمشي
مواقف سيارات
يوجا وتأمل
مسارات للدراجات
منطقة ألعاب للأطفال
مول تجاري
حدائق وحدائق عامة
منطقة لتناول الطعام في الهواء الطلق
ملعب رياضي

للمزيد من المعلومات، لا تترددوا في الاتصال بنا على:

شركة أكاري للاستثمار والتطوير العقاري - ش.م.م
للتواصل مع أكاري للاستثمار العقاري: 026151222

شركة أكاري للاستثمار والتطوير هي شركة عقارية رائدة متخصصة في شراء وبيع وتأجير والاستثمار في العقارات الفاخرة، والمشاريع التجارية، والتطويرات العقارية خارج المخطط. نحن نقدم حلولًا مخصصة، وتحليلات سوقية احترافية، وتسويق استراتيجي، وتفاوضات لضمان تحقيق أفضل النتائج لعملائنا.",Created,,,,,
AP551966,,,Reeman living,افضل سعر | غرفتين نوم + بلكونة | امتلك الان,"Reeman Living in Al Shamkha, Abu Dhabi, is Aldar Properties’ latest residential project. It boasts luxurious studios and 1, 2, and 3-bedroom apartments. These smartly designed homes feature bespoke decor, efficient storage, and premium aesthetics. Residents can enjoy exceptional services and an elegant lifestyle. 

The apartment consists of:

- Master bedroom
- Bedroom
- Living/Dining area
- Kitchen
- Balcony
- Bathroom

FACILITIES AND AMENITIES:

- Indoor Playground
- Outdoor Terrace
- Multi-purpose Premises
- Fitness Center
- Community Areas
- Mosque
- Schools
- Shops and Retail Stores


For Contact AQARY REAL ESTATE INVESTMENT: 026151222 

AQARY Investment and Development is a premier real estate company specializing in buying, selling, leasing, and investing in luxury properties, commercial projects, and off-plan developments. We offer tailored solutions, expert market analysis, strategic marketing, and negotiations to ensure optimal results for our clients.",Best Price | 2-Bedroom + Balcony | Own it Now,Residential Building,Luxury,2,2,"ريمان ليفينج في الشامخة، أبوظبي، هو أحدث مشروع سكني لشركة الدار العقارية. يضم استوديوهات فاخرة وشقق بغرفة نوم واحدة، وغرفتين، وثلاث غرف نوم. تتميز هذه المنازل المصممة بذكاء بديكور مخصص، ومساحات تخزين فعالة، وجماليات راقية. يمكن للمقيمين الاستمتاع بخدمات استثنائية وأسلوب حياة أنيق.

تتكون الشقة من:

- غرفة نوم رئيسية
- غرفة نوم
- منطقة معيشة / طعام
- مطبخ
- بلكونة
- حمام

المرافق والخدمات:

- ملعب داخلي
- تراس خارجي
مرافق متعددة الاستخدامات
- مركز لياقة بدنية
- مناطق مجتمعية
- مسجد
- مدارس
- محلات ومتاجر تجزئة

للتواصل مع شركة العقاري للاستثمار العقاري: 026151222 

العقاري للاستثمار والتطوير هي شركة عقارية رائدة متخصصة في شراء وبيع وتأجير والاستثمار في العقارات الفاخرة، والمشاريع التجارية، والمشاريع قيد الإنشاء. نحن نقدم حلولاً مخصصة، وتحليلات سوقية متخصصة، وتسويق استراتيجي، وتفاوضات لضمان تحقيق أفضل النتائج لعملائنا.",Created,,,,,
AP80345239,,,Reeman living,معيشة فاخرة | موقع مميز | إطلالة خلابة,"Discover contemporary urban living in this 2-bedroom apartment at Reeman Living, a thoughtfully planned residential community by Aldar Properties in the fast-growing district of Al Shamkha, Abu Dhabi. Designed for young professionals and small families, this home offers the perfect balance of modern design, comfort, and community-focused living. 

The apartment features a well-planned open layout, premium-quality finishes, and large floor-to-ceiling windows that flood the space with natural light. The single-row positioning enhances privacy and provides open, unobstructed views—ideal for relaxed, everyday living. 



Apartment Features:

- Master Bedroom
- 2nd Bedroom 
- Living / Dining Area 
- Kitchen 
- Powder Room 


Amenities & Community Facilities:

- Fully equipped gymnasium
- Swimming pool with sun decks
- Children’s play areas
- Landscaped gardens and green spaces
- Community center & multipurpose halls
- Retail and dining outlets within the community
- Cycling and jogging tracks
- 24-hour security and maintenance



Nearby Landmarks & Connectivity:

- Abu Dhabi International Airport – 10 minutes
- Masdar City – 15 minutes
- Yas Island – 20 minutes
- Al Shamkha Mall Mafraq Hospital – 10 minutes



AQARY Real Estate Investment and Development – L.L.C
Contact: 026151222


AQARY Real Estate Investment and Development is a premier real estate firm specializing in the acquisition, sale, leasing, and investment of luxury residential, commercial, and off-plan properties. We provide customized solutions, backed by expert market analysis, strategic marketing, and skilled negotiations to deliver optimal results for our clients and investors.",Luxury Living | Prime Location | Stunning View ,Residential Building,,2,2,"اكتشف أسلوب الحياة الحضرية المعاصرة في هذه الشقة المكوّنة من غرفتي نوم في ريمان ليفينغ، المجتمع السكني المخطط بعناية من قبل شركة الدار العقارية، والواقع في منطقة الشامخة سريعة النمو في أبوظبي. صُممت هذه الوحدة لتناسب المهنيين الشباب والعائلات الصغيرة، حيث توفر مزيجًا مثاليًا من التصميم العصري، والراحة، ونمط الحياة القائم على مفهوم المجتمع.

تتميّز الشقة بتصميم مفتوح ومدروس بعناية، وتشطيبات عالية الجودة، ونوافذ زجاجية ممتدة من الأرض إلى السقف تسمح بدخول وفير للضوء الطبيعي. كما يوفّر موقع الوحدة في صف واحد مزيدًا من الخصوصية وإطلالات مفتوحة وغير محجوبة، لتجربة سكنية هادئة ومريحة.



مواصفات الشقة:

- غرفة نوم رئيسية
- غرفة نوم ثانية
- منطقة معيشة / طعام
- مطبخ
- دورة مياه للضيوف

 
المرافق والخدمات المجتمعية:

- صالة رياضية مجهزة بالكامل
- مسبح مع مساحات للتشمّس
- مناطق ألعاب مخصصة للأطفال
- حدائق ومساحات خضراء منسّقة
- مركز مجتمعي وقاعات متعددة الاستخدامات
- منافذ تجزئة ومطاعم داخل المجتمع
- مسارات مخصّصة للجري وركوب الدراجات
- أمن وصيانة على مدار الساعة


المعالم القريبة وسهولة الوصول:

- مطار أبوظبي الدولي – 10 دقائق
- مدينة مصدر – 15 دقيقة
- جزيرة ياس – 20 دقيقة
- الشامخة مول / مستشفى المفرق – 10 دقائق


عقاري للاستثمار والتطوير العقاري ذ.م.م
التواصل: 026151222

تُعد شركة عقاري للاستثمار والتطوير العقاري من الشركات الرائدة في مجال العقارات، حيث تختص بشراء وبيع وتأجير والاستثمار في العقارات السكنية والتجارية الفاخرة، بالإضافة إلى المشاريع على الخارطة. نقدّم حلولاً عقارية مخصصة، مدعومة بتحليل سوقي دقيق، وتسويق استراتيجي، ومهارات تفاوض عالية لضمان تحقيق أفضل النتائج لعملائنا ومستثمرينا.",Created,,,,,
AP93411480,,,Gardenia,شقة فاخرة | تشطيب عصري | اطلالة جزئية علي القناة ,"Gardenia Bay, situated on the prestigious Yas Island, is an innovative real estate project developed by Aldar Properties. This venture harmoniously integrates luxurious living with the natural beauty of its surroundings. It offers residents an exclusive lifestyle that merges urban sophistication with the tranquility of waterfront living. The development includes a variety of contemporary apartments, ranging from efficient studios to expansive three-bedroom homes, all designed with a focus on sustainability and comfort. 

The apartment consists of:

- Master bedroom
- Living / dining area
- Kitchen
- Balcony
- Laundry area
- Powder room

FACILITIES AND AMENITIES:

- Beach and Beach Club
- Swimming Pools
- Direct access to Gate Park
- Co-working spaces and meeting rooms
- Yoga Pods
- Cafes and Restaurants
- Shared Dining and Entertaining Spaces
- Dog Park
- Fitness Trail

AQARY REAL ESTATE INVESTMENT AND DEVELOPMENT - L.L.C
For Contact AQARY REAL ESTATE INVESTMENT: 026151222 

AQARY Investment and Development is a premier real estate company specializing in buying, selling, leasing, and investing in luxury properties, commercial projects, and off-plan developments. We offer tailored solutions, expert market analysis, strategic marketing, and negotiations to ensure optimal results for our clients",Elegant 1BR | Partial canal + community view |Invest now,Residential Building,Luxury,1,2,"جاردينيا باي، الواقع في جزيرة ياس المرموقة، هو مشروع عقاري مبتكر من تطوير شركة الدار العقارية. يجمع هذا المشروع بتناغم بين أسلوب الحياة الفاخر وجمال الطبيعة المحيطة به، ليمنح السكان نمط حياة حصريًا يمزج بين الرقي الحضري وهدوء العيش على الواجهة المائية. يضم المشروع مجموعة متنوعة من الشقق العصرية، بدءًا من الاستوديوهات العملية وصولًا إلى الشقق الواسعة المكونة من ثلاث غرف نوم، وقد تم تصميمها جميعًا مع التركيز على الاستدامة والراحة.


تتكون الشقة من 

- غرفة نوم ماستر 
- منطقة معيشة / طعام 
- مطبخ 
- بلكونة 
- منطقة غسيل 
- باودر روم 


المرافق والخدمات:

شاطئ ونادٍ شاطئي
- مسابح
وصول مباشر إلى حديقة جيت
- مساحات عمل مشتركة وغرف اجتماعات
- منصات يوغا
مقاهٍ ومطاعم
- مساحات مشتركة لتناول الطعام والترفيه
- حديقة مخصصة للكلاب
- مسار للياقة البدنية

شركة عقاري إنفيستمنت آند ديفيلوبمنت - ذ.ذ.م
للتواصل مع عقاري إنفيستمنت آند ديفيلوبمنت: 026151222

شركة عقاري إنفيستمنت آند ديفيلوبمنت هي شركة عقارية رائدة تقدم خدمات شاملة في شراء وبيع وتأجير واستثمار العقارات. نحن ملتزمون بتقديم حلول احترافية تلبي الاحتياجات المتنوعة لعملائنا، مما يضمن تجربة سلسة ونتائج استثنائية. بفضل فريق من المحترفين ذوي الخبرة وشبكة عالمية واسعة، نتفوق في تقديم فرص استثمارية مبتكرة في العقارات السكنية الفاخرة، والمشاريع التجارية، والتطويرات غير المكتملة. نحن نقدم تحليلات سوقية دقيقة، وتسويق استراتيجي، وتفاوضات خبيرة لضمان أفضل النتائج لكل من المشترين والبائعين. بالإضافة إلى ذلك، نقدم خدمات تأجير مخصصة لمالكي العقارات والمستأجرين، مما يضمن توافق الاتفاقيات مع متطلبات العملاء المحددة",Created,,,,,
AP712764,,,Reeman living,انقل قريبا لشقة فاخرة بالطوابق العليا وبأطلالة خلابة,"Reeman Living is a new complex by one of the leading development companies in Abu Dhabi – Aldar Properties. It is the second residential project to be launched under the developer’s ‘Living’ collection. The community has a first-of-its-kind design concept, targeted towards people who desire to connect to the world, without any compromise. 

The apartment consists of:

- Bedroom
- Living / Dining area
- Open kitchen
- Bathroom

Community Amenities:

•	Fully Equipped Gym & Fitness Center
•	Landscaped Gardens & Outdoor Seating Areas
•	Indoor Kids’ Play Area & Community Room
•	Retail Outlets & Convenience Stores
•	24/7 Security & CCTV Surveillance
•	Covered Parking Spaces


For Contact AQARY REAL ESTATE INVESTMENT: 026151222 

AQARY Investment and Development is a premier real estate company specializing in buying, selling, leasing, and investing in luxury properties, commercial projects, and off-plan developments. We offer tailored solutions, expert market analysis, strategic marketing, and negotiations to ensure optimal results for our clients.",Buy Now | 1BR Luxury | High floor,Residential Building,Luxury,1,1,"ريمان ليفينغ هو مجمّع سكني جديد من تطوير واحدة من الشركات الرائدة في أبوظبي، الدار العقارية.
ويُعد هذا المشروع السكني الثاني الذي يتم إطلاقه ضمن مجموعة ""Living"" الخاصة بالمطور.
يتميّز المجتمع السكني بتصميم فريد من نوعه، يستهدف الأشخاص الذين يسعون للتواصل مع العالم من حولهم دون أي تنازلات.

تتكون الشقة من:

- غرفة نوم
- منطقة معيشة / طعام
- مطبخ مفتوح
- حمّام

 مرافق المجتمع السكني:

- صالة رياضية ومركز لياقة بدنية مجهّز بالكامل
- حدائق مُنسقة ومناطق جلوس خارجية
- منطقة لعب داخلية للأطفال وغرفة مجتمعية
- متاجر ومنافذ بيع للراحة
- أمن على مدار 24 ساعة وكاميرات مراقبة
- مواقف سيارات مغطاة

للتواصل مع شركة عقاري للاستثمار العقاري: 026151222

تُعد شركة عقاري للاستثمار والتطوير من الشركات الرائدة في مجال العقارات،
وهي متخصصة في شراء وبيع وتأجير واستثمار العقارات الفاخرة، والمشاريع التجارية، والمشاريع قيد الإنشاء.
نُقدّم حلولاً مخصصة، وتحليلات دقيقة للسوق، وتسويقاً استراتيجياً، ومهارات تفاوض لضمان أفضل النتائج لعملائنا.",Created,,,,,
TH39893998,,,Hudayriat Island,تاونهاوس فاخر بثلاث غرف نوم | حياة جزيرة حصرية,"This 3-bedroom townhouse with 4 bathrooms at Nawayef Village, Al Hudayriat Island offers an elevated coastal lifestyle within one of Abu Dhabi’s most vibrant and fast-developing leisure destinations. Thoughtfully designed with modern architecture and spacious interiors, the home provides an ideal balance of comfort, privacy, and functionality for families or end-users.
Set amidst the island’s serene natural surroundings, the townhouse enjoys close proximity to pristine beaches, world-class sports facilities, cycling tracks, and waterfront leisure areas. Residents benefit from a unique blend of peaceful island living and an active, outdoor-focused lifestyle.
Nawayef Village delivers modern convenience and coastal sophistication, making this 3-bedroom townhouse an exceptional opportunity to enjoy refined living in the heart of Al Hudayriat Island.


AQARY REAL ESTATE INVESTMENT AND DEVELOPMENT - L.L.C
For Contact AQARY REAL ESTATE INVESTMENT: 026151222
 
AQARY Investment and Development is a premier real estate company specializing in buying, selling, leasing, and investing in luxury properties, commercial projects, and off-plan developments. We offer tailored solutions, expert market analysis, strategic marketing, and negotiations to ensure optimal results for our clients.",Luxury 3BR Townhouse | Nawayef Village | Exclusive Island Living,compound Villas,Luxury,3,5,"يوفر هذا المنزل المتلاصق المكوّن من 3 غرف نوم و4 حمّامات في قرية نوايف، جزيرة الحديريات أسلوب حياة ساحلي راقٍ ضمن واحدة من أكثر وجهات الترفيه حيويةً وسرعةً في التطور في أبوظبي. يتميز المنزل بتصميم مدروس يجمع بين العمارة الحديثة والمساحات الداخلية الواسعة، مما يوفر توازناً مثالياً بين الراحة والخصوصية والعملية للعائلات أو المستخدمين النهائيين.
يقع المنزل المتلاصق وسط المحيط الطبيعي الهادئ للجزيرة، ويتمتع بقربه من الشواطئ الخلابة، والمرافق الرياضية عالمية المستوى، ومسارات الدراجات، ومناطق الترفيه المطلة على الواجهة البحرية. ويستفيد السكان من مزيج فريد يجمع بين هدوء العيش في الجزيرة ونمط الحياة النشط الذي يركز على الأنشطة الخارجية.
تقدم قرية نوايف مزيجاً من الراحة العصرية والرقي الساحلي، مما يجعل هذا المنزل المتلاصق المكوّن من 3 غرف نوم فرصة استثنائية للاستمتاع بأسلوب حياة راقٍ في قلب جزيرة الحديريات.


شركة عقاري إنفيستمنت آند ديفيلوبمنت - ذ.ذ.م
للتواصل مع عقاري إنفيستمنت آند ديفيلوبمنت: 026151222
 
شركة عقاري إنفيستمنت آند ديفيلوبمنت هي شركة عقارية رائدة تقدم خدمات شاملة في شراء وبيع وتأجير واستثمار العقارات. نحن ملتزمون بتقديم حلول احترافية تلبي الاحتياجات المتنوعة لعملائنا، مما يضمن تجربة سلسة ونتائج استثنائية. بفضل فريق من المحترفين ذوي الخبرة وشبكة عالمية واسعة، نتفوق في تقديم فرص استثمارية مبتكرة في العقارات السكنية الفاخرة، والمشاريع التجارية، والتطويرات غير المكتملة. نحن نقدم تحليلات سوقية دقيقة، وتسويق استراتيجي، وتفاوضات خبيرة لضمان أفضل النتائج لكل من المشترين والبائعين. بالإضافة إلى ذلك، نقدم خدمات تأجير مخصصة لمالكي العقارات والمستأجرين، مما يضمن توافق الاتفاقيات مع متطلبات العملاء المحددة.",Created,,,,,
AP39853616,,,Plaza,فرصه الان شقه غرفه موقع مميز و رائع,"Unit Description

Experience sustainable living at its finest in this well-designed 1-bedroom apartment located in Plaza 2, Masdar City — Abu Dhabi’s award-winning eco-friendly community. Ideal for end-users or investors, this home offers a blend of modern design, smart features, and eco-conscious living.



Property Features:
- 1 Spacious Bedroom with built-in wardrobes
- Modern Bathroom with elegant fittings
- Open-Plan Living & Dining Area
- Fully Fitted Kitchen with contemporary cabinetry
- Private Balcony with community views
- Large Windows for natural light and ventilation
- Central A/C, high-quality finishes throughout
- Allocated Parking Space


Community Amenities:
- Swimming Pool & Kids’ Pool
- Fully Equipped Gymnasium
- Children’s Play Area
- Landscaped Gardens & Courtyards
- 24/7 Security and Access Control
- Retail, Dining & Grocery Outlets within walking distance
- Smart Building Features aligned with sustainability goals


For more information feel free to contact us at
 
AQARY REAL ESTATE INVESTMENT AND DEVELOPMENT - L.L.C
For Contact AQARY REAL ESTATE INVESTMENT: 026151222 

 
AQARY Investment and Development is a premier real estate company specializing in buying, selling, leasing, and investing in luxury properties, commercial projects, and off-plan developments. We offer tailored solutions, expert market analysis, strategic marketing, and negotiations to ensure optimal results for our clients.",A one-bedroom apartment in a prime and excellent location,Residential Building,,1,1,"وصف الوحدة :
اختبر أسلوب الحياة المستدام بأفضل صوره في هذه الشقة ذات الغرفة الواحدة والمصممة بعناية، وتقع في بلازا 2 بمدينة مصدر – المجتمع البيئي الحائز على جوائز في أبوظبي. هذه الوحدة مثالية للسكن أو للاستثمار، حيث تجمع بين التصميم العصري، والميزات الذكية، والمعيشة الصديقة للبيئة.


مواصفات العقار:
- غرفة نوم واسعة مع خزائن مدمجة
- حمام عصري بتشطيبات أنيقة
- منطقة معيشة وطعام مفتوحة
- مطبخ مجهز بالكامل مع خزائن حديثة
- شرفة خاصة بإطلالة على المجتمع
- نوافذ كبيرة للإضاءة والتهوية الطبيعية
- تكييف مركزي وتشطيبات عالية الجودة
- موقف سيارة مخصص


مرافق المجتمع:
- حمام سباحة للكبار وآخر للأطفال
- صالة رياضية مجهزة بالكامل
- منطقة لعب للأطفال
- حدائق منسقة وساحات داخلية
- أمن على مدار الساعة ونظام تحكم في الدخول
- محلات تجارية، مطاعم، وبقالة على بُعد خطوات
- مبانٍ ذكية تتماشى مع أهداف الاستدامة


للمزيد من المعلومات، لا تتردد في التواصل معنا:

شركة عقاري للاستثمار والتطوير العقاري - ذ.م.م
للتواصل مع عقاري للاستثمار والتطوير: 026151222


عقاري للاستثمار والتطوير هي شركة رائدة في مجال العقارات، متخصصة في شراء وبيع وتأجير والاستثمار في العقارات الفاخرة، والمشاريع التجارية، وتطوير العقارات قيد الإنشاء. نحن نقدم حلولاً مخصصة، وتحليلات سوقية متقدمة، واستراتيجيات تسويق احترافية، ومهارات تفاوض عالية لضمان أفضل النتائج لعملائنا.",Created,,,,,
AP626726,,,Reeman living,امتلك قريبا | في الطوابق العليا | مساحة واسعة,"Overview:
Reeman Living in Alreeman offers a modern, community-focused lifestyle with a collection of five low-rise buildings housing 1,050 thoughtfully designed apartments, from studios to 3-bedroom homes. Each unit features smart layouts and customizable interiors, making it an ideal choice for investors seeking strong long-term returns. Surrounded by vibrant amenities and excellent connectivity, with the first phase of 630 units ready for handover in January 2026, it combines premium living with strategic investment potential. 

The apartment consists of:

- Master bedroom
- Bedroom
- Living/Dining area
- Balcony
- Powder room

Amenities:

- Indoor Kids Play Areas
- Outdoor Terrace
- Multipurpose Rooms
- Bike Lanes | Running Trails
- Retail | F and B
- Schools
- Community Centers
- Mosques


AQARY REAL ESTATE INVESTMENT AND DEVELOPMENT - L.L.C
For Contact AQARY REAL ESTATE INVESTMENT: 026151222 

AQARY Investment and Development is a premier real estate company specializing in buying, selling, leasing, and investing in luxury properties, commercial projects, and off-plan developments. We offer tailored solutions, expert market analysis, strategic marketing, and negotiations to ensure optimal results for our clients.", High Floor | Handover Q1 2026 | Stylish Apartment,Residential Building,,2,2,"نظرة عامة:
يقدم مشروع ريمان ليفينغ في الريمان أسلوب حياة حديث يركز على المجتمع، مع مجموعة من خمسة مبانٍ منخفضة الارتفاع تضم 1,050 شقة مصممة بعناية، تتراوح بين الاستوديوهات ووحدات من 3 غرف نوم. تتميز كل وحدة بتصاميم ذكية وديكورات داخلية قابلة للتخصيص، مما يجعلها خيارًا مثاليًا للمستثمرين الباحثين عن عوائد قوية على المدى الطويل. محاط بمجموعة من المرافق الحيوية وسهولة الوصول المتميزة، ومع التسليم المتوقع للمرحلة الأولى المكونة من 630 وحدة في يناير 2026، يجمع المشروع بين الحياة الفاخرة وإمكانات الاستثمار الاستراتيجية.

تتكون الشقة من:

- غرفة نوم رئيسية
- غرفة نوم
- منطقة معيشة/طعام
- بلكونة
- حمام باودر

المرافق:
- مناطق لعب للأطفال داخلية
- تراس خارجي
- غرف متعددة الاستخدامات
- مسارات للدراجات | مسارات للجري
- محلات تجارية | مطاعم ومقاهي
- مدارس
- مراكز مجتمعية
- مساجد

شركة عقاري إنفيستمنت آند ديفيلوبمنت - ذ.ذ.م
للتواصل مع عقاري إنفيستمنت آند ديفيلوبمنت: 026151222

شركة عقاري إنفيستمنت آند ديفيلوبمنت هي شركة عقارية رائدة تقدم خدمات شاملة في شراء وبيع وتأجير واستثمار العقارات. نحن ملتزمون بتقديم حلول احترافية تلبي الاحتياجات المتنوعة لعملائنا، مما يضمن تجربة سلسة ونتائج استثنائية. بفضل فريق من المحترفين ذوي الخبرة وشبكة عالمية واسعة، نتفوق في تقديم فرص استثمارية مبتكرة في العقارات السكنية الفاخرة، والمشاريع التجارية، والتطويرات غير المكتملة. نحن نقدم تحليلات سوقية دقيقة، وتسويق استراتيجي، وتفاوضات خبيرة لضمان أفضل النتائج لكل من المشترين والبائعين. بالإضافة إلى ذلك، نقدم خدمات تأجير مخصصة لمالكي العقارات والمستأجرين، مما يضمن توافق الاتفاقيات مع متطلبات العملاء المحددة",Created,,,,,
AP824237,,,Bloom Living,استثمر الان | مساحة واسعة | تطشيب عصري ,"Discover contemporary comfort in this modern 2-bedroom apartment located in the Granada cluster of Bloom Living, one of Abu Dhabi’s most sought-after communities. Designed with elegance and functionality in mind, this home offers spacious interiors, high-quality finishes, and access to world-class facilities — ideal for both families and investors. 

The apartment consists of:

- Master bedroom
- Living / dining area
- Kitchen
- Laundry area
- Powder room
- Balcony

FACILITIES & AMENITIES:

- Cycling Tracks
- Schools
- Pet Friendly
- Yoga Park
- Children’s Play Areas
- Pools
- Shaded Pathways


AQARY REAL ESTATE INVESTMENT AND DEVELOPMENT - L.L.C
For Contact AQARY REAL ESTATE INVESTMENT: 026151222 

AQARY Investment and Development is a premier real estate company specializing in buying, selling, leasing, and investing in luxury properties, commercial projects, and off-plan developments. We offer tailored solutions, expert market analysis, strategic marketing, and negotiations to ensure optimal results for our clients.", Premium Amenities | Modern 1BR | Spacious Layout ,Residential Building,,1,2,"اكتشف راحة عصرية في هذه الشقة الحديثة المكونة من غرفتي نوم، والواقعة في مجمّع **غرناطة** ضمن مشروع **بلوم ليفينغ**، إحدى أكثر المجتمعات السكنية طلباً في أبوظبي. صُممت هذه الشقة بعناية تجمع بين الأناقة والوظائف العملية، وتوفّر مساحات داخلية واسعة، وتشطيبات عالية الجودة، مع إمكانية الوصول إلى مرافق عالمية المستوى — ما يجعلها مثالية للعائلات والمستثمرين على حدّ سواء.

تتكون الشقة من:

- غرفة نوم ماستر
- منطقة معيشة / طعام
- مطبخ
- منطقة غسيل
- غرفة غسيل 
 - باودر روم
- بلكونة

المرافق والخدمات:

- مسارات للدراجات
- مدارس
- صديقة للحيوانات الأليفة
- حديقة يوغا
- مناطق لعب للأطفال
- مسابح
- ممرات مظللة

شركة عقاري إنفيستمنت آند ديفيلوبمنت - ذ.ذ.م
للتواصل مع عقاري إنفيستمنت آند ديفيلوبمنت: 026151222

شركة عقاري إنفيستمنت آند ديفيلوبمنت هي شركة عقارية رائدة تقدم خدمات شاملة في شراء وبيع وتأجير واستثمار العقارات. نحن ملتزمون بتقديم حلول احترافية تلبي الاحتياجات المتنوعة لعملائنا، مما يضمن تجربة سلسة ونتائج استثنائية. بفضل فريق من المحترفين ذوي الخبرة وشبكة عالمية واسعة، نتفوق في تقديم فرص استثمارية مبتكرة في العقارات السكنية الفاخرة، والمشاريع التجارية، والتطويرات غير المكتملة. نحن نقدم تحليلات سوقية دقيقة، وتسويق استراتيجي، وتفاوضات خبيرة لضمان أفضل النتائج لكل من المشترين والبائعين. بالإضافة إلى ذلك، نقدم خدمات تأجير مخصصة لمالكي العقارات والمستأجرين، مما يضمن توافق الاتفاقيات مع متطلبات العملاء المحددة
",Created,,,,,
AP282402,,,Reeman living,عائد استثمتاري عالي | شقة فاخرة | تسليم قريبا ,"Overview:
Reeman Living in Alreeman offers a modern, community-focused lifestyle with a collection of five low-rise buildings housing 1,050 thoughtfully designed apartments, from studios to 3-bedroom homes. Each unit features smart layouts and customizable interiors, making it an ideal choice for investors seeking strong long-term returns. Surrounded by vibrant amenities and excellent connectivity, with the first phase of 630 units ready for handover in January 2026, it combines premium living with strategic investment potential. 

The apartment consists of:

- Master bedroom
- Bedroom
- Living/Dining area
- Balcony
- Powder room

Amenities:

- Indoor Kids Play Areas
- Outdoor Terrace
- Multipurpose Rooms
- Bike Lanes | Running Trails
- Retail | F and B
- Schools
- Community Centers
- Mosques


AQARY REAL ESTATE INVESTMENT AND DEVELOPMENT - L.L.C
For Contact AQARY REAL ESTATE INVESTMENT: 026151222 

AQARY Investment and Development is a premier real estate company specializing in buying, selling, leasing, and investing in luxury properties, commercial projects, and off-plan developments. We offer tailored solutions, expert market analysis, strategic marketing, and negotiations to ensure optimal results for our clients.",High ROI |  Cozy Home | Handover Soon ,Residential Building,Luxury,2,2,"نظرة عامة:
يقدم مشروع ريمان ليفينغ في الريمان أسلوب حياة حديث يركز على المجتمع، مع مجموعة من خمسة مبانٍ منخفضة الارتفاع تضم 1,050 شقة مصممة بعناية، تتراوح بين الاستوديوهات ووحدات من 3 غرف نوم. تتميز كل وحدة بتصاميم ذكية وديكورات داخلية قابلة للتخصيص، مما يجعلها خيارًا مثاليًا للمستثمرين الباحثين عن عوائد قوية على المدى الطويل. محاط بمجموعة من المرافق الحيوية وسهولة الوصول المتميزة، ومع التسليم المتوقع للمرحلة الأولى المكونة من 630 وحدة في يناير 2026، يجمع المشروع بين الحياة الفاخرة وإمكانات الاستثمار الاستراتيجية.

تتكون الشقة من:

- غرفة نوم رئيسية
- غرفة نوم
- منطقة معيشة/طعام
- بلكونة
- حمام باودر

المرافق:
- مناطق لعب للأطفال داخلية
- تراس خارجي
- غرف متعددة الاستخدامات
- مسارات للدراجات | مسارات للجري
- محلات تجارية | مطاعم ومقاهي
- مدارس
- مراكز مجتمعية
- مساجد

شركة عقاري إنفيستمنت آند ديفيلوبمنت - ذ.ذ.م
للتواصل مع عقاري إنفيستمنت آند ديفيلوبمنت: 026151222

شركة عقاري إنفيستمنت آند ديفيلوبمنت هي شركة عقارية رائدة تقدم خدمات شاملة في شراء وبيع وتأجير واستثمار العقارات. نحن ملتزمون بتقديم حلول احترافية تلبي الاحتياجات المتنوعة لعملائنا، مما يضمن تجربة سلسة ونتائج استثنائية. بفضل فريق من المحترفين ذوي الخبرة وشبكة عالمية واسعة، نتفوق في تقديم فرص استثمارية مبتكرة في العقارات السكنية الفاخرة، والمشاريع التجارية، والتطويرات غير المكتملة. نحن نقدم تحليلات سوقية دقيقة، وتسويق استراتيجي، وتفاوضات خبيرة لضمان أفضل النتائج لكل من المشترين والبائعين. بالإضافة إلى ذلك، نقدم خدمات تأجير مخصصة لمالكي العقارات والمستأجرين، مما يضمن توافق الاتفاقيات مع متطلبات العملاء المحددة",Created,,,,,
AP799734,,,Bloom Living,شقة عصرية بغرفة نوم واحدة | مرافق ممتازة | معيشة راقية,"Aqary Real Estate is delighted to present this one Bedroom comes with 2 bathrooms apartment at Bloom Living.
Khalifa City, Zayed City, Abu Dhabi. Situated in a peaceful community with expansive green spaces and excellent amenities, it’s the perfect choice for a comfortable and fulfilling lifestyle.

Features:
- Master Bedroom
- Living / dinning
- Modern kitchen
- Powder Room
-  Balcony

Amenities:
- Community parks
- Kids Play Area
- Swimming Pools
- Retail and Restaurants
- International Schools
- Walking and Running Track
- Parking Space

For Contact AQARY REAL ESTATE INVESTMENT: 026151222

AQARY Investment and Development is a premier real estate company specializing in buying, selling, leasing, and investing in luxury properties,
commercial projects, and off-plan developments. We offer tailored solutions, expert market analysis, strategic marketing, and negotiations to ensure optimal results for our clients.",Modern 1BR | Top Facilities | Premium Living,Residential Building,Luxury,1,2,"شركة عقاري العقارية يسعدها أن تقدم هذه الشقة المميزة في بلوم ليفينغ. تقع في مجتمع هادئ يتميز بمساحات خضراء واسعة ومرافق ممتازة، مما يجعلها الخيار الأمثل لحياة مريحة ومليئة بالرفاهية.

المميزات:
- غرفة نوم رئيسية
- مساحة معيشة وغرفة طعام
- مطبخ حديث
- بلكونة

المرافق:
- حدائق مجتمعية
- منطقة ألعاب للأطفال
- حمامات سباحة
- متاجر ومطاعم
- مدارس دولية
- مسارات للمشي والجري
- مواقف سيارات

شركة عقاري للاستثمار والتطوير العقاري ذ.م.م
للتواصل: 026151222

شركة عقاري للاستثمار والتطوير هي شركة عقارية رائدة متخصصة في شراء وبيع وتأجير والاستثمار في العقارات الفاخرة، والمشاريع التجارية، والتطويرات على المخطط. نقدم حلولاً مخصصة، وتحليلات سوقية متخصصة، وتسويق استراتيجي، ومفاوضات لضمان تحقيق أفضل النتائج لعملائنا.",Created,,,,,
TH462944,,,Bloom Living,سنجل روو | تاون هاوس من غرفتين | قريب من البحيرة,"Seville at Bloom Living is a premium residential development located in Zayed City, Abu Dhabi. 
It features Mediterranean-inspired architecture and stunning lake views. 


The townhouse consists of:

Ground Floor:

- Living / Dining area
- Kitchen
- Maid’s room
- Powder room

First Floor:

- 2 Master bedrooms

Outside Area:

- Garden
- Parking area

Amenities & Facilities:

- Central lake
- Swimming pool
- BBQ and picnic areas
- Gymnasium
- Children's playground
- Jogging track
- Community center


AQARY REAL ESTATE INVESTMENT AND DEVELOPMENT - L.L.C
For Contact AQARY REAL ESTATE INVESTMENT: 026151222 

AQARY Investment and Development is a premier real estate company specializing in buying, selling, leasing, and investing in luxury properties, commercial projects, and off-plan developments. We offer tailored solutions, expert market analysis, strategic marketing, and negotiations to ensure optimal results for our clients.",Single row | Luxury 2BR+M | Closest to the lake,compound Villas,Luxury,2,3,"إشبيلية في Bloom Living هو مشروع سكني فاخر يقع في مدينة زايد، أبوظبي، ويتميز بتصميم معماري مستوحى من الطراز المتوسطي وإطلالات خلابة على البحيرة.

يتكون التاونهاوس من:

الطابق الأرضي:

غرفة معيشة / طعام
مطبخ
غرفة خادمة
حمّام ضيوف

الطابق الأول:

غرفتا نوم ماستر

المنطقة الخارجية:

حديقة
مواقف سيارات

المرافق والخدمات:
- بحيرة مركزية
- مسبح
- مناطق للشواء والرحلات
- صالة رياضية
- ملعب للأطفال
- مضمار للجري
- مركز مجتمعي


عقاري للاستثمار والتطوير العقاري ذ.م.م
للتواصل مع عقاري للاستثمار العقاري: ‎026151222

تعد عقاري للاستثمار والتطوير شركة رائدة في مجال العقارات، متخصصة في البيع والشراء والتأجير والاستثمار في العقارات الفاخرة والمشاريع التجارية والتطويرات قيد الإنشاء. نقدم حلولاً مصممة خصيصًا، وتحليلات سوقية دقيقة، واستراتيجيات تسويق وتفاوض احترافية لضمان أفضل النتائج لعملائنا.",Created,,,,,
VH760092,,,Al Raha garden,فيلا فاخرة مستقلة مع حديقة وشرفات بانورامية,"* Ground Floor :

- Guest Bedroom with Bathroom
- Spacious Living Room
- Dining Area
- Fully Equipped Kitchen
- Storage Room
- Additional Guest Bathroom
- Maid’s Room with Private Bathroom
- Garage for Two Cars
- Outdoor Seating Areas and Courtyard
- Garden and Green Spaces

* First Floor :
- Luxurious Master Suite with Bathroom, Dressing Room, and Private Balcony
- Two Bedrooms with Shared Bathroom
- Study Room with Balcony

AQARY REAL ESTATE INVESTMENT AND DEVELOPMENT - L.L.C
For Contact AQARY REAL ESTATE INVESTMENT: 026151222
 
AQARY Investment and Development is a premier real estate company specializing in buying, selling, leasing, and investing in luxury properties, commercial projects, and off-plan developments. We offer tailored solutions, expert market analysis, strategic marketing, and negotiations to ensure optimal results for our clients.",Luxury Villa with Private Garden & Panoramic Balconies,compound Villas,Standard,4,5,"* الطابق الأرضي :-

- غرفة ضيوف مع حمام
- غرفة معيشة واسعة
- منطقة طعام
- مطبخ مجهز بالكامل
- غرفة تخزين
- غرفة خادمة مع حمام خاص
- حمام
جراج مغلق لسيارتين
- مساحات خارجية للجلوس
- حديقة 


*  الطابق الاول :
- جناح رئيسي فخم مع حمام وغرفة ملابس وبلكونة
- غرفتين نوم مع حمام مشترك
- غرفة دراسة مع بلكونة

شركة عقاري إنفيستمنت آند ديفيلوبمنت - ذ.ذ.م
للتواصل مع عقاري إنفيستمنت آند ديفيلوبمنت: 026151222
 
شركة عقاري إنفيستمنت آند ديفيلوبمنت هي شركة عقارية رائدة تقدم خدمات شاملة في شراء وبيع وتأجير واستثمار العقارات. نحن ملتزمون بتقديم حلول احترافية تلبي الاحتياجات المتنوعة لعملائنا، مما يضمن تجربة سلسة ونتائج استثنائية. بفضل فريق من المحترفين ذوي الخبرة وشبكة عالمية واسعة، نتفوق في تقديم فرص استثمارية مبتكرة في العقارات السكنية الفاخرة، والمشاريع التجارية، والتطويرات غير المكتملة. نحن نقدم تحليلات سوقية دقيقة، وتسويق استراتيجي، وتفاوضات خبيرة لضمان أفضل النتائج لكل من المشترين والبائعين. بالإضافة إلى ذلك، نقدم خدمات تأجير مخصصة لمالكي العقارات والمستأجرين، مما يضمن توافق الاتفاقيات مع متطلبات العملاء المحددة.",Created,,,,,
AP247828,,,Reeman living,شقة واسعة |غرفتين نوم + بلكونة | طابق عالي,"Discover a Modern Lifestyle in Reeman Living 1 
Step into contemporary elegance with this luxurious 1-bedroom apartment in Reeman Living 1 by Aldar Properties, located in Al Shamkha, Abu Dhabi

The apartment consists of:

- Master bedroom
- Bedroom
- Living / dining room
- Open kitchen
- Balcony
- Bathroom


Facilities & Amenities

•	Bike Lanes
•	Community Center
•	Fitness Facilities
•	Indoor Playground
•	Mosques
•	Multipurpose Room
•	Outdoor Terrace
•	Retails & F&B Hubs
•	Running Track
•	School
•	BBQ Areas
•	Jogging Trails
•	Parking Facility
•	Yoga & Meditation
•	Cycling Trails
•	Kids Play Area
•	Shopping Mall
•	Gardens and Parks
•	Outdoor Dining Area
•	Sports Court


For Contact AQARY REAL ESTATE INVESTMENT: 026151222 

AQARY Investment and Development is a premier real estate company specializing in buying, selling, leasing, and investing in luxury properties, commercial projects, and off-plan developments. We offer tailored solutions, expert market analysis, strategic marketing, and negotiations to ensure optimal results for our clients.",Spacious apartment | 2BR+balcony | High floor,Residential Building,Luxury,2,2,"**اكتشف أسلوب الحياة العصري في ريمان ليفينغ 1
خطوة إلى الأناقة المعاصرة مع هذه الشقة الفاخرة من غرفة نوم واحدة في ريمان ليفينغ 1 من شركة الدار العقارية، الواقعة في الشامخة، أبوظبي.

الشقة تتكون من:

غرفة نوم رئيسية

غرفة نوم

غرفة معيشة / طعام

مطبخ مفتوح

شرفة

حمام

المرافق والخدمات:

مسارات للدراجا

مركز مجتمعي

مرافق للياقة البدنية

ملعب داخلي

مساجد

غرفة متعددة الاستخدامات

تراس خارجي

مراكز تجارية ومطاعم ومقاهي

مسار للجري

مدرسة

مناطق للشواء

مسارات للمشي

مواقف سيارات

يوجا وتأمل

مسارات للدراجات

منطقة ألعاب للأطفال

مول تجاري

حدائق وحدائق عامة

منطقة لتناول الطعام في الهواء الطلق

ملعب رياضي

للتواصل مع شركة أكاري للاستثمار والتطوير العقاري:

شركة أكاري للاستثمار والتطوير العقاري - ش.م.م
للتواصل مع أكاري للاستثمار العقاري: 026151222

شركة أكاري للاستثمار والتطوير هي شركة عقارية رائدة متخصصة في شراء وبيع وتأجير والاستثمار في العقارات الفاخرة، والمشاريع التجارية، والتطويرات العقارية خارج المخطط. نحن نقدم حلولًا مخصصة، وتحليلات سوقية احترافية، وتسويق استراتيجي، وتفاوضات لضمان تحقيق أفضل النتائج لعملائنا.",Created,,,,,
AP27835417,,,Reeman living,الأفضل في ريمان ليفينغ: شقة 3 غرف بمساحة مثالية,"Discover this stunning unfurnished apartment, thoughtfully designed to provide maximum comfort and elegance.

Apartment Features:
Bedrooms: 3 bedrooms, including a spacious master bedroom.
Bathrooms: 2 fully equipped bathrooms, one of which is en-suite to the master bedroom.
Living & Dining Area: A bright, open space perfect for relaxing and entertaining guests.
Kitchen: A functional kitchen located next to the dining area.
Foyer: A welcoming entrance leading to the various living spaces.


This apartment is a great opportunity to enjoy a well-designed and practical living space.

AQARY REAL ESTATE INVESTMENT AND DEVELOPMENT - L.L.C
For Contact AQARY REAL ESTATE INVESTMENT: 026151222
 
AQARY Investment and Development is a premier real estate company specializing in buying, selling, leasing, and investing in luxury properties, commercial projects, and off-plan developments. We offer tailored solutions, expert market analysis, strategic marketing, and negotiations to ensure optimal results for our clients.",Best of Reeman Living: Spacious 3-Bedroom Apartment,Residential Building,Standard,3,2,"اكتشف هذه الشقة الرائعة غير المفروشة، المصممة بعناية لتوفير أقصى درجات الراحة والأناقة. 

محتويات الشقة:
غرف النوم: 3 غرف نوم، بما في ذلك غرفة نوم رئيسية واسعة.
الحمامات: 2 حمام مجهزين بالكامل، أحدهما ملحق بغرفة النوم الرئيسية.
غرفة المعيشة والطعام: مساحة مفتوحة ومشرقة مثالية للاسترخاء واستضافة الضيوف.
المطبخ: مطبخ عملي يقع بجوار منطقة تناول الطعام.
المدخل : مدخل ترحيبي يؤدي إلى مساحات المعيشة المختلفة.

هذه الشقة هي فرصة رائعة للعيش في مساحة مصممة جيدًا وعملية.

شركة عقاري إنفيستمنت آند ديفيلوبمنت - ذ.ذ.م
للتواصل مع عقاري إنفيستمنت آند ديفيلوبمنت: 026151222
 
شركة عقاري إنفيستمنت آند ديفيلوبمنت هي شركة عقارية رائدة تقدم خدمات شاملة في شراء وبيع وتأجير واستثمار العقارات. نحن ملتزمون بتقديم حلول احترافية تلبي الاحتياجات المتنوعة لعملائنا، مما يضمن تجربة سلسة ونتائج استثنائية. بفضل فريق من المحترفين ذوي الخبرة وشبكة عالمية واسعة، نتفوق في تقديم فرص استثمارية مبتكرة في العقارات السكنية الفاخرة، والمشاريع التجارية، والتطويرات غير المكتملة. نحن نقدم تحليلات سوقية دقيقة، وتسويق استراتيجي، وتفاوضات خبيرة لضمان أفضل النتائج لكل من المشترين والبائعين. بالإضافة إلى ذلك، نقدم خدمات تأجير مخصصة لمالكي العقارات والمستأجرين، مما يضمن توافق الاتفاقيات مع متطلبات العملاء المحددة",Created,,,,,
AP56327321,,,Plaza,امتلك الان شقه قمة الفخامه وتصميم حديث,"Unit Description

Embrace modern living in this elegantly designed apartment, complete with a private balcony for peaceful outdoor enjoyment and a dedicated parking space. Ideally situated in an environmentally conscious area, this vibrant community is perfect for those seeking a healthy and sustainable lifestyle.


Off-Plan Details:
- Balcony
- Built-up Area: 1017sqft
- View: Community
- Furnished: Yes
- Kitchen: Fitted
- Living and dining area
- Bedroom: 2
- Bathrooms: 3
- No. of Parking: 1

Features And Amenities:

- Swimming pool
- Amphitheatre | Parks
- White sand beaches
- Community centres
- Plaza market | Retails
- Landscaped gardens
- Recreational spaces
- 24/7 Security
 
For Contact AQARY REAL ESTATE INVESTMENT: 026151222 
 
AQARY Investment and Development is a premier real estate company specializing in buying, selling, leasing, and investing in luxury properties, commercial projects, and off-plan developments. We offer tailored solutions, expert market analysis, strategic marketing, and negotiations to ensure optimal results for our clients.",now own a luxurious apartment with a modern design,Residential Building,,2,3,"وصف الوحدة

استمتع بحياة عصرية في هذه الشقة ذات التصميم الأنيق، والتي تضم شرفة خاصة للاستمتاع بالهواء الطلق بهدوء وموقف سيارات مخصص. تقع هذه الوحدة في منطقة تهتم بالبيئة، ويجتمع فيها مجتمع نابض بالحياة، وهي مثالية لمن يبحثون عن أسلوب حياة صحي ومستدام.

تفاصيل المشروع قبل الانتهاء:

شرفة
الإطلالة: على المجتمع السكني
مفروشة: نعم
المطبخ: مجهز
منطقة المعيشة والطعام
عدد غرف النوم: 2
عدد الحمامات: 3
مواقف السيارات: 1

المميزات والمرافق:

حمام سباحة
مسرح في الهواء الطلق | حدائق
شواطئ رملية بيضاء
مراكز مجتمعية
سوق بلازا | محلات تجارية
حدائق منسقة
مساحات ترفيهية
أمن على مدار الساعة

شركة عقاري للاستثمار والتطوير العقاري - ذ.م.م
للتواصل مع عقاري للاستثمار والتطوير: 026151222

عقاري للاستثمار والتطوير هي شركة رائدة في مجال العقارات متخصصة في شراء وبيع وتأجير والاستثمار في العقارات الفاخرة، والمشاريع التجارية، والتطويرات قبل الانتهاء. نقدم حلولاً مخصصة، وتحليلات سوقية متخصصة، وتسويق استراتيجي، ومفاوضات لضمان أفضل النتائج لعملائنا.",Created,,,,,
AP226407,,,sta,شقة غرفة | بلكونة | موقع واطلالة مساحة سعر مميزين,"Aabar The Views in Al Raha Beach, Abu Dhabi is a ready to move housing society. This project is a perfect combination of comfort and style, specifically designed to suit your requirements and conveniences. This housing society is now ready to be called home as families have started moving in. Check out some of the features of Aabar the Views housing society: 

-1 Master Bedroom with Balcony
- Living / Dining Area with
- Kitchen
- Powder Room

The View Overview:

The View is an 11-storey residential complex, developed by Smart Concept Real Estate.
It is a brand-new building with Premium Finishings, a Prestigious neighborhood, and a stunning canal view.
It has fascinating features such as Panoramic windows and indoor facilities such as fitness, children play's room, and Gym. Outdoor facilities such as a Landscaped green area, CCTV, and swimming pool.
Viva, carrefour, lulu, within the options.
Adnoc is just a few blocks away. 
In the near future other amadments in the area,
It's going to be a school behind the building 
It's going to be a park and picnic area just belongs to the view.
Maybe a mosque opposite of building across the canal.
Arena is already finished and it's super close to the arena by walk through canal.
There's going to be a route in Al raha for the new public tranportation (new gen. tram) which link
Airport + yas + raha.

For Contact AQARY REAL ESTATE INVESTMENT: 026151222 

AQARY Investment and Development is a leading real estate company offering comprehensive services in buying, selling, leasing, and investing in properties. We are committed to providing professional solutions that meet the diverse needs of our clients, ensuring a seamless experience and exceptional results. With a team of experienced professionals and an extensive global network, we excel in offering innovative investment opportunities in luxury residential properties, commercial projects, and off-plan developments. We provide thorough market analysis, strategic marketing, and expert negotiations to secure the best outcomes for both buyers and sellers. Additionally, we offer tailored leasing services for property owners and tenants",Modern 1Master BR | Canal View | Great Location,Residential Building,Luxury,1,2,"أبار ذا فيوز في شاطئ الراحة – أبوظبي هي مجتمع سكني جاهز للسكن. يتميز هذا المشروع بمزيج مثالي من الراحة والأناقة، صُمم خصيصًا ليناسب احتياجاتك ومتطلباتك اليومية. هذا المجتمع السكني أصبح الآن جاهزًا ليكون منزلك الجديد، حيث بدأت العائلات بالانتقال إليه بالفعل.
فيما يلي بعض مميزات مشروع أبار ذا فيوز السكني:

تفاصيل الشقة : 
غرفة نوم ماستر مع شرفة
غرفة معيشة / طعام
مطبخ
دورة مياه للضيوف

نظرة عامة على ذا فيو:
ذا فيو هو مبنى سكني مكون من 11 طابقًا، تم تطويره بواسطة شركة سمارت كونسبت العقارية.
يُعد مبنى جديدًا بتشطيبات فاخرة، يقع في حي راقٍ ويتمتع بإطلالة خلابة على القناة المائية.

يضم المبنى مميزات رائعة مثل نوافذ بانورامية ومرافق داخلية تشمل:
صالة ألعاب رياضية (جيم)، وغرفة ألعاب للأطفال، ومركز لياقة بدنية.

أما المرافق الخارجية فتشمل:
مساحات خضراء منسقة، ونظام مراقبة بالكاميرات (CCTV)، ومسبح.

تتوفر بالقرب منه خيارات تسوق متعددة مثل فيفا، كارفور، ولولو، كما تقع محطة أدنوك على بعد بضع دقائق فقط.

وفي المستقبل القريب، ستُضاف مرافق جديدة في المنطقة، منها:

مدرسة خلف المبنى

حديقة ومنطقة تنزه تابعة لمشروع ذا فيو

مسجد محتمل إنشاؤه مقابل المبنى عبر القناة

كما أن الملعب (الأرينا) قد تم الانتهاء منه وهو قريب جدًا من المبنى ويمكن الوصول إليه سيرًا على الأقدام عبر القناة.

وسيكون هناك مسار جديد لوسائل النقل العام الحديثة (الترام الجديد) في منطقة شاطئ الراحة، يربط بين المطار – جزيرة ياس – وشاطئ الراحة.


للتواصل مع شركة عقاري للاستثمار العقاري: 026151222

شركة عقاري إنفيستمنت آند ديفيلوبمنت هي شركة عقارية رائدة تقدم خدمات شاملة في شراء وبيع وتأجير واستثمار العقارات. نحن ملتزمون بتقديم حلول احترافية تلبي الاحتياجات المتنوعة لعملائنا، مما يضمن تجربة سلسة ونتائج استثنائية. بفضل فريق من المحترفين ذوي الخبرة وشبكة عالمية واسعة، نتفوق في تقديم فرص استثمارية مبتكرة في العقارات السكنية الفاخرة، والمشاريع التجارية، والتطويرات غير المكتملة. نحن نقدم تحليلات سوقية دقيقة، وتسويق استراتيجي، وتفاوضات خبيرة لضمان أفضل النتائج لكل من المشترين والبائعين. بالإضافة إلى ذلك، نقدم خدمات تأجير مخصصة لمالكي العقارات والمستأجرين، مما يضمن توافق الاتفاقيات مع متطلبات العملاء المحددة",Created,,,,,
AP939035,,,Bloom Living,افضل سعر | استوديو فاخر | تشطيب عصري ,"Bloom Living, a remarkable offering by Aqary Real Estate Investment and Development. Set in a tranquil community with abundant green spaces and top-notch amenities, it's the perfect spot to embrace a comfortable and fulfilling lifestyle. 

The studio consists of:

* Sleeping/Living/Dining area
* Kitchen
* Balcony
* Bathroom

Amenities:

- Community parks
- Kids Play Area
- Swimming Pools
- Retail and Restaurants
- International Schools
- Walking and Running Track
- Parking Space

AQARY REAL ESTATE INVESTMENT AND DEVELOPMENT - L.L.C
For Contact AQARY REAL ESTATE INVESTMENT: 026151222 

AQARY Investment and Development is a premier real estate company specializing in buying, selling, leasing, and investing in luxury properties, commercial projects, and off-plan developments. We offer tailored solutions, expert market analysis, strategic marketing, and negotiations to ensure optimal results for our clients.
",Hot deal | Studio+Balcony | Gated Community,Residential Building,,Studio,1,"بلوم ليفينج، عرض رائع من أقاري للاستثمار والتطوير العقاري. يقع في مجتمع هادئ مع مساحات خضراء واسعة ومرافق عالية المستوى، مما يجعله المكان المثالي لعيش حياة مريحة ومرضية.

يتكون الاستوديو من :-

- منطقة نوم/معيشة/طعام
- مطبخ
- بلكونة
- حمام

المرافق :-

- حدائق مجتمعية
- منطقة لعب للأطفال
- حمامات سباحة
- متاجر ومطاعم
- مدارس دولية
- مسارات للمشي والجري
- مواقف سيارات

شركة عقاري إنفيستمنت آند ديفيلوبمنت - ذ.ذ.م
للتواصل مع عقاري إنفيستمنت آند ديفيلوبمنت: 026151222

شركة عقاري إنفيستمنت آند ديفيلوبمنت هي شركة عقارية رائدة تقدم خدمات شاملة في شراء وبيع وتأجير واستثمار العقارات. نحن ملتزمون بتقديم حلول احترافية تلبي الاحتياجات المتنوعة لعملائنا، مما يضمن تجربة سلسة ونتائج استثنائية. بفضل فريق من المحترفين ذوي الخبرة وشبكة عالمية واسعة، نتفوق في تقديم فرص استثمارية مبتكرة في العقارات السكنية الفاخرة، والمشاريع التجارية، والتطويرات غير المكتملة. نحن نقدم تحليلات سوقية دقيقة، وتسويق استراتيجي، وتفاوضات خبيرة لضمان أفضل النتائج لكل من المشترين والبائعين. بالإضافة إلى ذلك، نقدم خدمات تأجير مخصصة لمالكي العقارات والمستأجرين، مما يضمن توافق الاتفاقيات مع متطلبات العملاء المحددة",Created,,,,,
AP37828627,,,Reeman living,استثمر الان | تشطيب عصري | اطلالة فاخرة ,"Reeman Living is a sophisticated residential development in Al Shamkha, Abu Dhabi, by Aldar Properties. Offering elegantly designed studio to three-bedroom apartments, it provides high-end finishes and premium amenities:


The apartment consists of:

- Bedroom
- Living / Dining area
- Open kitchen
- Bathroom

FACILITIES AND AMENITIES:

- Indoor Playground
- Outdoor Terrace
- Multi-purpose Premises
- Fitness Center
- Community Areas
- Mosque
- Schools
- Shops and Retail Stores


AQARY REAL ESTATE INVESTMENT AND DEVELOPMENT - L.L.C
For Contact AQARY REAL ESTATE INVESTMENT: 026151222 

AQARY Investment and Development is a premier real estate company specializing in buying, selling, leasing, and investing in luxury properties, commercial projects, and off-plan developments. We offer tailored solutions, expert market analysis, strategic marketing, and negotiations to ensure optimal results for our clients.",Invest now | Best price | Luxury finishing,Residential Building,,1,1,"ريمـان ليفينغ هو مشروع سكني راقٍ في الشامخة – أبوظبي، من تطوير شركة الدار العقارية. يقدّم شققاً أنيقة التصميم تتراوح من الاستوديو إلى ثلاث غرف نوم، مع تشطيبات عالية الجودة ومرافق وخدمات متميزة:

تتكوّن الشقّة من:

- غرفة نوم
- منطقة معيشة / طعام
- مطبخ مفتوح
- حمّام

الخدمات والمرافق:

- ملعب داخلي
- تراس خارجي
- قاعات متعددة الاستخدامات
- مركز لياقة بدنية
- مناطق مجتمعية
- مسجد
- مدارس
- محلات ومتاجر تجزئة

شركة عقاري إنفيستمنت آند ديفيلوبمنت - ذ.ذ.م
للتواصل مع عقاري إنفيستمنت آند ديفيلوبمنت: 026151222

شركة عقاري إنفيستمنت آند ديفيلوبمنت هي شركة عقارية رائدة تقدم خدمات شاملة في شراء وبيع وتأجير واستثمار العقارات. نحن ملتزمون بتقديم حلول احترافية تلبي الاحتياجات المتنوعة لعملائنا، مما يضمن تجربة سلسة ونتائج استثنائية. بفضل فريق من المحترفين ذوي الخبرة وشبكة عالمية واسعة، نتفوق في تقديم فرص استثمارية مبتكرة في العقارات السكنية الفاخرة، والمشاريع التجارية، والتطويرات غير المكتملة. نحن نقدم تحليلات سوقية دقيقة، وتسويق استراتيجي، وتفاوضات خبيرة لضمان أفضل النتائج لكل من المشترين والبائعين. بالإضافة إلى ذلك، نقدم خدمات تأجير مخصصة لمالكي العقارات والمستأجرين، مما يضمن توافق الاتفاقيات مع متطلبات العملاء المحددة",Created,,,,,
AP03476490,,,Fahid Beach Terraces,امتلك الان | شقة فاخرة غرفة واحدة | افضل سعر,"Welcome to Fahid Island, an exclusive off-plan development that redefines waterfront living in the heart of Abu Dhabi. This stunning new project offers a harmonious blend of modern architecture, serene natural surroundings, and world-class amenities. Whether you're looking for your dream home or a lucrative investment opportunity. Nestled on the pristine shores of Abu Dhabi, Fahid Island offers breathtaking views of the Arabian Gulf and lush green landscapes. 

The apartment consists of:

- Master bedroom with wardrobe
- Living / dining area
- Open kitchen
- Laundry area
- Large balcony
- Powder room

Amenities:
- Gym
- Lobby
- Pet spa
- Jacuzzi
- Kids room
- Infinity pool
- 24/7 security
- Squash courts
- Cinema room
- Social kitchen
- Podium gardens

Connectivity:
- Yas Island - 5 minutes
- Saadiyat Island - 15 minutes
- Zayed International Airport - 15 minutes
- Abu Dhabi City - 20 minutes
- Dubai - 50 minutes


AQARY REAL ESTATE INVESTMENT AND DEVELOPMENT - L.L.C
For Contact AQARY REAL ESTATE INVESTMENT: 026151222 

AQARY Investment and Development is a premier real estate company specializing in buying, selling, leasing, and investing in luxury properties, commercial projects, and off-plan developments. We offer tailored solutions, expert market analysis, strategic marketing, and negotiations to ensure optimal results for our clients.",Spacious Layout | Stunning Propert | Luxurious Living,Residential Building,,1,2,"ChatGPT said:مرحبًا بك في جزيرة فاهد، المشروع الجديد الحصري قيد الإنشاء الذي يعيد تعريف مفهوم الحياة الفاخرة على الواجهة البحرية في قلب أبوظبي.
يقدّم هذا المشروع المذهل مزيجًا متناغمًا من التصميم المعماري العصري والبيئة الطبيعية الهادئة ووسائل الراحة العالمية المستوى.
سواء كنت تبحث عن منزل أحلامك أو فرصة استثمارية مربحة، فإن جزيرة فاهد هي الوجهة المثالية لك.
تقع الجزيرة على السواحل البكر لأبوظبي، وتوفر إطلالات خلابة على الخليج العربي والمساحات الخضراء الغنّاء.

تتكون الشقة من:


- غرفة نوم ماستر مع خزانة ملابس
- منطقة معيشة / طعام
- مطبخ مفتوح
- منطقة غسيل
- بلكونة كبيرة
- حمام ضيوف (باودر روم)

وسائل الراحة:

- صالة رياضية
- بهو استقبال
- سبا للحيوانات الأليفة
- جاكوزي
- غرفة أطفال
- مسبح إنفينيتي (إطلالة مفتوحة)
- أمن على مدار الساعة
- ملاعب اسكواش
- قاعة سينما
- مطبخ اجتماعي
- حدائق على البوديوم
- سهولة الوصول:
- جزيرة ياس – 5 دقائق
- جزيرة السعديات – 15 دقيقة
- مطار زايد الدولي – 15 دقيقة
- مدينة أبوظبي – 20 دقيقة
- دبي – 50 دقيقة

شركة عقاري إنفيستمنت آند ديفيلوبمنت - ذ.ذ.م
للتواصل مع عقاري إنفيستمنت آند ديفيلوبمنت: 026151222

شركة عقاري إنفيستمنت آند ديفيلوبمنت هي شركة عقارية رائدة تقدم خدمات شاملة في شراء وبيع وتأجير واستثمار العقارات. نحن ملتزمون بتقديم حلول احترافية تلبي الاحتياجات المتنوعة لعملائنا، مما يضمن تجربة سلسة ونتائج استثنائية. بفضل فريق من المحترفين ذوي الخبرة وشبكة عالمية واسعة، نتفوق في تقديم فرص استثمارية مبتكرة في العقارات السكنية الفاخرة، والمشاريع التجارية، والتطويرات غير المكتملة. نحن نقدم تحليلات سوقية دقيقة، وتسويق استراتيجي، وتفاوضات خبيرة لضمان أفضل النتائج لكل من المشترين والبائعين. بالإضافة إلى ذلك، نقدم خدمات تأجير مخصصة لمالكي العقارات والمستأجرين، مما يضمن توافق الاتفاقيات مع متطلبات العملاء المحددة",Created,,,,,
VH980153,,,Al Reeman 2,وحدة فريدة من نوعها | وحدة زاوية | إطلالات مذهلة,"Fay Al Reeman - Al Shamkha features elegant design residences in a modern, convenient, and sustainable community. Which offers custom-made villas exclusively for Emiratis.

The project is close to many of the key locations in Abu Dhabi with its major infrastructure projects and lifestyle destinations, including Yas Island, New Al Falah, Masdar City, Zayed City, Mohammed Bin Zayed City, and Abu Dhabi Airport Free Zone.

This remarkable property offers:

* Ground Floor :

Elegant Majlis and dining area with a guest washroom
Spacious living room with an attached washroom
Guest master bedroom for ultimate comfort
Stylish, modern kitchen
Dedicated maid's room
Private driver's room
Functional laundry room
Ample storage room

* First Floor :

Five luxurious master bedrooms with built-in wardrobes
Cozy study room
Inviting family living area
Beautifully designed terraces for relaxation

* Development feature & amenities:-

Parks and Leisure Areas
Dining Outlets
Health Care Centre
Kids Play Area
Weekend Markets
Outdoor Sitting Area
Fitness Centre


For Contact AQARY REAL ESTATE INVESTMENT: 026151222

AQARY Investment and Development is a premier real estate company specializing in buying, selling, leasing, and investing in luxury properties,
commercial projects, and off-plan developments. We offer tailored solutions, expert market analysis, strategic marketing, and negotiations to ensure optimal results for our clients.",unique unit | corner unit | amazing views,compound Villas,,6,9,"فاي الريمان - الشمخة: مساكن أنيقة بتصميم عصري في مجتمع مريح ومستدام
يقدم المشروع فلل فاخرة مصممة خصيصًا للإماراتيين فقط، ضمن بيئة تجمع بين الحداثة والراحة والاستدامة.
يقع المشروع بالقرب من العديد من المواقع الرئيسية في أبوظبي، مثل جزيرة ياس، الفلاح الجديدة، مدينة مصدر، مدينة زايد، مدينة محمد بن زايد، ومنطقة أبوظبي الحرة للطيران، ما يجعله خيارًا مثاليًا للحياة العصرية.

تفاصيل الفيلا:

الطابق الأرضي:
مجلس أنيق مع منطقة طعام وحمام ضيوف
غرفة معيشة واسعة مع حمام خاص
غرفة نوم ضيوف رئيسية لراحة قصوى
مطبخ عصري وأنيق
غرفة خادمة مخصصة
غرفة سائق خاصة
غرفة غسيل عملية
غرفة تخزين واسعة

الطابق الأول:
خمس غرف نوم رئيسية فاخرة مع خزائن مدمجة
غرفة دراسة مريحة
صالة عائلية جذابة
تيراسات مصممة بشكل جميل للاسترخاء


مميزات المشروع والمرافق:
حدائق ومناطق ترفيهية
مطاعم ومقاهي
مركز رعاية صحية
منطقة ألعاب للأطفال
أسواق نهاية الأسبوع
مناطق جلوس خارجية
مركز لياقة بدنية


شركة عقاري للاستثمار والتطوير العقاري - ذ.م.م
 الهاتف: 026151222

عن شركة عقاري:
تُعد شركة عقاري للاستثمار والتطوير العقاري شركة رائدة في مجال العقارات، متخصصة في شراء، وبيع، وتأجير، واستثمار العقارات الفاخرة، والمشاريع التجارية، والمشاريع على الخارطة.
نوفر حلولًا مخصصة، وتحليلات سوقية دقيقة، وتسويقًا استراتيجيًا، وخبرة تفاوضية تضمن تحقيق أفضل النتائج لعملائنا.",Created,,,,,
VH266551,,,Al Reeman 2,فيلا أنيقة 4 غرف | طراز متوسطي راقٍ,"Fay Alreman 1 presents 4-bedroom homes with generous layouts and modern finishes, for sale by Aqary Real Estate Investment and Development. The community includes a mosque, kids' play areas, green spaces, and retail stores.

Property Features:

-4 Bedrooms, each with a private bathroom
-Spacious Living Room, Majlis, and Dining Area
-Modern Kitchen with extra pantry space
-Maid's , Laundry, and Driver’s Room

Additional Features:
- Family-friendly, sustainable design
- Premium finishes with customization options

Community Amenities:
- Mosque
- Kids' Play Areas
- Sports Courts
- Green Spaces
- School
- Retail options

A perfect combination of modern living, sustainability, and community!


For more information feel free to contact us at

AQARY REAL ESTATE INVESTMENT AND DEVELOPMENT - L.L.C
For Contact AQARY REAL ESTATE INVESTMENT: 026151222 

AQARY Investment and Development is a premier real estate company specializing in buying, selling, leasing, and investing in luxury properties, commercial projects, and off-plan developments. We offer tailored solutions, expert market analysis, strategic marketing, and negotiations to ensure optimal results for our clients.
Show Less",Elegant 4BR Villa | Mediterranean Style Living,compound Villas,,4,8,"فاي الريمان 1 – فلل مكوّنة من 4 غرف نوم بتصاميم واسعة وتشطيبات عصرية
معروضة للبيع من خلال شركة عقاري للاستثمار والتطوير العقاري.
يمنحك المشروع أسلوب حياة متكامل يجمع بين الراحة، الاستدامة، وروح المجتمع، ضمن بيئة تضم مرافق متكاملة ومساحات خضراء.

مواصفات العقار:
- 4 غرف نوم، كل منها مزوّدة بحمام خاص
- غرفة معيشة واسعة، مجلس، ومنطقة طعام رحبة
- مطبخ عصري مع مساحة تخزين إضافية (مخزن)
- غرفة خادمة، غرفة غسيل، وغرفة سائق

* مزايا إضافية:
- تصميم مستدام ومناسب للعائلات
- تشطيبات عالية الجودة مع خيارات تخصيص

* المرافق والخدمات:
- مسجد
- مناطق لعب للأطفال
- ملاعب رياضية
- مساحات خضراء
- مدرسة
- محلات تجارية

 تجربة سكنية متكاملة تجمع بين الحياة العصرية، الاستدامة، والمجتمع.

 للمزيد من المعلومات، يرجى التواصل معنا:
شركة عقاري للاستثمار والتطوير العقاري - ذ.م.م
 الهاتف: 026151222

عن شركة عقاري:
عقاري للاستثمار والتطوير العقاري هي شركة رائدة في سوق العقارات، متخصصة في شراء، وبيع، وتأجير، واستثمار العقارات الفاخرة، والمشاريع التجارية، والمشاريع على الخارطة.
نقدّم حلولًا عقارية مصمّمة خصيصًا، تحليلات دقيقة للسوق، واستراتيجيات تسويق ذكية لضمان أفضل النتائج لعملائنا.",Created,,,,,
VH220881,,,Al Reeman 2,تصميم متوسطي | 5 غرف نوم | التسليم قريباً,"Fay Alreeman  provides 5-bedroom homes with Mediterranean designs and spacious layouts, for sale by Aqary Real Estate Investment and Development.

Property Features:

- 5 Bedrooms, each with a private bathroom
- Living Room
- Modern Kitchen with extra pantry space
- Maid , Study and Driver Room 
- Majlis
- Dining Area
- Family washroom 
- Guest washroom
- Terrace 

Additional Features:
- Family-friendly, sustainable design
- Premium finishes with customization options

Community Amenities:
- Mosque
- Kids' Play Areas
- Sports Courts
- Green Spaces
- School
- Retail options

For Contact AQARY REAL ESTATE INVESTMENT: 026151222

AQARY Investment and Development is a premier real estate company specializing in buying, selling, leasing, and investing in luxury properties,
commercial projects, and off-plan developments. We offer tailored solutions, expert market analysis, strategic marketing, and negotiations to ensure optimal results for our clients.",Mediterranean design | 5 bedroom | Handover soon,compound Villas,,5,9,"فاي الريمان تقدم منازل بـ 5 غرف نوم بتصاميم متوسطية وتصميمات فسيحة، للبيع من خلال شركة عقاري للاستثمار والتطوير العقاري.

مميزات العقار:

5 غرف نوم، كل غرفة مع حمام خاص
غرفة معيشة
مطبخ حديث مع مساحة إضافية للمخزن
غرفة خادمة، غرفة دراسة، وغرفة سائق
مجلس
منطقة طعام
حمام عائلي
حمام ضيوف
تراس

مميزات إضافية:
تصميم صديق للعائلة ومستدام
تشطيبات فاخرة مع خيارات تخصيص

مرافق المجتمع:
مسجد
مناطق لعب للأطفال
ملاعب رياضية
مساحات خضراء
مدارس
خيارات تسوق

للتواصل مع عقاري إنفيستمنت آند ديفيلوبمنت: 026151222

شركة عقاري إنفيستمنت آند ديفيلوبمنت هي شركة عقارية رائدة تقدم خدمات شاملة في شراء وبيع وتأجير واستثمار العقارات. نحن ملتزمون بتقديم حلول احترافية تلبي الاحتياجات المتنوعة لعملائنا، مما يضمن تجربة سلسة
ونتائج استثنائية. بفضل فريق من المحترفين ذوي الخبرة وشبكة عالمية واسعة، نتفوق في تقديم فرص استثمارية مبتكرة في العقارات السكنية الفاخرة،
والمشاريع التجارية، والتطويرات غير المكتملة. نحن نقدم تحليلات سوقية دقيقة، وتسويق استراتيجي، وتفاوضات خبيرة لضمان أفضل النتائج لكل من المشترين والبائعين. بالإضافة إلى ذلك، نقدم خدمات تأجير مخصصة لمالكي العقارات والمستأجرين، مما يضمن توافق الاتفاقيات مع متطلبات العملاء المحددة.",Created,,,,,
VH870499,,,Al Reeman 2,فيلا 5 غرف نوم صف اول علي زاوية,"Fay Alreeman  provides 5-bedroom homes with Mediterranean designs and spacious layouts, for sale by Aqary Real Estate Investment and Development.

Property Features:

- 5 Bedrooms, each with a private bathroom
- Living Room
- Modern Kitchen with extra pantry space
- Maid , Study and Driver Room 
- Majlis
- Dining Area
- 2 Bathrooms
- Terrace 

Additional Features:
- Family-friendly, sustainable design
- Premium finishes with customization options

Community Amenities:
- Mosque
- Kids' Play Areas
- Sports Courts
- Green Spaces
- School
- Retail options

For Contact AQARY REAL ESTATE INVESTMENT: 026151222

AQARY Investment and Development is a premier real estate company specializing in buying, selling, leasing, and investing in luxury properties,
commercial projects, and off-plan developments. We offer tailored solutions, expert market analysis, strategic marketing, and negotiations to ensure optimal results for our clients.",Single Row | Corner Unit | Mediterranean Style,compound Villas,,5,9,"فاي الريمان تقدم منازل بـ 5 غرف نوم بتصاميم متوسطية وتصميمات فسيحة، للبيع من خلال شركة عقاري للاستثمار والتطوير العقاري.

مميزات العقار:

- 5 غرف نوم، كل غرفة مع حمام خاص
- غرفة معيشة
- مطبخ حديث مع مساحة إضافية للمخزن
- غرفة خادمة، غرفة دراسة، وغرفة سائق
- مجلس
- منطقة طعام
- حمامين عائلي
- تيراس

مميزات إضافية:
تصميم صديق للعائلة ومستدام
تشطيبات فاخرة مع خيارات تخصيص

مرافق المجتمع:
مسجد
مناطق لعب للأطفال
ملاعب رياضية
مساحات خضراء
مدارس
خيارات تسوق

للتواصل مع عقاري إنفيستمنت آند ديفيلوبمنت: 026151222

شركة عقاري إنفيستمنت آند ديفيلوبمنت هي شركة عقارية رائدة تقدم خدمات شاملة في شراء وبيع وتأجير واستثمار العقارات. نحن ملتزمون بتقديم حلول احترافية تلبي الاحتياجات المتنوعة لعملائنا، مما يضمن تجربة سلسة
ونتائج استثنائية. بفضل فريق من المحترفين ذوي الخبرة وشبكة عالمية واسعة، نتفوق في تقديم فرص استثمارية مبتكرة في العقارات السكنية الفاخرة،
والمشاريع التجارية، والتطويرات غير المكتملة. نحن نقدم تحليلات سوقية دقيقة، وتسويق استراتيجي، وتفاوضات خبيرة لضمان أفضل النتائج لكل من المشترين والبائعين. بالإضافة إلى ذلك، نقدم خدمات تأجير مخصصة لمالكي العقارات والمستأجرين، مما يضمن توافق الاتفاقيات مع متطلبات العملاء المحددة.",Created,,,,,
TH80653154,,,Al Deem Townhomes,حيث الخصوصية تلتقي بالفخامة | تاون هاوس واسع 4 غرف,"The new Al Deem cluster offers spacious 3–4 bedroom townhomes designed for comfort, privacy, and sustainability. It includes unique live-work units suitable for small businesses. Residents enjoy green spaces, sports facilities, nearby schools and services, and fast access to Yas Island via two new bridges.

Unit Features:
Ground Floor:
* Spacious Majlis with attached Powder Room and separate entrance.
* Maid's Room with attached bathroom.
* Storage.
* Powder Room.
* Spacious Kitchen .
* Modern Living / Dining Area with access to the Terrace.

First Floor:
* Cozy Family Area
Spacious Master Bedroom with Walk-in Wardrobe.
* 3 Master Bedrooms.

External Area:
* Private Garden with a Terrace.
*Garage with 3 Parking Slots.

AQARY REAL ESTATE INVESTMENT AND DEVELOPMENT - L.L.C
For Contact AQARY REAL ESTATE INVESTMENT: 026151222 

AQARY Investment and Development is a premier real estate company specializing in buying, selling, leasing, and investing in luxury properties, commercial projects, and off-plan developments. We offer tailored solutions, expert market analysis, strategic marketing, and negotiations to ensure optimal results for our clients.",Where Privacy Meets Luxury | Modern 4BR Townhouse | Premium Community,compound Villas,,4,7,"يوفّر مشروع الديم تاون هاوس واسعة بثلاث وأربع غرف، مصممة للراحة والخصوصية مع وحدات عمل-وسكن فريدة. تحيط به مساحات خضراء ومرافق رياضية وخدمات مجتمعية، إضافةً إلى وصول سريع لجزيرة ياس عبر جسور جديدة، مما يحقق أسلوب حياة عصري ومتوازن.

مواصفات الوحدة:
الطابق الأرضي:
* مجلس واسع مع حمّام ضيوف ومدخل مستقل.
* غرفة خادمة مع حمّام خاص.
* مخزن.
* تواليت.
* مطبخ واسع.
* غرفة معيشة / طعام عصرية مع مدخل إلى التراس.

الطابق الأول:
* غرفة عائلية مريحة.
* غرفة نوم ماستر واسعة مع غرفة ملابس.
* 3 غرف نوم ماستر

المنطقة الخارجية:
* حديقة خاصة مع تراس.
*باركينج يتسع لثلاث مواقف سيارات


عقاري للاستثمار والتطوير العقاري ذ.م.م
للتواصل مع عقاري للاستثمار العقاري: ‎026151222

تعد عقاري للاستثمار والتطوير شركة رائدة في مجال العقارات، متخصصة في البيع والشراء والتأجير والاستثمار في العقارات الفاخرة والمشاريع التجارية والتطويرات قيد الإنشاء. نقدم حلولاً مصممة خصيصًا، وتحليلات سوقية دقيقة، واستراتيجيات تسويق وتفاوض احترافية لضمان أفضل النتائج لعملائنا.",Created,,,,,
AP832911,,,Bloom Living,استوديو واسع | إطلالة مثالية | افضل سعر ,"Aqary Real Estate is delighted to present this Studio apartment at Bloom Living. Situated in a peaceful community with expansive green spaces and excellent amenities, it’s the perfect choice for a comfortable and fulfilling lifestyle.

Features:
Master Bedroom
Living / dinning 
Modern kitchen  
Balcony  

Amenities:
Community parks
Kids Play Area
Swimming Pools
Retail and Restaurants
International Schools
Walking and Running Track
Parking Space

AQARY REAL ESTATE INVESTMENT AND DEVELOPMENT - L.L.C
For Contact AQARY REAL ESTATE INVESTMENT: 026151222

AQARY Investment and Development is a premier real estate company specializing in buying, selling, leasing, and investing in luxury properties,
commercial projects, and off-plan developments. We offer tailored solutions, expert market analysis, strategic marketing, and negotiations to ensure optimal results for our clients.",Spacious Studio | Perfect View | Hot Deal,Residential Building,Luxury,Studio,1,"تسر شركة عقاري العقارية أن تقدم هذه الشقة الاستوديو في بلوم ليفينج. تقع في مجتمع هادئ يتميز بمساحات خضراء واسعة ومرافق ممتازة، مما يجعلها الخيار الأمثل لحياة مريحة ومليئة بالرفاهية.

المميزات:

مساحة معيشة
مطبخ حديث
شرفة


المرافق:

حدائق مجتمعية
منطقة ألعاب للأطفال
حمامات سباحة
متاجر ومطاعم
مدارس دولية
مسارات للمشي والجري
مواقف سيارات

شركة عقاري إنفيستمنت آند ديفيلوبمنت - ذ.ذ
للتواصل مع عقاري إنفيستمنت آند ديفيلوبمنت: 026151222

شركة عقاري إنفيستمنت آند ديفيلوبمنت هي شركة عقارية رائدة تقدم خدمات شاملة في شراء وبيع وتأجير واستثمار العقارات. نحن ملتزمون بتقديم حلول احترافية تلبي الاحتياجات المتنوعة لعملائنا، مما يضمن تجربة سلسة ونتائج استثنائية. بفضل فريق من المحترفين ذوي الخبرة وشبكة عالمية واسعة، نتفوق في تقديم فرص استثمارية مبتكرة في العقارات السكنية الفاخرة، والمشاريع التجارية، والتطويرات غير المكتملة. نحن نقدم تحليلات سوقية دقيقة، وتسويق استراتيجي، وتفاوضات خبيرة لضمان أفضل النتائج لكل من المشترين والبائعين. بالإضافة إلى ذلك، نقدم خدمات تأجير مخصصة لمالكي العقارات والمستأجرين، مما يضمن توافق الاتفاقيات مع متطلبات العملاء المحددة.",Created,,,,,
AP723344,,,Bloom Living,غرناطة | غرفة نوم واحدة | حياة فاخرة,"Aqary Real Estate is delighted to present this one Bedroom apartment at Bloom Living. Situated in a peaceful community with expansive green spaces and excellent amenities, it’s the perfect choice for a comfortable and fulfilling lifestyle.

Features:
- Master Bedroom
-living / dinning 
- Modern kitchen  
-Powder Room
-  Balcony  

Amenities:
- Community parks
-Kids Play Area
-Swimming Pools
-Retail and Restaurants
-International Schools
-Walking and Running Track
-Parking Space

AQARY REAL ESTATE INVESTMENT AND DEVELOPMENT - L.L.C : 026151222

AQARY Investment and Development is a premier real estate company specializing in buying, selling, leasing, and investing in luxury properties,
commercial projects, and off-plan developments. We offer tailored solutions, expert market analysis, strategic marketing, and negotiations to ensure optimal results for our clients.",Granada | One Bedroom | luxury living,Residential Building,Luxury,1,2,"شركة عقاري العقارية يسعدها أن تقدم هذه الشقة المميزة في بلوم ليفينج. تقع في مجتمع هادئ يتميز بمساحات خضراء واسعة ومرافق ممتازة، مما يجعلها الخيار الأمثل لحياة مريحة ومليئة بالرفاهية.

المميزات:

غرفة نوم رئيسية

مساحة معيشة وغرفة طعام

مطبخ حديث

شرفة

موقف سيارة واحد

المرافق:

حدائق مجتمعية

منطقة ألعاب للأطفال

حمامات سباحة

متاجر ومطاعم

مدارس دولية

مسارات للمشي والجري

مواقف سيارات

شركة عقاري للاستثمار والتطوير العقاري ذ.م.م
للتواصل: 026151222

شركة عقاري للاستثمار والتطوير هي شركة عقارية رائدة متخصصة في شراء وبيع وتأجير والاستثمار في العقارات الفاخرة، والمشاريع التجارية، والتطويرات على المخطط. نقدم حلولاً مخصصة، وتحليلات سوقية متخصصة، وتسويق استراتيجي، ومفاوضات لضمان تحقيق أفضل النتائج لعملائنا.",Created,,,,,
TH807566,,,yas park gate,افضل سعر | تاون هاوس غرفتين | تشطيب عصري,"Welcome to your Yas Island Oasis! A lush and serene community that swaps screens and scrolling for real life experiences. Morning dips in the pool, afternoon adventures in the park, or anytime moments in quiet spaces as you sit and watch the world go by. 

Property Features:

- 3-elegant ensuite Bedrooms with built-in wardrobes
-  Modern fully fitted kitchen
- Maid's room with attached bathroom. 
- First-rate bathrooms and a convenient powder room
- Garden
-  Parking area

AQARY REAL ESTATE INVESTMENT AND DEVELOPMENT - L.L.C
For Contact AQARY REAL ESTATE INVESTMENT: 026151222 

AQARY Investment and Development is a premier real estate company specializing in buying, selling, leasing, and investing in luxury properties, commercial projects, and off-plan developments. We offer tailored solutions, expert market analysis, strategic marketing, and negotiations to ensure optimal results for our clients.",Hot Deal  |  Modern Layout | High End Finishes,compound Villas,Standard,2,4,"مرحبًا بك في واحتك في جزيرة ياس!
مجتمع هادئ وغنّاء يستبدل الشاشات والتصفح بتجارب واقعية نابضة بالحياة — من السباحة الصباحية في المسبح، إلى المغامرات بعد الظهر في الحديقة، أو لحظات الهدوء في أي وقت بينما تجلس لتستمتع بجمال العالم من حولك.

مميزات العقار
- مطبخ عصري مجهز بالكامل
- ثلاث غرف نوم أنيقة بحمامات داخلية وخزائن مدمجة
- غرفة خادمة مع حمام ملحق
- حمامات راقية وحمام ضيوف مريح
- حديقة
- منطقة مخصصة لمواقف السيارات


للتواصل مع عقاري إنفيستمنت آند ديفيلوبمنت: 026151222


شركة عقاري إنفيستمنت آند ديفيلوبمنت هي شركة عقارية رائدة تقدم خدمات شاملة في شراء وبيع وتأجير واستثمار العقارات. نحن ملتزمون بتقديم حلول احترافية تلبي الاحتياجات المتنوعة لعملائنا، مما يضمن تجربة سلسة ونتائج استثنائية. بفضل فريق من المحترفين ذوي الخبرة وشبكة عالمية واسعة، نتفوق في تقديم فرص استثمارية مبتكرة في العقارات السكنية الفاخرة، والمشاريع التجارية، والتطويرات غير المكتملة. نحن نقدم تحليلات سوقية دقيقة، وتسويق استراتيجي، وتفاوضات خبيرة لضمان أفضل النتائج لكل من المشترين والبائعين. بالإضافة إلى ذلك، نقدم خدمات تأجير مخصصة لمالكي العقارات والمستأجرين، مما يضمن توافق الاتفاقيات مع متطلبات العملاء المحددة.",Created,,,,,
AP80705145,,,Gardenia,مبنى ألبا | غرفتا نوم | إطلالة على القناة,"Discover refined waterfront living at Gardenia Bay – ALBA with this elegant 2-bedroom apartment overlooking the canal. Designed with bright, open-plan interiors and premium finishes, the home features a spacious living area, modern kitchen, and a private balcony framing calming water views.


FEATURES:

- Generous living and dining space
- Sleek kitchen with fitted cabinetry
- Master bedroom with en-suite bath
- Well-proportioned second bedroom
- Stylish shared bathroom
- Guest powder room
- Dedicated laundry nook
- Private balcony for outdoor relaxation


AMENITIES:
- Beach and Beach Club
- Swimming Pools
- Direct access to Gate Park
- Co-working spaces and meeting rooms
- Yoga Pods
- Cafes and Restaurants
- Shared Dining and Entertaining Spaces
- Dog Park
- Fitness Trail
- Mosque
- Private Cinema
- Facilities Management Onsite Office
- BBQ and Fire Pits
- Community Gardens
- Gym


AQARY REAL ESTATE INVESTMENT AND DEVELOPMENT - L.L.C

For Contact AQARY REAL ESTATE INVESTMENT: 026151222
 
AQARY Investment and Development is a premier real estate company specializing in buying, selling, leasing, and investing in luxury properties, commercial projects, and off-plan developments. We offer tailored solutions, expert market analysis, strategic marketing, and negotiations to ensure optimal results for our clients.",Alba Building | 2 Bedroom | Canal View,Residential Building,Standard,2,3,"اكتشفوا أجواءً راقية على الواجهة البحرية في غاردينيا باي - ألبا مع هذه الشقة الأنيقة المكونة من غرفتي نوم والمطلة على القناة. صُممت الشقة بتصميم داخلي مفتوح ومشرق وتشطيبات فاخرة، وتتميز بمساحة معيشة واسعة ومطبخ عصري وشرفة خاصة تُطل على مناظر خلابة للمياه.


يتميز المنزل بإطلالة ساحرة على القناة. المميزات:

- مساحة واسعة للمعيشة وتناول الطعام
- مطبخ أنيق بخزائن مدمجة
- غرفة نوم رئيسية بحمام داخلي
- غرفة نوم ثانية بتصميم متناسق
- حمام مشترك أنيق
- حمام ضيوف
- ركن غسيل ملابس مخصص
- شرفة خاصة للاسترخاء في الهواء الطلق

المرافق:
- شاطئ ونادي شاطئي
- مسابح
- وصول مباشر إلى حديقة البوابة
- مساحات عمل مشتركة وقاعات اجتماعات
- منصات يوغا
- مقاهي ومطاعم
- مساحات مشتركة لتناول الطعام والترفيه
- حديقة للكلاب
- مسار للياقة البدنية
- مسجد
- سينما خاصة
- مكتب إدارة المرافق في الموقع
- أماكن للشواء ومواقد نار
- حدائق عامة
- صالة ألعاب رياضية

شركة عقاري للاستثمار والتطوير العقاري - ذ.م.م

للتواصل مع شركة عقاري للاستثمار العقاري: 026151222

شركة عقاري للاستثمار والتطوير العقاري هي شركة عقارية رائدة متخصصة في شراء وبيع وتأجير و... نستثمر في العقارات الفاخرة والمشاريع التجارية ومشاريع التطوير العقاري على الخريطة. نقدم حلولاً مصممة خصيصاً، وتحليلات سوقية متخصصة، وتسويقاً استراتيجياً، ومفاوضات لضمان أفضل النتائج لعملائنا.",Created,,,,,
AP73593461,,,Gardenia,موقع مميز | معيشة مريحة | إطلالات هادئة,"Discover this stunning 1-bedroom apartment in Gardenia Bay and embrace waterfront living amidst lush natural surroundings and a welcoming community. Enjoy an exceptional lifestyle with access to top-notch amenities, including recreational facilities, gourmet dining options, and the warmth of a close-knit neighborhood.


Apartment Features:

- One spacious master bedroom
- Bright living and dining area
- Powder room and Bathroom
- Fully fitted closed kitchen with built-in cupboards
- Floor-to-ceiling windows

Amenities:

- 24/7 Security
- Swimming Pool and Gym
- Co-Working Spaces
- Concierge Services
- Meeting Rooms
- Private Cinema
- Fitness Trail
- Kids Play Area
- Yoga Pods
- Spa
- BBQ Area & Fire Pits
- Community Garden
- Mosque
- Restaurants & Cafes
- Retail
- Beach & Beach Club

AQARY REAL ESTATE INVESTMENT AND DEVELOPMENT - L.L.C

For Contact AQARY REAL ESTATE INVESTMENT: 026151222
 
AQARY Investment and Development is a premier real estate company specializing in buying, selling, leasing, and investing in luxury properties, commercial projects, and off-plan developments. We offer tailored solutions, expert market analysis, strategic marketing, and negotiations to ensure optimal results for our clients.",Prime Location | Cozy Living | Serene Views,Residential Building,Standard,1,2,"اكتشف هذه الشقة الرائعة بغرفة نوم واحدة في جاردينيا باي، واستمتع بحياة هادئة على الواجهة البحرية وسط أجواء طبيعية خلابة ومجتمع مُرحّب. استمتع بأسلوب حياة استثنائي مع إمكانية الوصول إلى مرافق فاخرة، بما في ذلك مرافق ترفيهية، وخيارات طعام فاخرة، ودفء حيّ مترابط.


مميزات الشقة:

- غرفة نوم رئيسية واسعة
- غرفة معيشة وطعام مشرقة
- حمام ضيوف وحمام
- مطبخ مغلق مجهز بالكامل بخزائن مدمجة
- نوافذ ممتدة من الأرضية إلى السقف

المرافق:

- أمن على مدار الساعة
- مسبح وصالة ألعاب رياضية
- مساحات عمل مشتركة
- خدمات الاستقبال
- غرف اجتماعات
- سينما خاصة
- مسار للياقة البدنية
- منطقة لعب للأطفال
- منصات يوغا
- منتجع صحي
- منطقة للشواء ومواقد نار
- حديقة عامة
- مسجد
- مطاعم ومقاهي
- محلات تجارية
- شاطئ ونادي شاطئي

عقاري للاستثمار والتطوير العقاري - ذ.م.م

للتواصل مع عقاري للاستثمار العقاري: 026151222

عقاري للاستثمار والتطوير هي شركة عقارية رائدة متخصصة في شراء وبيع وتأجير والاستثمار في العقارات الفاخرة والمشاريع التجارية والمشاريع قيد الإنشاء. نحن نقدم حلولاً مخصصة، وتحليلات السوق المتخصصة، والتسويق الاستراتيجي، والمفاوضات لضمان أفضل النتائج لعملائنا.",Created,,,,,
AP934969,,,Reeman living, شقة فاخرة | في الطوابق العلياء | كورنر,"Reeman Living is a new complex by one of the leading development companies in Abu Dhabi – Aldar Properties. It is the second residential project to be launched under the developer’s ‘Living’ collection. The community has a first-of-its-kind design concept, targeted towards people who desire to connect to the world, without any compromise. 

The apartment consists of:

- Bedroom
- Living/Dining area
- Kitchen
- Bathroom

Community Amenities:

• Fully Equipped Gym & Fitness Center
• Landscaped Gardens & Outdoor Seating Areas
• Indoor Kids’ Play Area & Community Room
• Retail Outlets & Convenience Stores
• 24/7 Security & CCTV Surveillance
• Covered Parking Spaces


AQARY REAL ESTATE INVESTMENT AND DEVELOPMENT - L.L.C
For Contact AQARY REAL ESTATE INVESTMENT: 026151222 

AQARY Investment and Development is a premier real estate company specializing in buying, selling, leasing, and investing in luxury properties, commercial projects, and off-plan developments. We offer tailored solutions, expert market analysis, strategic marketing, and negotiations to ensure optimal results for our clients",Luxury Unit | 1-Bedroom | High Floor | Corner,Residential Building,Luxury,1,1,"ريمان ليفينج هو مجمع سكني جديد من تطوير واحدة من أبرز شركات التطوير العقاري في أبوظبي – شركة الدار العقارية.
وهو المشروع السكني الثاني الذي يتم إطلاقه ضمن سلسلة مشاريع المطور التي تحمل اسم ""Living"".

يتميز هذا المجتمع السكني بمفهوم تصميم فريد من نوعه، يستهدف الأشخاص الذين يسعون إلى التواصل مع العالم دون أي تنازلات.

تتكون الشقة من:

- غرفة نوم
- منطقة معيشة / طعام
- مطبخ
- حمام

مرافق المجتمع:

• مركز لياقة بدنية مجهز بالكامل
• حدائق منسّقة ومناطق جلوس خارجية
• منطقة ألعاب داخلية للأطفال وغرفة مجتمعية
• متاجر تجزئة ومحلات لوازم يومية
• أمن على مدار الساعة ومراقبة بكاميرات CCTV
• مواقف سيارات مغطاة

شركة عقاري للاستثمار والتطوير العقاري ذ.م.م
للتواصل مع عقاري للاستثمار العقاري: 026151222

شركة عقاري للاستثمار والتطوير هي شركة رائدة في مجال العقارات، متخصصة في شراء وبيع وتأجير والاستثمار في العقارات الفاخرة والمشاريع التجارية والمشاريع قيد الإنشاء.
نُقدّم حلولاً مخصصة، وتحليلات سوقية دقيقة، وتسويقًا استراتيجيًا، بالإضافة إلى خدمات التفاوض لضمان أفضل النتائج لعملائنا.",Created,,,,,
AP538333,,,Reeman living,امتلك الان شقة فاخر | كورنر | تشطيب عصري,"Reeman Living is a new complex by one of the leading development companies in Abu Dhabi – Aldar Properties. It is the second residential project to be launched under the developer’s ‘Living’ collection. The community has a first-of-its-kind design concept, targeted towards people who desire to connect to the world, without any compromise. 

The apartment consists of:

- Bedroom
- Living/Dining area
- Kitchen
- Bathroom

Community Amenities:

• Fully Equipped Gym & Fitness Center
• Landscaped Gardens & Outdoor Seating Areas
• Indoor Kids’ Play Area & Community Room
• Retail Outlets & Convenience Stores
• 24/7 Security & CCTV Surveillance
• Covered Parking Spaces


AQARY REAL ESTATE INVESTMENT AND DEVELOPMENT - L.L.C
For Contact AQARY REAL ESTATE INVESTMENT: 026151222 

AQARY Investment and Development is a premier real estate company specializing in buying, selling, leasing, and investing in luxury properties, commercial projects, and off-plan developments. We offer tailored solutions, expert market analysis, strategic marketing, and negotiations to ensure optimal results for our clients.",Own it now | Corner unit | Premium finishing,Residential Building,Luxury,1,1,"ريمان ليفينج هو مجمّع سكني جديد من تطوير واحدة من أبرز شركات التطوير العقاري في أبوظبي – شركة الدار العقارية. يُعد هذا المشروع السكني الثاني الذي يتم إطلاقه ضمن مجموعة ""Living"" التابعة للمطور. يتميز المجتمع السكني بمفهوم تصميم فريد من نوعه، يستهدف الأشخاص الذين يتطلعون إلى التواصل مع العالم دون أي تنازلات.

يتكوّن الشقّة من:

- غرفة نوم
- منطقة معيشة / طعام
- مطبخ
- حمام

مرافق المجتمع السكني:

• صالة ألعاب رياضية ومركز لياقة بدنية مجهّز بالكامل
• حدائق مُنسّقة ومناطق جلوس خارجية
• منطقة ألعاب داخلية للأطفال وغرفة مجتمعية
• محلات تجزئة ومتاجر لراحة السكان
• أمن على مدار الساعة ومراقبة بكاميرات CCTV
• مواقف سيارات مغطاة

شركة عقاري إنفيستمنت آند ديفيلوبمنت - ذ.ذ.م
للتواصل مع عقاري إنفيستمنت آند ديفيلوبمنت: 026151222

شركة عقاري إنفيستمنت آند ديفيلوبمنت هي شركة عقارية رائدة تقدم خدمات شاملة في شراء وبيع وتأجير واستثمار العقارات. نحن ملتزمون بتقديم حلول احترافية تلبي الاحتياجات المتنوعة لعملائنا، مما يضمن تجربة سلسة ونتائج استثنائية. بفضل فريق من المحترفين ذوي الخبرة وشبكة عالمية واسعة، نتفوق في تقديم فرص استثمارية مبتكرة في العقارات السكنية الفاخرة، والمشاريع التجارية، والتطويرات غير المكتملة. نحن نقدم تحليلات سوقية دقيقة، وتسويق استراتيجي، وتفاوضات خبيرة لضمان أفضل النتائج لكل من المشترين والبائعين. بالإضافة إلى ذلك، نقدم خدمات تأجير مخصصة لمالكي العقارات والمستأجرين، مما يضمن توافق الاتفاقيات مع متطلبات العملاء المحددة._(Edited)_",Created,,,,,
AP946730,,,Bloom Living,شقة غرفتين نوم ساحرة | موقع مثالي | غرناطة,"Aqary Real Estate is delighted to present this Two Bedroom + Maid apartment at Bloom Living. Situated in a peaceful community with expansive green spaces and excellent amenities, it’s the perfect choice for a comfortable and fulfilling lifestyle.

Features:
2 Bedroom
Maid room
Living / dinning 
Modern kitchen  
2 Balcony  

Amenities:
Community parks
Kids Play Area
Swimming Pools
Retail and Restaurants
International Schools
Walking and Running Track
Parking Space

For Contact AQARY REAL ESTATE INVESTMENT: 026151222

AQARY Investment and Development is a premier real estate company specializing in buying, selling, leasing, and investing in luxury properties,
commercial projects, and off-plan developments. We offer tailored solutions, expert market analysis, strategic marketing, and negotiations to ensure optimal results for our clients.",Charming 2BR | Ideal Location | Granada,Residential Building,Luxury,2,3,"تسر شركة عقاري العقارية أن تقدم هذه الشقة ذات غرفتي نوم في بلوم ليفينج. تقع في مجتمع هادئ يتميز بمساحات خضراء واسعة ومرافق ممتازة، مما يجعلها الخيار الأمثل لحياة مريحة ومليئة بالرفاهية.

المميزات:
غرفتا نوم
غرفة خادمة
حمام ضيوف
غرفة معيشة وغرفة طعام
مطبخ
شرفتان



المرافق:
حدائق مجتمعية
منطقة ألعاب للأطفال
حمامات سباحة
متاجر ومطاعم
مدارس دولية
مسارات للمشي والجري
مواقف سيارات

للتواصل مع عقاري إنفيستمنت آند ديفيلوبمنت: 026151222

شركة عقاري إنفيستمنت آند ديفيلوبمنت هي شركة عقارية رائدة تقدم خدمات شاملة في شراء وبيع وتأجير واستثمار العقارات. نحن ملتزمون بتقديم حلول احترافية تلبي الاحتياجات المتنوعة لعملائنا، مما يضمن تجربة سلسة
ونتائج استثنائية. بفضل فريق من المحترفين ذوي الخبرة وشبكة عالمية واسعة، نتفوق في تقديم فرص استثمارية مبتكرة في العقارات السكنية الفاخرة،
والمشاريع التجارية، والتطويرات غير المكتملة. نحن نقدم تحليلات سوقية دقيقة، وتسويق استراتيجي، وتفاوضات خبيرة لضمان أفضل النتائج لكل من المشترين والبائعين. بالإضافة إلى ذلك، نقدم خدمات تأجير مخصصة لمالكي العقارات والمستأجرين، مما يضمن توافق الاتفاقيات مع متطلبات العملاء المحددة.",Created,,,,,
AP05046871,,,Reeman living,استثمر الان | شقة فاخرة | مساحة واسعة ,"Aqary Investment and Development presents a high-floor unit in a prime location with scenic Street  views — a perfect blend of comfort and convenience

Property Features:

- Bedroom
- Living room 
- Open Kitchen
- Bathroom

Facilities & Amenities:

•	Bike Lanes
•	Community Center
•	Indoor Playground
•	Mosques
•	Multipurpose Room
•	Outdoor Terrace
•	Retails & F&B Hubs
•	Running Track
•	School

For Contact AQARY REAL ESTATE INVESTMENT: 026151222 

AQARY Investment and Development is a premier real estate company specializing in buying, selling, leasing, and investing in luxury properties, commercial projects, and off-plan developments. We offer tailored solutions, expert market analysis, strategic marketing, and negotiations to ensure optimal results for our clients.",Invest now | Luxury apartment | Modern lifestyle,Residential Building,,1,1,"شركة عقاري للاستثمار والتطوير تقدم وحدة في طابق مرتفع بموقع مميز مع إطلالات على الشارع — مزيج مثالي من الراحة والملاءمة

العقار يتكون من :-

- غرفة نوم
- غرفة معيشة
- مطبخ مفتوح
- حمام

الخدمات والمرافق

- مسارات للدراجات
- مركز مجتمعي
- ملعب داخلي
- مساجد
- غرفة متعددة الاستخدامات
- تراس خارجي
- محلات تجارية ومناطق طعام ومشروبات
- مضمار للجري
- مدرسة

عقاري للاستثمار والتطوير العقاري - ذ.م.م
للتواصل مع شركة عقاري للاستثمار العقاري: 026151222

تُعد شركة عقاري للاستثمار والتطوير من الشركات الرائدة في مجال العقارات، والمتخصصة في شراء وبيع وتأجير العقارات الفاخرة والمشاريع التجارية والتطويرات العقارية قيد الإنشاء.
نقدّم حلولًا مخصصة، وتحليلات دقيقة للسوق، واستراتيجيات تسويق فعّالة، ومهارات تفاوض احترافية لضمان تحقيق أفضل النتائج لعملائنا.",Created,,,,,
AP683224,,,Reeman living,فرصة ذهبية لامتلاك شقة أحلامك بموقع مميز,"Experience modern elegance at Reeman Living  – A stylish 1-bedroom apartment by Aldar in vibrant Al Shamkha, where sleek design meets comfort in a thriving community.

Property Details:

The apartment consists of:

- Bedroom
- Living/Dining Area 
- Kitchen
- Bathroom

Facilities & Amenities

•	Bike Lanes
•	Community Center
•	Fitness Facilities
•	Indoor Playground
•	Mosques
•	Multipurpose Room
•	Outdoor Terrace
•	Retails & F&B Hubs
•	Running Track
•	School
•	BBQ Areas
•	Jogging Trails
•	Parking Facility
•	Yoga & Meditation
•	Cycling Trails
•	Kids Play Area
•	Shopping Mall
•	Gardens and Parks
•	Outdoor Dining Area
•	Sports Court


For more information feel free to contact us at

AQARY REAL ESTATE INVESTMENT AND DEVELOPMENT - L.L.C
For Contact AQARY REAL ESTATE INVESTMENT: 026151222 

AQARY Investment and Development is a premier real estate company specializing in buying, selling, leasing, and investing in luxury properties, commercial projects, and off-plan developments. We offer tailored solutions, expert market analysis, strategic marketing, and negotiations to ensure optimal results for our clients.",Chic 1-Bedroom | Sought-After Location |High ROI,Residential Building,Luxury,1,1,"اكتشف أناقة العصر الحديث في ريمان ليفينج – شقة أنيقة بغرفة نوم واحدة من شركة الدار في منطقة الشامخة النابضة بالحياة، حيث يلتقي التصميم العصري بالراحة في مجتمع مزدهر.

تتكون الشقة من:

- غرفة نوم
- معيشة / طعام
- مطبخ
- حمام

المرافق والخدمات:

• مسارات للدراجات
• مركز مجتمعي
• مرافق لياقة بدنية
• ملعب داخلي للأطفال
• مساجد
• غرفة متعددة الأغراض
• تراس خارجي
• مراكز تجارية ومطاعم
• مضمار للجري
• مدرسة
• مناطق للشواء
• مسارات للركض
• مواقف سيارات
• جلسات يوغا وتأمل
• مسارات ركوب الدراجات
• منطقة لعب للأطفال
• مول تسوق
• حدائق ومنتزهات
• منطقة لتناول الطعام في الهواء الطلق
• ملاعب رياضية

لمزيد من المعلومات، لا تتردد في التواصل معنا عبر:

شركة عقاري للاستثمار والتطوير العقاري ذ.م.م
للاتصال بشركة عقاري للاستثمار العقاري: 026151222

شركة عقاري للاستثمار والتطوير هي شركة رائدة في مجال العقارات متخصصة في شراء وبيع وتأجير والاستثمار في العقارات الفاخرة، المشاريع التجارية، والتطويرات تحت الإنشاء. نقدم حلولاً مخصصة، تحليلات سوقية خبراء، تسويق استراتيجي، ومفاوضات لضمان تحقيق أفضل النتائج لعملائنا.",Created,,,,,
AP736214,,,Bloom Living,استثمر الان | شقة فاخرة | عائد استثماري عالي,"Bloom Living presents an array of contemporary and sophisticated residential units, meticulously designed to accommodate diverse lifestyles. This development strives to offer a comfortable and convenient living experience within a tranquil and family-friendly environment. 

The apartment consists of :-

- Master bedroom with terrace
- Living/Dining area with terrace
- Kitchen
- Laundry area
- Bathroom
- Powder room

FACILITIES & AMENITIES :-

- Cycling Tracks
- Schools
- Pet Friendly
- Yoga Park
- Children’s Play Areas
- Pools
- Shaded Pathways


AQARY REAL ESTATE INVESTMENT AND DEVELOPMENT - L.L.C
For Contact AQARY REAL ESTATE INVESTMENT: 026151222 

AQARY Investment and Development is a premier real estate company specializing in buying, selling, leasing, and investing in luxury properties, commercial projects, and off-plan developments. We offer tailored solutions, expert market analysis, strategic marketing, and negotiations to ensure optimal results for our clients.",Spacious Layout | Big terrace | High ROI,Residential Building,,2,3,"بلووم ليفينج تقدم مجموعة من الوحدات السكنية المعاصرة والأنيقة، مصممة بعناية لتلبي أنماط حياة مختلفة. يسعى هذا المشروع لتقديم تجربة سكنية مريحة وميسرة داخل بيئة هادئة وصديقة للعائلة.

تتكون الشقة من:

-غرفة نوم ماستر مع تيراس
- منطقة معيشة / طعام مع تيراس
- مطبخ
- منطقة غسيل
- حمام
- باودر روم

المرافق والخدمات:

- مسارات ركوب الدراجات
- مدارس
- صديق للحيوانات الأليفة
- حديقة يوجا
- مناطق لعب للأطفال
- مسابح
- ممرات مظللة

شركة عقاري إنفيستمنت آند ديفيلوبمنت - ذ.ذ.م
للتواصل مع عقاري إنفيستمنت آند ديفيلوبمنت: 026151222

شركة عقاري إنفيستمنت آند ديفيلوبمنت هي شركة عقارية رائدة تقدم خدمات شاملة في شراء وبيع وتأجير واستثمار العقارات. نحن ملتزمون بتقديم حلول احترافية تلبي الاحتياجات المتنوعة لعملائنا، مما يضمن تجربة سلسة ونتائج استثنائية. بفضل فريق من المحترفين ذوي الخبرة وشبكة عالمية واسعة، نتفوق في تقديم فرص استثمارية مبتكرة في العقارات السكنية الفاخرة، والمشاريع التجارية، والتطويرات غير المكتملة. نحن نقدم تحليلات سوقية دقيقة، وتسويق استراتيجي، وتفاوضات خبيرة لضمان أفضل النتائج لكل من المشترين والبائعين. بالإضافة إلى ذلك، نقدم خدمات تأجير مخصصة لمالكي العقارات والمستأجرين، مما يضمن توافق الاتفاقيات مع متطلبات العملاء المحددة",Created,,,,,
AP773853,,,Reeman living,امتلك الان | استوديو فاخر | سعر ممتاز ,"Reeman Living is a complex by Aldar Properties with a total of 1,050 residential units. The development will be the second project in the Living Collection, which are presented by comfortable urban real estate with thoughtful designs in the elite areas of the UAE capital. According to the developer's plans, the handover of Reeman Living is expected in Q1 2026.

The studio consists of:

- Bedroom / living and dining area
- kitchen
- Bathroom.


 Facilities & Amenities

- Bike Lanes
- Community Center
- Fitness Facilities
- Indoor Playground
- Mosques
- Multipurpose Room


AQARY REAL ESTATE INVESTMENT AND DEVELOPMENT - L.L.C
For Contact AQARY REAL ESTATE INVESTMENT: 026151222 

AQARY Investment and Development is a premier real estate company specializing in buying, selling, leasing, and investing in luxury properties, commercial projects, and off-plan developments. We offer tailored solutions, expert market analysis, strategic marketing, and negotiations to ensure optimal results for our clients.",Elegant Unit | Nice view | Luxury Living,Residential Building,Luxury,Studio,1,"ريمان ليفينغ (Reeman Living) هو مجمع سكني تابع لشركة الدار العقارية، يضم ما مجموعه 1,050 وحدة سكنية.
يُعد هذا التطوير المشروع الثاني ضمن مجموعة “Living Collection”، والتي تقدم عقارات حضرية مريحة بتصاميم مدروسة في المناطق الراقية من عاصمة دولة الإمارات.
ووفقًا لخطط المطوّر، من المتوقع تسليم مشروع ريمان ليفينغ في الربع الأول من عام 2026.

يتكوّن الاستوديو من:

- غرفة نوم / منطقة معيشة وطعام
- مطبخ
- حمّام

المرافق والخدمات:

- مسارات للدراجات
- مركز مجتمعي
- مرافق لياقة بدنية
- منطقة لعب داخلية للأطفال
- مساجد
- قاعة متعددة الاستخدامات

شركة عقاري إنفيستمنت آند ديفيلوبمنت - ذ.ذ.م
للتواصل مع عقاري إنفيستمنت آند ديفيلوبمنت: 026151222

شركة عقاري إنفيستمنت آند ديفيلوبمنت هي شركة عقارية رائدة تقدم خدمات شاملة في شراء وبيع وتأجير واستثمار العقارات. نحن ملتزمون بتقديم حلول احترافية تلبي الاحتياجات المتنوعة لعملائنا، مما يضمن تجربة سلسة ونتائج استثنائية. بفضل فريق من المحترفين ذوي الخبرة وشبكة عالمية واسعة، نتفوق في تقديم فرص استثمارية مبتكرة في العقارات السكنية الفاخرة، والمشاريع التجارية، والتطويرات غير المكتملة. نحن نقدم تحليلات سوقية دقيقة، وتسويق استراتيجي، وتفاوضات خبيرة لضمان أفضل النتائج لكل من المشترين والبائعين. بالإضافة إلى ذلك، نقدم خدمات تأجير مخصصة لمالكي العقارات والمستأجرين، مما يضمن توافق الاتفاقيات مع متطلبات العملاء المحددة",Created,,,,,
AP19721509,,,Reeman living,استديو عصري | استثمار ممتاز | تملك الان,"Reeman Living is the second release in the 'Living' collection by Aldar Properties, which offers design-led urban living across upscale areas of the capital.


The studio consists of:

- Bedroom / Living / Dining Area
- Kitchen
- Bathroom

AMENITIES AND FACILITES:-

- 24/7 Security
- Cycling Tracks
- Jogging Tracks
-  Fitness Centre
-  Gymnasium
- Swimming Pool
- Landscaped Gardens
- Barbeque Area
- Kids Play Ground

AQARY REAL ESTATE INVESTMENT AND DEVELOPMENT - L.L.C
For Contact AQARY REAL ESTATE INVESTMENT: 026151222 

AQARY Investment and Development is a premier real estate company specializing in buying, selling, leasing, and investing in luxury properties, commercial projects, and off-plan developments. We offer tailored solutions, expert market analysis, strategic marketing, and negotiations to ensure optimal results for our clients.",Modern Studio | Great Investment Own it Now,Residential Building,,Studio,1,"ريمــان ليفينغ هو الإصدار الثاني ضمن مجموعة ""ليفينغ"" من تطوير الدار العقارية، والتي تقدم أسلوب معيشة حضريًا يعتمد على التصميم العصري في أكثر مناطق العاصمة رقياً.

يتكون الاستوديو من:
غرفة نوم / المعيشة / الطعام
مطبخ
حمّام

المرافق والخدمات:
أمن وحراسة على مدار 24/7
مسارات للدراجات
مسارات للجري
مركز لياقة بدنية
صالة رياضية
مسبح
حدائق مُنسّقة
منطقة للشواء
ملعب للأطفال

عقاري للاستثمار والتطوير العقاري ذ.م.م
للتواصل مع عقاري للاستثمار العقاري: ‎026151222

تعد عقاري للاستثمار والتطوير شركة رائدة في مجال العقارات، متخصصة في البيع والشراء والتأجير والاستثمار في العقارات الفاخرة والمشاريع التجارية والتطويرات قيد الإنشاء. نقدم حلولاً مصممة خصيصًا، وتحليلات سوقية دقيقة، واستراتيجيات تسويق وتفاوض احترافية لضمان أفضل النتائج لعملائنا.",Created,,,,,
AP45092993,,,Gardenia,مرافق فاخرة | إطلاق جديد | منظر الشارع,"Discover Gardenia Bay – Ivy, a serene waterfront haven designed for modern, nature-inspired living on Yas Island. Ivy blends contemporary architecture with lush green landscapes, creating a calming retreat where residents can unwind, reconnect, and enjoy a refined lifestyle.


Apartment Details:

- Generous living and dining area
- Stylish kitchen with built-in cabinets
- One well-appointed bedroom
- Contemporary bathroom
- Separate powder room
- Dedicated laundry space
- Private balcony
- Scenic canal views


Facilities & Amenities:

- Exclusive beach access with beach club
- Multiple swimming pools
- Direct connectivity to Gate Park
- Co-working lounges and meeting rooms
- Peaceful yoga pods
- On-site cafés and restaurants
- Communal dining and entertainment areas
- Dedicated dog park
- Fitness trail for walking and jogging
- Community mosque
- Private cinema room
- Onsite facilities management office
- Outdoor BBQ areas and fire pits
- Beautiful community gardens
- Fully equipped gymnasium

 
AQARY REAL ESTATE INVESTMENT AND DEVELOPMENT - L.L.C

For Contact AQARY REAL ESTATE INVESTMENT: 026151222
 
AQARY Investment and Development is a premier real estate company specializing in buying, selling, leasing, and investing in luxury properties, commercial projects, and off-plan developments. We offer tailored solutions, expert market analysis, strategic marketing, and negotiations to ensure optimal results for our clients.",Premium Amenities | New Launch | Street View,Residential Building,Standard,1,2,"اكتشف ""غاردينيا باي – آيفي""، ملاذ هادئ على الواجهة البحرية مصمم للحياة العصرية المستوحاة من الطبيعة في جزيرة ياس. يمزج ""آيفي"" بين الهندسة المعمارية المعاصرة والمناظر الطبيعية الخضراء الوارفة، مما يخلق ملاذاً باعثاً على الهدوء حيث يمكن للمقيمين الاسترخاء وإعادة التواصل والاستمتاع بأسلوب حياة راقٍ.
تفاصيل الشقة:
منطقة معيشة وطعام واسعة
مطبخ أنيق بخزائن مدمجة
غرفة نوم واحدة مجهزة جيداً
حمام عصري
غرفة مسحوق (بودرة) منفصلة
مساحة مخصصة للغسيل
شرفة خاصة
إطلالات خلابة على القناة
المرافق ووسائل الراحة:
وصول حصري إلى الشاطئ مع نادٍ شاطئي
مسابح متعددة
اتصال مباشر بـ ""غيت بارك""
صالات عمل مشتركة وغرف اجتماعات
أكشاك يوغا هادئة
مقاهي ومطاعم في الموقع
مناطق طعام وترفيه مجتمعية
حديقة مخصصة للكلاب
مسار للياقة البدنية للمشي والركض
مسجد مجتمعي
غرفة سينما خاصة
مكتب إدارة مرافق في الموقع
مناطق شواء خارجية ومواقد نار
حدائق مجتمعية جميلة
صالة ألعاب رياضية مجهزة بالكامل
عقاري للاستثمار والتطوير العقاري – ذ.م.م
للتواصل مع عقاري للاستثمار العقاري: 026151222
""عقاري للاستثمار والتطوير"" هي شركة عقارية رائدة متخصصة في شراء وبيع وتأجير والاستثمار في العقارات الفاخرة والمشاريع التجارية والمشاريع التي لا تزال قيد الإنشاء (على الخارطة). نقدم حلولاً مخصصة، وتحليلاً خبيراً للسوق، وتسويقاً استراتيجياً، ومفاوضات لضمان أفضل النتائج لعملائنا.


",Created,,,,,
AP615147,,,The Wave,شقة واسعة من 3 غرف نوم | برج ذا ويف | جزيرة الريم,"Experience comfortable waterfront living in this well-designed 3-bedroom apartment located in The Wave Tower, one of Al Reem Island’s most established residential towers.

Unit Features:

3 spacious bedrooms with built-in wardrobes
Bright living and dining area
Master bedroom with en-suite bathroom
Modern kitchen with quality fittings
Well-appointed bathrooms
Practical layout suitable for family living


Building Amenities & Facilities:

Residents of The Wave Tower enjoy a range of lifestyle amenities, including:

Swimming pool
Fully equipped gymnasium
24/7 security and CCTV monitoring
Concierge and reception services
Children’s play area
Covered parking
High-speed elevators
Well-maintained common areas


Prime Location:

Located in Al Reem Island, The Wave Tower offers easy access to main roads, shopping malls, schools, medical facilities, and Abu Dhabi city center, making it an ideal choice for both residents and investors.

AQARY REAL ESTATE INVESTMENT AND DEVELOPMENT - L.L.C Contact AQARY REAL ESTATE INVESTMENT: 026151222 AQARY 

Investment and Development is a premier real estate company specializing in buying, selling, leasing, and investing in luxury properties, commercial projects, and off-plan developments. We offer tailored solutions, expert market analysis, strategic marketing, and negotiations to ensure optimal results for our clients. 

",Spacious 3-Bedroom Apartment | The Wave Tower | Al Reem Island,Mixed Used Building,Luxury,3,4,"اختبر أسلوب حياة مريح على الواجهة البحرية في هذه الشقة المصممة بعناية والمكوّنة من 3 غرف نوم، والواقعة في برج ذا ويف، أحد أبرز الأبراج السكنية المعروفة في جزيرة الريم.


مميزات الوحدة:

3 غرف نوم واسعة مع خزائن ملابس مدمجة
مساحة معيشة وطعام مشرقة
غرفة نوم رئيسية مع حمّام داخلي
مطبخ حديث بتجهيزات عالية لجودة
حمّامات بتشطيبات جيدة
تصميم عملي ومناسب للحياة العائلية


مرافق وخدمات المبنى:

يستمتع سكان برج ذا ويف بمجموعة من المرافق المميزة، تشمل:

مسبح
صالة رياضية مجهزة بالكامل
أمن على مدار الساعة مع كاميرات مراقبة
خدمات الاستقبال والكونسيرج
منطقة ألعاب للأطفال
مواقف سيارات مغطاة
مصاعد عالية السرعة
مرافق مشتركة تتم صيانتها بشكل منتظم


الموقع المميز:

يقع برج ذا ويف في جزيرة الريم، ويوفر سهولة الوصول إلى الطرق الرئيسية، ومراكز التسوق، والمدارس، والمرافق الطبية، بالإضافة إلى قربه من مركز مدينة أبوظبي، مما يجعله خيارًا مثاليًا للسكن أو الاستثمار.


شركة عقاري للاستثمار والتطوير العقاري – ذ.م.م
للتواصل مع عقاري للاستثمار: 026151222

عقاري للاستثمار والتطوير هي شركة رائدة في مجال شراء وبيع وتأجير والاستثمار في العقارات الفاخرة، والمشاريع التجارية، ومشاريع البيع على الخارطة. نقدم حلولًا مخصصة، وتحليلًا احترافيًا للسوق، وتسويقًا استراتيجيًا، وإدارة مفاوضات تضمن أفضل النتائج لعملائنا.",,,,,,
TH766779,,,Reportage Village,تاونهاوس مميز | صف واحد | قريب من الحديقة,"An excellent opportunity to own a well-designed townhouse located in a fully integrated community.
The unit is single row, offering enhanced privacy, and is conveniently located close to the park—ideal for families.

* Property Details:
3 Spacious Master Bedrooms
a spacious family living area
maid’s room with a private bathroom
balcony and a terrace
7 Bathrooms
private garden
private swimming pool
Dedicated parking spaces


* Community Amenities:
Swimming pool
Mosque
Children’s play areas
Nursery
Fully equipped gym
BBQ areas
Jogging track
Shaded seating areas
Safe and family-friendly environment

A prime location that combines comfort, convenience, and a modern lifestyle.

AQARY REAL ESTATE INVESTMENT AND DEVELOPMENT - L.L.C Contact AQARY REAL ESTATE INVESTMENT: 026151222 AQARY
 
Investment and Development is a premier real estate company specializing in buying, selling, leasing, and investing in luxury properties, commercial projects, and off-plan developments. We offer tailored solutions, expert market analysis, strategic marketing, and negotiations to ensure optimal results for our clients.
",Single Row Townhouse | Near the Park | Family Community,compound Villas,Standard,3,7,"فرصة مميزة لامتلاك تاونهاوس بتصميم رائع يقع ضمن مجتمع متكامل الخدمات.
الوحدة صف واحد  مما يوفر مستوى عالٍ من الخصوصية، كما تتميز بموقع قريب من الحديقة، لتكون خيارًا مثاليًا للعائلات.

*تفاصيل العقار:

- 3 غرف نوم ماستر واسعة
- غرفة معيشة عائلية واسعة
- غرفة خادمة مع حمام خاص
- بلكونة وتيراس
- 7 حمامات
-حديقة خاصة
- حمام سباحة خاص
- مواقف سيارات مخصصة

**مرافق المجتمع:
-حمام سباحة
- مسجد
- مناطق ألعاب للأطفال
- حضانة أطفال
- نادي رياضي مجهز بالكامل
- مناطق شواء
- مضمار للجري
- مناطق جلوس مظللة
- بيئة آمنة ومناسبة للعائلات


موقع استراتيجي قريب من الحدائق والخدمات، ويوفر أسلوب حياة مريح ومتكامل.
العقاري للاستثمار والتطوير - ذ.م.للتواصل مع العقاري للاستثمار: 026151222
 
العقاري للاستثمار والتطوير هي شركة عقارية رائدة متخصصة في شراء وبيع وتأجير والاستثمار في العقارات الفاخرة، المشاريع التجارية، والمشاريع قيد الإنشاء. نحن نقدم حلولاً مخصصة، تحليلات سوقية دقيقة، تسويقًا استراتيجيًا، ومهارات تفاوض لضمان تحقيق أفضل النتائج لعملائنا",,,,,,
AP9647645,,,Water's Edge,فسيحة | غرفة نوم واحدة عصرية | طابق مرتفع | إطلالة على سي وورلد,"Waters Edge is a modern residential tower on Yas Island, Abu Dhabi, offering stylish design, waterfront views, and a comfortable lifestyle with premium amenities.


The apartment consists of:

- One bedroom
- Living / dining area
- Kitchen
- Balcony
- Laundry room
- Bathroom

FACILITIES AND AMENITIES:

- Swimming Pool
- Fully Equipped Gymnasium
- Jogging and Cycling Track
- Multi-Purpose Courts
- Retail Shops
- Waterfront Promenade



AQARY REAL ESTATE INVESTMENT AND DEVELOPMENT - L.L.C
For Contact AQARY REAL ESTATE INVESTMENT: 026151222 

AQARY Investment and Development is a premier real estate company specializing in buying, selling, leasing, and investing in luxury properties, commercial projects, and off-plan developments. We offer tailored solutions, expert market analysis, strategic marketing, and negotiations to ensure optimal results for our clients.",Spacious | Modern1 BR | High Floor | Sea World View,Residential Building,,1,1,"مشروع ووترز إيدج هو برج سكني مميز في جزيرة ياس بأبوظبي، يتمتع بتصميم عصري وإطلالات جميلة على الواجهة المائية، ويوفر مرافق متكاملة ونمط حياة فاخر ومريح.

تتكون الشقة من :-

- غرفة نوم
- منطقة / معيشة طعام 
- مطبخ 
- بلكونة 
- غرفة غسيل 
- حمام 

المرافق والخدمات:-

- مسبح
- صالة رياضية مجهزة بالكامل
- مسار للجري وركوب الدراجات
- ملاعب متعددة الأغراض
- محلات تجارية
- ممشى على الواجهة المائية

شركة عقاري إنفيستمنت آند ديفيلوبمنت - ذ.ذ.م
للتواصل مع عقاري إنفيستمنت آند ديفيلوبمنت: 026151222

شركة عقاري إنفيستمنت آند ديفيلوبمنت هي شركة عقارية رائدة تقدم خدمات شاملة في شراء وبيع وتأجير واستثمار العقارات. نحن ملتزمون بتقديم حلول احترافية تلبي الاحتياجات المتنوعة لعملائنا، مما يضمن تجربة سلسة ونتائج استثنائية. بفضل فريق من المحترفين ذوي الخبرة وشبكة عالمية واسعة، نتفوق في تقديم فرص استثمارية مبتكرة في العقارات السكنية الفاخرة، والمشاريع التجارية، والتطويرات غير المكتملة. نحن نقدم تحليلات سوقية دقيقة، وتسويق استراتيجي، وتفاوضات خبيرة لضمان أفضل النتائج لكل من المشترين والبائعين. بالإضافة إلى ذلك، نقدم خدمات تأجير مخصصة لمالكي العقارات والمستأجرين، مما يضمن توافق الاتفاقيات مع متطلبات العملاء المحددة",,,,,,
AP354251,,,Al Maryah Vista,ثلاثة غرف دوبليكس | مساحات واسعة | طابق عالي,"AQARY Investment Group is proud to present this exceptional loft-style residence. Experience elevated living in this stunning three-bedroom apartment at Al Maryah Vista 2, a prestigious high-rise development by Reportage Properties. Ideally located on the renowned Al Maryah Island, the residence offers a distinctive “shades of blue” lifestyle—seamlessly blending the vibrancy of Abu Dhabi’s financial hub with the tranquility of refined waterfront living.

The apartment consists of:

Ground Floor 

- Living / Dining Area
- Bedroom 
- Kitchen 
- Bathroom 
- Spacious Balcony 

First Floor 

- Master Bedroom with Balcony 
- Bedroom 
- Bathroom 

Facilities & Amenities 

- Temperature-controlled swimming pool & kids’ pool
- Fully equipped gymnasium
- Landscaped gardens & outdoor leisure areas
- Retail outlets
- Children’s play area & BBQ area
- 24/7 security & concierge services
- High-speed lifts
- On-site maintenance
- Mosque


AQARY Real Estate Investment and Development – L.L.C
Contact: 026151222


AQARY Real Estate Investment and Development is a premier real estate firm specializing in the acquisition, sale, leasing, and investment of luxury residential, commercial, and off-plan properties. We provide customized solutions, backed by expert market analysis, strategic marketing, and skilled negotiations to deliver optimal results for our clients and investors.",3 Bedrooms Duplex | Full canal View | Elegant Living,Residential Building,Luxury,3,3,"تفخر مجموعة عقاري للاستثمار بتقديم هذا المسكن الاستثنائي بنمط اللوفت. ارتقِ بأسلوب حياتك مع هذه الشقة الفاخرة المكونة من ثلاث غرف نوم في المرية فيستا 2، أحد أرقى الأبراج السكنية من تطوير Reportage Properties. تقع الشقة في موقع مميز على جزيرة المارية المرموقة، لتمنحك أسلوب حياة فريد بعنوان «درجات الأزرق»، يجمع بين حيوية المركز المالي في أبوظبي وهدوء العيش الراقي على الواجهة المائية.

تتكون الشقة من:


الطابق الأرضي


- منطقة معيشة وطعام
- غرفة نوم
- مطبخ
- حمام
- شرفة واسعة


الطابق الأول


- غرفة نوم رئيسية مع شرفة
- غرفة نوم
- حمام


المرافق والخدمات


- مسبح مُتحكَّم بدرجة الحرارة ومسبح للأطفال
- صالة رياضية مجهزة بالكامل
- حدائق منسقة ومناطق ترفيه خارجية
- محال تجارية
- منطقة ألعاب للأطفال ومنطقة شواء
- أمن وخدمات كونسيرج على مدار الساعة
- مصاعد عالية السرعة
- خدمات صيانة داخلية
- مسجد



عقاري للاستثمار والتطوير العقاري ذ.م.م
التواصل: 026151222

تُعد شركة عقاري للاستثمار والتطوير العقاري من الشركات الرائدة في مجال العقارات، حيث تختص بشراء وبيع وتأجير والاستثمار في العقارات السكنية والتجارية الفاخرة، بالإضافة إلى المشاريع على الخارطة. نقدّم حلولاً عقارية مخصصة، مدعومة بتحليل سوقي دقيق، وتسويق استراتيجي، ومهارات تفاوض عالية لضمان تحقيق أفضل النتائج لعملائنا ",,,,,,
AP5289496,,,Radiant Square,انقل الان لشقة بالطوابق العليا وبأطلالة علي القناة,"Step into a refined urban retreat where contemporary design blends seamlessly with vibrant city living. This thoughtfully designed Three-bedroom + Maid apartment at Radiant Views One offers an ideal mix of style, comfort, and practicality—perfect for modern homeowners or investors seeking strong rental potential. Featuring elegant interiors, intelligent layouts, and access to premium amenities, this residence delivers elevated everyday living within a dynamic, well-connected community. 


* The apartment consists of:
-  Master bedroom
- 2 Bedroom 
- Living / Dining Area 
- Kitchen area
- Bathroom 
- Laundry Room 
- Powder Room  
- Maid Room + Bath


* Amenities & Facilities
- 24/7 security and surveillance
- Swimming pool
- Fully equipped gymnasium
- Landscaped outdoor areas
- Seamlessly connected lobbies
- Reception and welcome area
- On-site retail outlets
- Dedicated parking facilities


AQARY Real Estate Investment and Development – L.L.C
Contact: 026151222

AQARY Real Estate Investment and Development is a premier real estate firm specializing in the acquisition, sale, leasing, and investment of luxury residential, commercial, and off-plan properties. We provide customized solutions, backed by expert market analysis, strategic marketing, and skilled negotiations to deliver optimal results for our clients and investors.",Elegant Living | Spacious Apartment | Canal View,,,3,0,"كتشف مستوىً راقيًا من المعيشة الحضرية حيث يلتقي الإبداع المعماري مع أسلوب حياة عصري متكامل. في ريدينت فيوز، تجسّد هذه الشقة الفاخرة المكوّنة من ثلاث غرف نوم مع غرفة خادمة مفهوم السكن الراقي من خلال تصميم أنيق، ومساحات مدروسة بعناية، وتشطيبات تعكس أعلى معايير الجودة. صُمّمت الشقة لتوفر توازنًا مثاليًا بين الخصوصية والرحابة، مع إمكانية الاستمتاع بمرافق وخدمات متميزة تعزز جودة الحياة اليومية. إنها فرصة استثنائية لأصحاب المنازل الباحثين عن عنوان مرموق، وللمستثمرين الطامحين إلى عوائد مستقرة وقيمة طويلة الأمد، ضمن مجتمع حيوي متكامل ومتصل بأهم وجهات المدينة


* تتكون الشقة من:
- غرفة نوم رئيسية
- غرفتا نوم
- منطقة معيشة / طعام
- مطبخ
- حمّام
- غرفة غسيل
- باودر روم
- غرفة خادمة مع حمّام



* المرافق والخدمات:
- أمن ومراقبة على مدار الساعة
- مسبح
- صالة رياضية مجهزة بالكامل
- مساحات خارجية ومناظر طبيعية مصممة بعناية
- ردهات متصلة بانسيابية
- منطقة استقبال وترحيب
- متاجر تجزئة داخل المشروع
- مواقف سيارات مخصصة


عقاري للاستثمار والتطوير العقاري ذ.م.م
التواصل: 026151222

تُعد شركة عقاري للاستثمار والتطوير العقاري من الشركات الرائدة في مجال العقارات، حيث تختص بشراء وبيع وتأجير والاستثمار في العقارات السكنية والتجارية الفاخرة، بالإضافة إلى المشاريع على الخارطة. نقدّم حلولاً عقارية مخصصة، مدعومة بتحليل سوقي دقيق، وتسويق استراتيجي، ومهارات تفاوض عالية لضمان تحقيق أفضل النتائج لعملائنا ومستثمرينا.",,,,,,
TH3449498,,,AlMuneera Island,فيلا فاخرة مكونة من 4 غرف نوم في المنيرة,"Discover the true essence of refined coastal living with this exceptional 4-bedroom villa located in the prestigious Al Muneera community at Al Raha Beach, Abu Dhabi.  a perfect balance of space, elegance, and tranquility—ideal for families seeking an exclusive beachfront lifestyle. The villa features bright, sun-filled interiors, spacious bedrooms, and open-plan living and dining areas thoughtfully designed for comfort and relaxation. Expansive windows frame stunning canal and beach views, creating a calm and sophisticated living environment throughout the home. 

Property Highlights: 
• 4 Spacious Bedrooms
• Direct Beach Access 
• Canal & Waterfront Views 
• Contemporary Architecture with High-Quality Finishes 
• Private Parking
 • Close to retail, dining, and leisure destinations 

Amenities: 
• Private Beach Access 
• Swimming Pool • Gym
 • Children's Play Area 
• Retail & Dining Outlets 

Nearby Places: 
• Al Raha Mall 
• Al Bandar Marina 
• Yas Mall 
• Raha International School 
• Abu Dhabi International Airport 

Al Muneera is a premium waterfront residential community within Al Raha Beach, offering serene beachfront living, lush surroundings, and direct access to leisure, retail, and dining facilities. Its strategic location along the coast provides an elegant lifestyle with excellent connectivity to Abu Dhabi’s major landmarks.


AQARY REAL ESTATE INVESTMENT AND DEVELOPMENT - L.L.C
For Contact AQARY REAL ESTATE INVESTMENT: 026151222
 
AQARY Investment and Development is a premier real estate company specializing in buying, selling, leasing, and investing in luxury properties, commercial projects, and off-plan developments. We offer tailored solutions, expert market analysis, strategic marketing, and negotiations to ensure optimal results for our clients.",Canal View Vacant  Townhouse Mainland,compound Villas,,4,6,"فيلا فاخرة مكونة من 4 غرف نوم في المنيرة، شاطئ  الراحة، أبوظبي

اكتشف جوهر الحياة الساحلية الراقية مع هذه الفيلا الاستثنائية المكونة من 4 غرف نوم في مجتمع المنيرة الراقي في شاطئ الراحة، أبوظبي. وتقدم مزيجًا مثاليًا من المساحة والأناقة والهدوء—مثالية للعائلات الباحثة عن أسلوب حياة حصري على شاطئ البحر.

تتميز الفيلا الداخلية بالإضاءة الطبيعية الواسعة، وغرف نوم فسيحة، ومساحات معيشة وتناول طعام مفتوحة مصممة بعناية للراحة والاسترخاء. النوافذ الكبيرة توفر إطلالات خلابة على القناة والشاطئ، مما يخلق بيئة هادئة وراقية داخل المنزل.

أهم ميزات العقار:
4 غرف نوم فسيحة
وصول مباشر إلى الشاطئ
إطلالات على القناة والمياه
تصميم معماري معاصر وتشطيبات عالية الجودة
موقف سيارات خاص
قريب من المتاجر والمطاعم وأماكن الترفيه


المرافق:
وصول خاص إلى الشاطئ
مسبح
صالة رياضية
منطقة لعب للأطفال
متاجر ومطاعم

الأماكن القريبة:
مول الراحة
مرسى الميناء
ياس مول
مدرسة الراحة الدولية
مطار أبوظبي الدولي

يعد مجتمع المنيرة السكني الفاخر على الواجهة البحرية مكانًا هادئًا للحياة على الشاطئ، مع محيط أخضر ومناظر خلابة، ويوفر وصولاً مباشرًا إلى مرافق الترفيه والتسوق وتناول الطعام، مع موقع استراتيجي على الساحل يضمن نمط حياة أنيق وربطًا ممتازًا بأهم معالم أبوظبي.


شركة عقاري إنفيستمنت آند ديفيلوبمنت - ذ.ذ.م
للتواصل مع عقاري إنفيستمنت آند ديفيلوبمنت: 026151222
 
شركة عقاري إنفيستمنت آند ديفيلوبمنت هي شركة عقارية رائدة تقدم خدمات شاملة في شراء وبيع وتأجير واستثمار العقارات. نحن ملتزمون بتقديم حلول احترافية تلبي الاحتياجات المتنوعة لعملائنا، مما يضمن تجربة سلسة ونتائج استثنائية. بفضل فريق من المحترفين ذوي الخبرة وشبكة عالمية واسعة، نتفوق في تقديم فرص استثمارية مبتكرة في العقارات السكنية الفاخرة، والمشاريع التجارية، والتطويرات غير المكتملة. نحن نقدم تحليلات سوقية دقيقة، وتسويق استراتيجي، وتفاوضات خبيرة لضمان أفضل النتائج لكل من المشترين والبائعين. بالإضافة إلى ذلك، نقدم خدمات تأجير مخصصة لمالكي العقارات والمستأجرين، مما يضمن توافق الاتفاقيات مع متطلبات العملاء المحددة",,,,,,
AP637206,,,Marina Square,شقة عصرية غرفتين مع مرافق مميزة وإطلالة جزئيه على القناة,"Bright and airy living and dining area with large windows

2 spacious bedrooms with built-in wardrobes
Modern fully fitted kitchen
Well-appointed bathrooms
Stunning views of the community or waterfront 
High-quality finishes and fixtures throughout
Open layout ideal for comfortable everyday living


Building & Community Amenities:

Residents at RAK Tower enjoy a premium lifestyle with a wide range of world-class facilities, including:
Swimming pool – perfect for relaxation and leisure
Fully equipped gym – walk-in fitness center with modern equipment
Communal garden & outdoor spaces – ideal for strolls or family time
Children’s play area – a safe and fun environment for kids
24/7 security & concierge service – round-the-clock support and peace of mind
Dedicated covered parking
Grand lobby & visitor waiting area


Prime Location:
Located in Al Reem Island, a prestigious waterfront community in Abu Dhabi known for its vibrant lifestyle, scenic views, and convenient access to the city’s key destinations.


AQARY REAL ESTATE INVESTMENT AND DEVELOPMENT - L.L.C Contact AQARY REAL ESTATE INVESTMENT: 026151222 AQARY 

Investment and Development is a premier real estate company specializing in buying, selling, leasing, and investing in luxury properties, commercial projects, and off-plan developments. We offer tailored solutions, expert market analysis, strategic marketing, and negotiations to ensure optimal results for our clients. 


PLEASE NOTE: The photos shown are for illustrative purposes only and may not represent the actual unit.
",Modern 2BR Apartment with Premium Facilities and a Partial Canal,Residential Building,Luxury,2,3,"تفاصيل الشقة:

غرفة معيشة وطعام مشرقة وواسعة مع نوافذ كبيرة
غرفتا نوم واسعتان مع خزائن مدمجة
مطبخ حديث مجهز بالكامل
حمّامات بتشطيبات جيدة
إطلالة جميلة على المجمع أو الواجهة البحرية  
تشطيبات ومواد عالية الجودة في جميع أنحاء الشقة
تصميم مفتوح يوفر راحة مثالية للمعيشة اليومية


مرافق المبنى والمجتمع:
يوفر برج RAK أسلوب حياة راقٍ مع مجموعة متكاملة من المرافق، تشمل:

مسبح
صالة رياضية مجهزة بالكامل
حدائق ومساحات خارجية مشتركة
منطقة ألعاب آمنة للأطفال
أمن وخدمات كونسيرج على مدار الساعة
مواقف سيارات مغطاة ومخصصة
ردهة فخمة ومنطقة استقبال للزوار


الموقع:
يقع برج RAK في جزيرة الريم، إحدى أرقى المناطق السكنية المطلة على الواجهة البحرية في أبوظبي، والمعروفة بأسلوب الحياة الحيوي، الإطلالات الخلابة، وسهولة الوصول إلى أهم وجهات المدينة.


شركة عقاري للاستثمار والتطوير العقاري – ذ.م.م
للتواصل مع شركة عقاري للاستثمار والتطوير العقاري: 026151222

شركة عقاري للاستثمار والتطوير العقاري هي شركة رائدة متخصصة في بيع وشراء وتأجير والاستثمار في العقارات السكنية الفاخرة، المشاريع التجارية، والمشاريع على الخارطة. نقدم حلولًا مخصصة، تحليلات سوق دقيقة، تسويقًا استراتيجيًا، وخدمات تفاوض احترافية لضمان أفضل النتائج لعملائنا. 

ملاحظة: الصور المعروضة لأغراض تسويقية فقط وقد لا تمثل الوحدة الفعلية.",,,,,,
VH517912,,,Bloom Living,امتلك الان فيلا فاخرة | تسليم قريبا | حياة فاخرة,"Bloom Living offers a range of modern and stylish residential units designed to cater to different lifestyles. Generally aims to provide a comfortable and convenient living experiences for its serene and family friendly environment. 
The villa consists of:

* Ground Floor :-
- Living / Dining Area
- Kitchen
- Guest Bedroom with Bathroom
- Maid’s Room with Bathroom
- Laundry Room
- Guest Toilet

* First Floor :-
- Master Bedroom with Walk-in Closet
- 2 Master Bedrooms with Balcony
- Family Living Area
- Outdoor Area:
- Driver’s Room with Bathroom
- Garden
- Car Parking Area

* FACILITIES & AMENITIES:
- Cycling Tracks
- Schools
- Pet Friendly
- Yoga Park
- Children’s Play Areas
- Pools
- Shaded Pathways



AQARY REAL ESTATE INVESTMENT AND DEVELOPMENT - L.L.C
For Contact AQARY REAL ESTATE INVESTMENT: 026151222 

AQARY Investment and Development is a premier real estate company specializing in buying, selling, leasing, and investing in luxury properties, commercial projects, and off-plan developments. We offer tailored solutions, expert market analysis, strategic marketing, and negotiations to ensure optimal results for our clients.
",Hand Over Soon |  Ideal Community | 4BR Villa,compound Villas,Standard,4,7,"تقدم بلوم ليفينج مجموعة من الوحدات السكنية العصرية والأنيقة المصممة لتناسب أنماط الحياة المختلفة. وتهدف بشكل عام إلى توفير تجربة معيشية مريحة ومناسبة في بيئة هادئة ومثالية للعائلات.


الفيلا تتكون من:-

* الطابق الارضي 
- منطقة معيشة / طعام 
- مطبخ  
- غرفة ضيوف مع حمام 
- غرفة خادمة مع حمام 
- غرفة غسيل 
- تواليت 


* الطابق الاول 
- غرفة نوم ماستر \ منطقة تبديل الملابس 
- غرفتين نوم ماستر مع بلكونة 
- منطقة معيشة 

* منطقه خارجية :- 
- عرفة سائق مع حمام 
- حديقة 
- منطقة توقف السيارات 



* المرافق والخدمات:
- مسارات للدراجات الهوائية
- مدارس
- مسموح باصطحاب الحيوانات الأليفة
- حديقة يوغا
- مناطق لعب للأطفال
- مسابح
- ممرات مظللة


شركة عقاري إنفيستمنت آند ديفيلوبمنت - ذ.ذ.م
للتواصل مع عقاري إنفيستمنت آند ديفيلوبمنت: 026151222

شركة عقاري إنفيستمنت آند ديفيلوبمنت هي شركة عقارية رائدة تقدم خدمات شاملة في شراء وبيع وتأجير واستثمار العقارات. نحن ملتزمون بتقديم حلول احترافية تلبي الاحتياجات المتنوعة لعملائنا، مما يضمن تجربة سلسة ونتائج استثنائية. بفضل فريق من المحترفين ذوي الخبرة وشبكة عالمية واسعة، نتفوق في تقديم فرص استثمارية مبتكرة في العقارات السكنية الفاخرة، والمشاريع التجارية، والتطويرات غير المكتملة. نحن نقدم تحليلات سوقية دقيقة، وتسويق استراتيجي، وتفاوضات خبيرة لضمان أفضل النتائج لكل من المشترين والبائعين. بالإضافة إلى ذلك، نقدم خدمات تأجير مخصصة لمالكي العقارات والمستأجرين، مما يضمن توافق الاتفاقيات مع متطلبات العملاء المحددة",,,,,,
AP46095102,,,Radiant Elite,صفقة استثمارية قوية | بريميوم منخفض,"Exclusive Junior 1BR in Radiant Elite
Presented by AQARY Real Estate Investment and Development

Unit Details:

- Type: Junior 1 Bedroom
- Size: 642 Sq.ft
- Layout: Smart and efficient layout maximizing space and comfort

- Living Area
- Bedroom Area
- Kitchen
- Bathroom
- Balcony

Investment Highlights:
✔ Original Price: AED 897,000
✔ Low premium
✔ Flexible Payment Plan: 55% / 45%
✔ Ideal for end-users & investors

📍 Location:
Radiant Elite – a premium development offering modern living, excellent connectivity, and strong investment potential.

AQARY REAL ESTATE INVESTMENT AND DEVELOPMENT - L.L.C
For Contact AQARY REAL ESTATE INVESTMENT: 026151222
AQARY Investment and Development is a premier real estate company specializing in buying, selling, leasing, and investing in luxury properties, commercial projects, and off-plan developments. We offer tailored solutions, expert market analysis, strategic marketing, and negotiations to ensure optimal results for our clients.",Investor Deal | Low Premium | Radiant Elite,Residential Building,Luxury,1,1,"شقة جونيور غرفة وصالة حصرية في راديانت إيليت
مقدمة من شركة عقاري للاستثمار والتطوير العقاري

تفاصيل الوحدة:

النوع: جونيور غرفة نوم واحدة
المساحة: 642 قدم مربع
التصميم: مخطط ذكي وعملي يحقق أفضل استغلال للمساحة والراحة

مكونات الشقة:

مساحة معيشة
غرفة نوم
مطبخ
حمام
بلكونة

مميزات استثمارية:
✔ السعر الأصلي: 897,000 درهم
✔ بريميوم منخفض
✔ خطة سداد مرنة: 55% / 45%
✔ خيار مثالي للسكن أو الاستثمار

📍 الموقع:
راديانت إيليت – مشروع مميز يوفر أسلوب حياة عصري، سهولة في التنقل، وقيمة استثمارية عالية.

AQARY REAL ESTATE INVESTMENT AND DEVELOPMENT - L.L.C
للتواصل مع شركة عقاري للاستثمار العقاري: 026151222
عقاري للاستثمار والتطوير العقاري شركة رائدة متخصصة في شراء وبيع وتأجير واستثمار العقارات السكنية الفاخرة، المشاريع التجارية، والمشاريع على الخارطة، مع تقديم حلول مخصصة، تحليل سوق احترافي، وتسويق استراتيجي وتفاوض يضمن أفضل النتائج لعملائنا.",,,,,,
AP15716855,,,Marina Square,شقة واسعه من غرفتين | اطلالة على المسبح والبحر,"Apartment for Rent in Tala Tower, Marina Square, Al Reem Island, Abu Dhabi.
Located in a well-established community, this 2-bedroom apartment comes with 3 bathrooms.


* Unit Features:
- 2 Master Bedrooms
- Living and Dining Area
- Kitchen
- Powder Room

* Amenities:
- Swimming Pool
- Gymnasium
- 24/7 Security
-Covered Parking
- Kids Play Area

* Nearby Places:
- Galleria Mall
- Abu Dhabi Mall
- Cleveland Clinic
- Corniche Beach
- Reem Central Park


AQARY REAL ESTATE INVESTMENT AND DEVELOPMENT - L.L.C
For Contact AQARY REAL ESTATE INVESTMENT: 026151222

 
AQARY Investment and Development is a premier real estate company specializing in buying, selling, leasing, and investing in luxury properties, commercial projects, and off-plan developments. We offer tailored solutions, expert market analysis, strategic marketing, and negotiations to ensure optimal results for our clients.",Spacious 2BR | Vacant | Sea and Pool View,Residential Building,,2,3,"تقع هذه الشقة في مجمع سكني راقي، بغرفتين نوم وثلاثة حمامات

* مميزات الوحدة:
- غرفتا نوم ماستر
- غرفة معيشة وطعام
- مطبخ
- تواليت

* المرافق:
- مسبح
- صالة رياضية
- أمن على مدار الساعة
- موقف سيارات مغطى
- منطقة لعب للأطفال

* الأماكن القريبة:
- غاليريا مول
- أبوظبي مول
- عيادة كليفلاند
- شاطئ الكورنيش
- حديقة الريم المركزية

شركة عقاري للاستثمار والتطوير العقاري - ذ.م.م
للتواصل مع شركة عقاري للاستثمار العقاري: 026151222

شركة عقاري للاستثمار والتطوير العقاري هي شركة عقارية رائدة متخصصة في شراء وبيع وتأجير والاستثمار في العقارات الفاخرة والمشاريع التجارية ومشاريع التطوير تحت الانشاء. نقدم حلولاً مصممة خصيصاً، وتحليلات سوقية متخصصة، وتسويقاً استراتيجياً، ومفاوضات لضمان أفضل النتائج لعملائنا.",,,,,,
VH515799,,,Al Reeman 2,صف واحد | فيلا زاوية | موقع مميز للغاية,"Fay Alreeman  provides 5-bedroom homes with Mediterranean designs and spacious layouts, for sale by Aqary Real Estate Investment and Development.

Property Features:

- 5 Bedrooms, each with a private bathroom
- Living Room
- Modern Kitchen with extra pantry space
- Maid , Study and Driver Room 
- Majlis
- Dining Area
- 2 Bathrooms
- Terrace 

Additional Features:
- Family-friendly, sustainable design
- Premium finishes with customization options

Community Amenities:
- Mosque
- Kids' Play Areas
- Sports Courts
- Green Spaces
- School
- Retail options

For Contact AQARY REAL ESTATE INVESTMENT: 026151222

AQARY Investment and Development is a premier real estate company specializing in buying, selling, leasing, and investing in luxury properties,
commercial projects, and off-plan developments. We offer tailored solutions, expert market analysis, strategic marketing, and negotiations to ensure optimal results for our clients.",Single Row | Corner villa |prime location,compound Villas,,5,9,"فاي الريمان تقدم منازل بـ 5 غرف نوم بتصاميم متوسطية وتصميمات فسيحة، للبيع من خلال شركة عقاري للاستثمار والتطوير العقاري.

مميزات العقار:

- 5 غرف نوم، كل غرفة مع حمام خاص
- غرفة معيشة
- مطبخ حديث مع مساحة إضافية للمخزن
- غرفة خادمة، غرفة دراسة، وغرفة سائق
- مجلس
- منطقة طعام
- حمامين عائلي
- تيراس

مميزات إضافية:
تصميم صديق للعائلة ومستدام
تشطيبات فاخرة مع خيارات تخصيص

مرافق المجتمع:
مسجد
مناطق لعب للأطفال
ملاعب رياضية
مساحات خضراء
مدارس
خيارات تسوق

للتواصل مع عقاري إنفيستمنت آند ديفيلوبمنت: 026151222

شركة عقاري إنفيستمنت آند ديفيلوبمنت هي شركة عقارية رائدة تقدم خدمات شاملة في شراء وبيع وتأجير واستثمار العقارات. نحن ملتزمون بتقديم حلول احترافية تلبي الاحتياجات المتنوعة لعملائنا، مما يضمن تجربة سلسة
ونتائج استثنائية. بفضل فريق من المحترفين ذوي الخبرة وشبكة عالمية واسعة، نتفوق في تقديم فرص استثمارية مبتكرة في العقارات السكنية الفاخرة،
والمشاريع التجارية، والتطويرات غير المكتملة. نحن نقدم تحليلات سوقية دقيقة، وتسويق استراتيجي، وتفاوضات خبيرة لضمان أفضل النتائج لكل من المشترين والبائعين. بالإضافة إلى ذلك، نقدم خدمات تأجير مخصصة لمالكي العقارات والمستأجرين، مما يضمن توافق الاتفاقيات مع متطلبات العملاء المحددة.",,,,,,
AP89734421,,,Amaya Towers,شقة فاخرة غرفتي نوم ماستر بإطلالة بحرية وشرفة واسعة,"Luxury 2-Master Bedroom Apartment for Rent | Amaya Towers, Al Reem Island

Experience elevated waterfront living in this elegant 2-master bedroom apartment located in Amaya Towers, one of Al Reem Island’s most prestigious residential communities., the apartment offers a well-planned layout, a dedicated parking space, and stunning sea views that bring calm and sophistication to everyday life.

* Apartment Highlights :-
Private balcony with breathtaking sea views
Spacious living and dining area, ideal for entertaining
Modern kitchen with built-in cabinets
Thoughtfully designed layout with premium finishes throughout

* Amenities :-
Swimming pool
Fully equipped gym
Sauna and steam room
Children’s play area
24/7 security and on-site maintenance
Basement parking
Retail and dining outlets within close proximity

Prime Location – Minutes From
Reem Mall
The Galleria Mall
Abu Dhabi Mall
Reem Central Park
Sorbonne University
Al Maryah Island

A perfect blend of luxury, comfort, and convenience—your ideal home awaits at Amaya Towers.


AQARY REAL ESTATE INVESTMENT AND DEVELOPMENT - L.L.C
For Contact AQARY REAL ESTATE INVESTMENT: 026151222
 
AQARY Investment and Development is a premier real estate company specializing in buying, selling, leasing, and investing in luxury properties,
commercial projects, and off-plan developments. We offer tailored solutions, expert market analysis, strategic marketing, and negotiations to ensure optimal results for our clients.",Luxury 2 Master Bedroom | Sea View | Big Balcony,Residential Building,Luxury,2,3,"شقة فاخرة للإيجار بغرفتي نوم ماستر | أبراج أمايا – جزيرة الريم

استمتع بأسلوب حياة راقٍ على الواجهة البحرية في هذه الشقة الفاخرة المكوّنة من غرفتي نوم ماستر والواقعة في أبراج أمايا، أحد أرقى المجمعات السكنية في جزيرة الريم. وتتميز بتصميم عملي، موقف سيارة مخصص، وإطلالات بحرية خلابة تضفي أجواءً من الهدوء والفخامة على حياتك اليومية.

* مميزات الشقة :-
شرفة خاصة بإطلالة بحرية رائعة
مساحة واسعة للمعيشة وتناول الطعام، مثالية للضيافة
مطبخ عصري مع خزائن مدمجة
تصميم أنيق وتشطيبات عالية الجودة

* مرافق وخدمات عالمية المستوى :-
مسبح
صالة رياضية مجهزة بالكامل
ساونا وغرفة بخار
منطقة ألعاب للأطفال
أمن وصيانة على مدار الساعة
مواقف سيارات في الطابق السفلي
محلات تجارية ومطاعم قريبة


* موقع مميز – على بُعد دقائق من :-
ريم مول
جاليريا مول
أبوظبي مول
حديقة ريم المركزية
جامعة السوربون
جزيرة المارية


 شركة عقاري للاستثمار والتطوير العقاري ذ.م.م
للتواصل مع شركة عقاري للاستثمار العقاري:026151222

تُعد شركة عقاري للاستثمار والتطوير من الشركات الرائدة في مجال العقارات، والمتخصصة في شراء وبيع وتأجير واستثمار العقارات الفاخرة، والمشاريع التجارية، والمشاريع العقارية قيد الإنشاء.

نُقدم حلولاً مخصصة، وتحليلات دقيقة للسوق، واستراتيجيات تسويقية مدروسة، إلى جانب خبرة في التفاوض لضمان تحقيق أفضل النتائج لعملائنا",,,,,,
AP8179940,,,Pixel,إطلالة رائعة | تيراس كبير| اطلالة بحرية,"Apartment Features:

-Two Master Bedrooms with Access to Terrace
-Additional Spacious Bedroom
-Maid’s Room with Private Bathroom
-Bright Living & Dining Area with Terrace
-Fully Equipped Modern Kitchen
-Dedicated Laundry Room
-Stylish Common Bathroom
-Elegant Powder Room

AQARY Real Estate Investment and Development LLC

For contact AQARY Real Estate Investment at 026151222

Imkan Pixel located in the heart of Al Reem Island Makers District offers a unique living experience with contemporary designs and breathtaking sea views Developed by Imkan this premium mixed use complex features well designed studios and apartments ranging from one to four bedrooms catering to a modern and dynamic lifestyle

AQARY Real Estate Investment and Development is a premier real estate firm specializing in the acquisition, sale, leasing, and investment of luxury residential, commercial, and off-plan properties. We provide customized solutions, backed by expert market analysis, strategic marketing, and skilled negotiations to deliver optimal results for our clients and investors.",Stunning View | Huge Terrace | See view| Own Now,Mixed Used Building,Luxury,3,5,"مواصفات الشقة:

-غرفتا نوم ماستر مع إمكانية الوصول إلى التراس
-غرفة نوم إضافية واسعة
-غرفة خادمة مع حمام خاص
-غرفة معيشة وطعام مشرقة مع تراس
-مطبخ عصري مجهز بالكامل
-غرفة غسيل مخصصة
-حمام مشترك أنيق
-دورة مياه للضيوف بتصميم راق

شركة عقاري إنفيستمنت آند ديفيلوبمنت - ذ.ذ.م

للتواصل مع عقاري إنفيستمنت آند ديفيلوبمنت: 026151222
 
إمكان بيكسل، الواقع في قلب منطقة ميكرز ديستركت بجزيرة الريم، يقدم تجربة سكنية فريدة تجمع بين التصميمات العصرية والإطلالات البحرية الخلابة.
تم تطوير هذا المشروع المميز من قبل شركة إمكان، وهو مجمع متعدد الاستخدامات يضم استوديوهات وشققًا فاخرة تتراوح من غرفة نوم واحدة إلى أربع غرف نوم، مصممة لتناسب أسلوب الحياة العصري والحيوي.


تُعد شركة عقاري للاستثمار والتطوير العقاري من الشركات الرائدة في مجال العقارات، حيث تختص بشراء وبيع وتأجير والاستثمار في العقارات السكنية والتجارية الفاخرة، بالإضافة إلى المشاريع على الخارطة. نقدّم حلولاً عقارية مخصصة، مدعومة بتحليل سوقي دقيق، وتسويق استراتيجي، ومهارات تفاوض عالية لضمان تحقيق أفضل النتائج لعملائنا ومستثمرينا.",,,,,,
AP95854524,,,Gardenia,امتلك الان | شقة فاخرة | اطلالة كاملة علي القناة,"Gardenia Bay is a tranquil waterfront community on Yas Island, thoughtfully designed to blend natural surroundings with contemporary living. Residents enjoy lush green landscapes, walkable paths, and quick access to vibrant lifestyle destinations — offering a balanced and refreshing living experience. 

The apartment consists of

- Master bedroom
- Living/dining area
- Kitchen
- Balcony
- Laundry area
- Toilet

Amenities and Facilities:

• Mosque
• Swimming pools
• Meeting rooms
• Yoga pods
• Cafes and restaurants
• Shared dining spaces
• Fitness trail
• Private cinema
• BBQ & fire pits
• Community gardens
• Gym
• Nature Play
• Concierge services
• Retail



AQARY REAL ESTATE INVESTMENT AND DEVELOPMENT - L.L.C
For Contact AQARY REAL ESTATE INVESTMENT: 026151222 

AQARY Investment and Development is a premier real estate company specializing in buying, selling, leasing, and investing in luxury properties, commercial projects, and off-plan developments. We offer tailored solutions, expert market analysis, strategic marketing, and negotiations to ensure optimal results for our clients.
",Own Now | Luxury Apartment | Full Canal View,Residential Building,,1,2,"جاردينيا باي هي مجتمع هادئ على الواجهة البحرية في جزيرة ياس، مصمم بعناية لدمج البيئة الطبيعية مع أسلوب الحياة العصري. يتمتع السكان بالمساحات الخضراء الوفيرة، والمسارات الصالحة للمشي، والوصول السريع إلى وجهات الحياة النابضة بالحيوية — مما يوفر تجربة معيشية متوازنة ومنعشة.

تتكون الشقة من:

- غرفة نوم ماستر
- منطقة معيشة/طعام
- مطبخ
- بلكونة
- منطقة غسيل
- حمام

المرافق والخدمات:

- مسجد
- مسابح
- غرف اجتماعات
-كبسولات يوغا
- مقاهي ومطاعم
- مساحات طعام مشتركة
- مسار للياقة البدنية
- سينما خاصة
-مناطق للشواء ومدافئ
- حدائق مجتمعية
- صالة رياضية
- منطقة ألعاب طبيعية
- خدمات الكونسييرج
- متاجر تجزئة

شركة عقاري إنفيستمنت آند ديفيلوبمنت - ذ.ذ.م
للتواصل مع عقاري إنفيستمنت آند ديفيلوبمنت: 026151222

شركة عقاري إنفيستمنت آند ديفيلوبمنت هي شركة عقارية رائدة تقدم خدمات شاملة في شراء وبيع وتأجير واستثمار العقارات. نحن ملتزمون بتقديم حلول احترافية تلبي الاحتياجات المتنوعة لعملائنا، مما يضمن تجربة سلسة ونتائج استثنائية. بفضل فريق من المحترفين ذوي الخبرة وشبكة عالمية واسعة، نتفوق في تقديم فرص استثمارية مبتكرة في العقارات السكنية الفاخرة، والمشاريع التجارية، والتطويرات غير المكتملة. نحن نقدم تحليلات سوقية دقيقة، وتسويق استراتيجي، وتفاوضات خبيرة لضمان أفضل النتائج لكل من المشترين والبائعين. بالإضافة إلى ذلك، نقدم خدمات تأجير مخصصة لمالكي العقارات والمستأجرين، مما يضمن توافق الاتفاقيات مع متطلبات العملاء المحددة",,,,,,
AP2028538,,,Bab Al Qasr Residence,شقة غرفة نوم واحدة | مفروشة بالكامل | شرفة بإطلالة جميلة,"Discover an exceptional living experience in this elegantly appointed 1‑bedroom fully furnished apartment at Bab Al Qasr Residence 31, one of the most sought‑after addresses on Yas Island. 

Unit Features: 

• Spacious and bright 1‑bedroom + 2 Bathrooms 
• Generously sized living and dining area 
• Modern, fully equipped kitchen with contemporary appliances 
• Elegant furnishings throughout 
• Stylish bedroom with built‑in wardrobe 
• Full bathroom with premium fittings 
• Balcony with pleasant views 
• High‑quality finishes and tasteful interior design 
• Maid-room 


Community Amenities & Facilities: 

• Large swimming pools for adults and children 
• Fully equipped gym and fitness center 
• Landscaped gardens and outdoor seating areas 
• Children’s play area 
• 24/7 security and concierge services 
• Covered parking 
• Multipurpose sports courts 
• Walking and jogging paths 


Nearby retail and dining options Prime Location Benefits: 

• Close proximity to Yas Mall, Yas Marina, and Yas Beach 
• Easy access to entertainment destinations including Ferrari World, Warner Bros. World & Yas Waterworld 
• Short drive to major highways and Abu Dhabi city center 


Contact AQARY REAL ESTATE INVESTMENT: 026151222 

AQARY Investment and Development is a premier real estate company specializing in buying, selling, leasing, and investing in luxury properties, commercial projects, and off-plan developments. We offer tailored solutions, expert market analysis, strategic marketing, and negotiations to ensure optimal results for our clients.",Fully Furnished Apartment | Balcony with Pleasant View,Residential Building,Luxury,1,2,"
اكتشف تجربة سكن استثنائية في هذه الشقة الأنيقة المفروشة بالكامل بغرفة نوم واحدة في باب القصر ريزيدنس 31، واحدة من أكثر العناوين طلبًا على جزيرة ياس.

مميزات الوحدة:

• غرفة نوم واحدة واسعة ومضيئة + حمامان
• مساحة معيشة وطعام واسعة
• مطبخ عصري مجهز بالكامل بأحدث الأجهزة
• أثاث أنيق في جميع أنحاء الشقة
• غرفة نوم أنيقة مع خزانة مدمجة
• حمام كامل بتجهيزات فاخرة
• شرفة بإطلالة لطيفة
• تشطيبات عالية الجودة وتصميم داخلي راقٍ
• غرفة خادمة


مرافق وخدمات المجتمع:

• مسابح كبيرة للكبار والأطفال
• صالة رياضية مجهزة بالكامل
• حدائق منسقة ومناطق جلوس خارجية
• منطقة لعب للأطفال
• خدمات أمن واستقبال على مدار الساعة
• مواقف سيارات مغطاة
• ملاعب رياضية متعددة الاستخدامات
• مسارات للمشي والجري
• خيارات تسوق وتناول طعام قريبة


مزايا الموقع المتميز:

• قرب من ياس مول، ياس مارينا، وشاطئ ياس
• وصول سهل إلى الوجهات الترفيهية مثل عالم فيراري، عالم وارنر براذرز وعالم ياس المائي
• مسافة قصيرة بالسيارة إلى الطرق السريعة الرئيسية ووسط مدينة أبوظبي


للتواصل مع شركة عقاري للاستثمار: 026151222

شركة عقاري للاستثمار والتطوير هي شركة عقارية رائدة متخصصة في شراء، بيع، تأجير، واستثمار العقارات الفاخرة، والمشاريع التجارية، والمطورّات قيد الإنشاء. نقدم حلولًا مخصصة، وتحليلات سوقية دقيقة، واستراتيجيات تسويقية، ومهارات تفاوض لضمان تحقيق أفضل النتائج لعملائنا.",,,,,,
TH7491265,,,AlMuneera Island,فيلا فاخرة مكونة من 4 غرف نوم مع مسبح خاص وبأطلالة علي القناه,"Discover the true essence of refined coastal living with this exceptional 4-bedroom villa located in the prestigious Al Muneera community at Al Raha Beach, Abu Dhabi. this unfurnished residence presents a perfect balance of space, elegance, and tranquility—ideal for families seeking an exclusive beachfront lifestyle.
The villa features bright, sun-filled interiors, spacious bedrooms, and open-plan living and dining areas thoughtfully designed for comfort and relaxation. Expansive windows frame stunning canal and beach views, creating a calm and sophisticated living environment throughout the home.

Property Highlights:

• 4 Spacious Bedrooms
• Direct Beach Access
• Canal & Waterfront Views
• Contemporary Architecture with High-Quality Finishes
• Private Parking
• Close to retail, dining, and leisure destinations

Amenities:

• Private Beach Access
• Swimming Pool
• Gym
• Children's Play Area
• Retail & Dining Outlets

Nearby Places:

• Al Raha Mall
• Al Bandar Marina
• Yas Mall
• Raha International School
• Abu Dhabi International Airport

Al Muneera is a premium waterfront residential community within Al Raha Beach, offering serene beachfront living, lush surroundings, and direct access to leisure, retail, and dining facilities. Its strategic location along the coast provides an elegant lifestyle with excellent connectivity to Abu Dhabi’s major landmarks.


AQARY REAL ESTATE INVESTMENT AND DEVELOPMENT - L.L.C
For Contact AQARY REAL ESTATE INVESTMENT: 026151222
 
AQARY Investment and Development is a premier real estate company specializing in buying, selling, leasing, and investing in luxury properties, commercial projects, and off-plan developments. We offer tailored solutions, expert market analysis, strategic marketing, and negotiations to ensure optimal results for our clients.",Canal View Vacant Townhouse Mainland Private Pool,compound Villas,Standard,4,6,"فيلا فاخرة مكونة من 4 غرف نوم في المنيرة، جزيرة الراحة، أبوظبي

اكتشف جوهر الحياة الساحلية الراقية مع هذه الفيلا الاستثنائية المكونة من 4 غرف نوم في مجتمع المونيرة الراقي في جزيرة الراحة، أبوظبي. وتقدم مزيجًا مثاليًا من المساحة والأناقة والهدوء—مثالية للعائلات الباحثة عن أسلوب حياة حصري على شاطئ البحر.

تتميز الفيلا الداخلية بالإضاءة الطبيعية الواسعة، وغرف نوم فسيحة، ومساحات معيشة وتناول طعام مفتوحة مصممة بعناية للراحة والاسترخاء. النوافذ الكبيرة توفر إطلالات خلابة على القناة والشاطئ، مما يخلق بيئة هادئة وراقية داخل المنزل.

أهم ميزات العقار:
4 غرف نوم فسيحة
وصول مباشر إلى الشاطئ
إطلالات على القناة والمياه
تصميم معماري معاصر وتشطيبات عالية الجودة
موقف سيارات خاص
قريب من المتاجر والمطاعم وأماكن الترفيه


المرافق:
وصول خاص إلى الشاطئ
مسبح
صالة رياضية
منطقة لعب للأطفال
متاجر ومطاعم

الأماكن القريبة:
مول الراحة
مرسى الميناء
ياس مول
مدرسة الراحة الدولية
مطار أبوظبي الدولي


شركة عقاري إنفيستمنت آند ديفيلوبمنت - ذ.ذ.م
للتواصل مع عقاري إنفيستمنت آند ديفيلوبمنت: 026151222
 
شركة عقاري إنفيستمنت آند ديفيلوبمنت هي شركة عقارية رائدة تقدم خدمات شاملة في شراء وبيع وتأجير واستثمار العقارات. نحن ملتزمون بتقديم حلول احترافية تلبي الاحتياجات المتنوعة لعملائنا، مما يضمن تجربة سلسة ونتائج استثنائية. بفضل فريق من المحترفين ذوي الخبرة وشبكة عالمية واسعة، نتفوق في تقديم فرص استثمارية مبتكرة في العقارات السكنية الفاخرة، والمشاريع التجارية، والتطويرات غير المكتملة. نحن نقدم تحليلات سوقية دقيقة، وتسويق استراتيجي، وتفاوضات خبيرة لضمان أفضل النتائج لكل من المشترين والبائعين. بالإضافة إلى ذلك، نقدم خدمات تأجير مخصصة لمالكي العقارات والمستأجرين، مما يضمن توافق الاتفاقيات مع متطلبات العملاء المحددة",,,,,,
AP10417561,,,DIVA,شقة أنيقة بغرفتي نوم | إطلالة على المسبح | معيشة راقية في خليج ياس,"Experience elegant waterfront living in this beautifully designed 2-bedroom apartment in Diva at Yas Bay, one of Abu Dhabi’s most vibrant and sought-after communities. Offering the perfect balance of comfort, functionality, and modern design, this home is ideal for both end-users and investors.

Property Features:

2 spacious bedrooms with built-in wardrobes
2 modern bathrooms
Bright open-plan living and dining area
Fully fitted contemporary kitchen with high-quality appliances
Private balcony with community and pool views
Dedicated covered parking space
High-end finishing throughout


Amenities & Facilities:

Swimming pools for adults and children
Fully equipped gymnasium
Landscaped gardens and outdoor seating areas
BBQ areas
Children’s play area
24/7 security and concierge services
Retail and dining options within the community


Location Highlights:

Prime location in Yas Bay, minutes from Yas Mall, Etihad Arena, and Yas Marina
Close to Ferrari World, Warner Bros. World, and Yas Waterworld
Easy access to Abu Dhabi International Airport and major highways


Multiple Units Available in Diva Yas Bay

We currently offer a selection of units in the same project, including:

Studios
1-bedroom apartments
2-bedroom apartments
3-bedroom apartments


Contact us to explore available layouts, prices, and the best options that suit your requirements.

AQARY Real Estate Investment & Development is a premier real estate company specializing in buying, selling, leasing, and investing in luxury residential, commercial, and off-plan properties. We provide tailored solutions, expert market insights, and strategic marketing to achieve optimal results for our clients.

Contact AQARY Real Estate On: 02 615 1222",Elegant 2-Bedroom Apartment | Pool View | Yas Bay Living,Residential Building,Luxury,2,2,"اكتشف تجربة الحياة الأنيقة على الواجهة المائية في هذا الشقة المكونة من غرفتين نوم في ديفا ياس باي، واحدة من أكثر المجتمعات حيوية وطلبًا في أبوظبي. تجمع هذه الشقة بين الراحة، الوظائف، والتصميم العصري، ما يجعلها مثالية لكل من المستخدمين النهائيين والمستثمرين.


 مميزات العقار:

غرفتا نوم واسعتي المساحة مع خزائن مدمجة
حمامان عصريان
صالة معيشة وغرفة طعام مفتوحة مشرقة
مطبخ عصري مجهز بالكامل بأجهزة عالية الجودة
شرفة خاصة مطلة على المجتمع والمسبح
موقف سيارات مغطى مخصص
تشطيبات عالية الجودة في جميع أنحاء الشقة


 المرافق والخدمات:

مسابح للكبار والأطفال
صالة ألعاب رياضية مجهزة بالكامل
حدائق ومناظر طبيعية مع مناطق جلوس خارجية
مناطق للشواء (BBQ)
منطقة لعب للأطفال
خدمات أمن واستقبال على مدار 24 ساعة
خيارات التسوق والمطاعم داخل المجتمع


 أبرز معالم الموقع:

موقع متميز في ياس باي، على بعد دقائق من ياس مول، وإيتihad أرينا، وياس مارينا
قريب من عالم فيراري، وعالم وارنر براذرز، وياس ووتر وورلد
وصول سهل إلى مطار أبوظبي الدولي والطرق الرئيسية


 وحدات متعددة متاحة في ديفا ياس باي

نقدم حاليًا مجموعة من الوحدات في نفس المشروع، بما في ذلك:

استوديوهات
شقق بغرفة نوم واحدة
شقق بغرفتين نوم
شقق بثلاث غرف نوم


 تواصل معنا لاستكشاف المخططات والأسعار وأفضل الخيارات التي تناسب احتياجاتك.

شركة عقاري للاستثمار والتطوير العقاري هي شركة رائدة متخصصة في شراء وبيع وتأجير والاستثمار في العقارات السكنية الفاخرة والتجارية والمشاريع قيد الإنشاء. نقدم حلولًا مخصصة، وتحليلات سوقية دقيقة، وتسويق استراتيجي لضمان تحقيق أفضل النتائج لعملائنا.

 للتواصل مع عقاري للاستثمار العقاري:
 02 615 1222",,,,,,
AP1898121,,,,شقة عصرية | موقع مميز | أسلوب حياة مجتمعي متكامل,"Welcome to contemporary community living in this elegant one-bedroom apartment at Reeman Living. Thoughtfully designed with an efficient layout and modern finishes, this residence combines comfort, functionality, and a laid-back lifestyle in a prime, well-connected setting.

Property Features:

-Generously sized bedroom with built-in wardrobes
-Bright and airy living and dining space
-Modern kitchen with plenty of storage
-Stylishly finished bathroom
-Private balcony overlooking the community
-High-quality finishes throughout
-Allocated parking space

Community Amenities:

-Swimming pool
-Fully equipped fitness center
-Landscaped parks and green spaces
-Children’s play areas
-On-site retail outlets and cafés
-24/7 security and surveillance

AQARY REAL ESTATE INVESTMENT AND DEVELOPMENT - L.L.C
For Contact AQARY REAL ESTATE INVESTMENT: 026151222
 
AQARY Investment and Development is a premier real estate company specializing in buying, selling, leasing, and investing in luxury properties,
commercial projects, and off-plan developments. We offer tailored solutions, expert market analysis, strategic marketing, and negotiations to ensure optimal results for our clients.
",Modern Apartment| Prime Location | Exceptional Community Living,,Luxury,1,1,"مرحبًا بكم في أسلوب الحياة العصرية داخل هذه الشقة الأنيقة المكونة من غرفة نوم واحدة فيريمان ليفينج تتميز بتصميم ذكي وتشطيبات حديثة تجمع بين الراحة والعملية وأسلوب الحياة الهادئ في موقع حيوي يسهل الوصول منه إلى مختلف الوجهات.

* مميزات الشقة:
غرفة نوم واسعة مع خزائن ملابس مدمجة
منطقة معيشة وطعام مشرقة ومريحة
مطبخ عصري مع مساحات تخزين كافية
حمام بتشطيبات أنيقة
شرفة بإطلالة على المجتمع السكني
تشطيبات عالية الجودة في جميع أنحاء الشقة
موقف سيارات مخصص

* مرافق المشروع:
مسبح
صالة رياضية مجهزة بالكامل
حدائق ومساحات خضراء منسقة
مناطق ألعاب للأطفال
محلات تجارية ومقاهي
أمن وحراسة على مدار الساعة


 شركة عقاري للاستثمار والتطوير العقاري ذ.م.م
للتواصل مع شركة عقاري للاستثمار العقاري:026151222

تُعد شركة عقاري للاستثمار والتطوير من الشركات الرائدة في مجال العقارات، والمتخصصة في شراء وبيع وتأجير واستثمار العقارات الفاخرة، والمشاريع التجارية، والمشاريع العقارية قيد الإنشاء.
نُقدم حلولاً مخصصة، وتحليلات دقيقة للسوق، واستراتيجيات تسويقية مدروسة، إلى جانب خبرة في التفاوض لضمان تحقيق أفضل النتائج لعملائنا.",,,,,,
AP8807121,,,,امتلك الأن شقة فاخرة بالطوابق العليا | اطلالة خلابة,"AQARY Investment Group is proud to present this brand-new, fully furnished two-bedroom residence in Al Maryah Vista 2. As the first residential tower on Al Maryah Island, it introduces a refined way of living inspired by the Live, Work, Play concept. Ideally set along a beautifully landscaped promenade, the development features elegant architecture, premium finishes, and captivating waterfront views—offering a truly elevated lifestyle experience.



The unit consists of


- Master Bedroom 
- Bedroom 
- Living / Dining Area
- Kitchen Area 
- Bathroom 
- Powder Room 



Facilities & Amenities


-  24-hour security with CCTV monitoring
- Welcoming lobby within the building
- Dedicated swimming pools for adults and children
- Fully equipped fitness center
- Outdoor BBQ area
- Shaded seating and relaxation spaces
- Easy access to public transportation
- Nearby cafés and restaurants
- Beautifully landscaped surroundings
- Close proximity to mosques
- Community Park within the neighborhood 



AQARY Real Estate Investment and Development – L.L.C
Contact: 026151222


AQARY Real Estate Investment and Development is a premier real estate firm specializing in the acquisition, sale, leasing, and investment of luxury residential, commercial, and off-plan properties. We provide customized solutions, backed by expert market analysis, strategic marketing, and skilled negotiations to deliver optimal results for our clients and investors.
",High Floor | Luxury Living | Canal View | Stylish 2BR ,,Luxury,2,3,"تفخر شركة عقاري  بتقديم هذه الشقة الجديدة كليًا والمفروشة بالكامل، المكونة من غرفتي نوم، في المارية فيستا 2 يتميز بموقعه المثالي على ممشى أنيق تحيط به المساحات الخضراء، مع تصميم معماري راقٍ، تشطيبات فاخرة، وإطلالات خلابة على الواجهة البحرية—ليمنحك تجربة سكنية راقية بكل المقاييس.


* تتكون الوحدة من:
- غرفة نوم رئيسية
- غرفة نوم
- منطقة معيشة / طعام
- مطبخ
- حمّامين



* المرافق والخدمات:
- أمن على مدار الساعة مع نظام مراقبة بالكاميرات
- ردهة استقبال أنيقة داخل المبنى
- مسابح مخصصة للكبار والأطفال
- مركز لياقة بدنية مجهز بالكامل
- منطقة شواء خارجية
- مناطق جلوس مظللة للاسترخاء
- سهولة الوصول إلى وسائل النقل العام
- مقاهي ومطاعم قريبة
- مساحات خضراء ومناظر طبيعية جميلة
- قرب المساجد
- حديقة مجتمعية ضمن الحي



عقاري للاستثمار والتطوير العقاري ذ.م.م
التواصل: 026151222

تُعد شركة عقاري للاستثمار والتطوير العقاري من الشركات الرائدة في مجال العقارات، حيث تختص بشراء وبيع وتأجير والاستثمار في العقارات السكنية والتجارية الفاخرة، بالإضافة إلى المشاريع على الخارطة. نقدّم حلولاً عقارية مخصصة، مدعومة بتحليل سوقي دقيق، وتسويق استراتيجي، ومهارات تفاوض عالية لضمان تحقيق أفضل النتائج لعملائنا ومستثمرينا.",,,,,,
TH9107824,,,,تملك الان تاونهاوس غرفتين نوم مع غرفة خادمة بموقع مميز,"Situated in a prime location within a master-planned community, Yas Park Gate combines natural surroundings, contemporary design, and a vibrant lifestyle. This 2-bedroom home is for sale, offering a valuable investment opportunity in a highly sought-after area among buyers and investors.

Presented by Aqary Real Estate

* Property Features:-
Spacious living and dining area
Modern kitchen with cabinets
Master bedroom with en-suite bathroom
Walk-in closet
Second comfortable bedroom
Maid’s room with attached bathroom
Powder room
Private garden
Private parking

* Amenities & Facilities:-
Kids’ play area
Swimming pool
Playground and water features
Cycling track
Indoor & outdoor gym
Event and BBQ areas
Beach access
Gardens and dog parks
Community center
Restaurants and cafés

AQARY REAL ESTATE INVESTMENT AND DEVELOPMENT - L.L.C
For Contact AQARY REAL ESTATE INVESTMENT: 026151222
 
AQARY Investment and Development is a premier real estate company specializing in buying, selling, leasing, and investing in luxury properties, commercial projects, and off-plan developments. We offer tailored solutions, expert market analysis, strategic marketing, and negotiations to ensure optimal results for our clients.",2-Bedroom + Maid Townhouse | Prime Location | Mid Unit,,,2,4,"يقع ياس بارك جيت في موقع مميز ضمن مجتمع متكامل التخطيط، حيث يجمع بين الطبيعة الخلابة والتصميم العصري وأسلوب الحياة الحيوي. هذه الفيلا المكونة من غرفتي نوم للبيع وتُعد فرصة استثمارية قوية في منطقة تحظى بإقبال كبير من المشترين والمستثمرين.

* مميزات العقار:
مساحة معيشة وطعام واسعة
مطبخ عصري مزود بخزائن
غرفة نوم رئيسية مع حمام خاص
غرفة ملابس
غرفة نوم ثانية مريحة
غرفة خادمة مع حمام ملحق
غرفة ضيوف
حديقة خاصة
مواقف لسيارتين

* المرافق والخدمات:-
منطقة ألعاب للأطفال
مسبح
ملعب ومرافق مائية
مسار للدراجات
صالة رياضية داخلية وخارجية
مناطق للفعاليات والشواء
إمكانية الوصول إلى الشاطئ
حدائق عامة وحدائق مخصصة للكلاب
مركز مجتمعي
مطاعم ومقاهي

 شركة عقاري للاستثمار والتطوير العقاري ذ.م.م
للتواصل مع شركة عقاري للاستثمار العقاري:026151222

تُعد شركة عقاري للاستثمار والتطوير من الشركات الرائدة في مجال العقارات، والمتخصصة في شراء وبيع وتأجير واستثمار العقارات الفاخرة، والمشاريع التجارية، والمشاريع العقارية قيد الإنشاء.
نُقدم حلولاً مخصصة، وتحليلات دقيقة للسوق، واستراتيجيات تسويقية مدروسة، إلى جانب خبرة في التفاوض لضمان تحقيق أفضل النتائج لعملائنا.",,,,,,
RL2800730,,,,قطعة مميزة | فرصة استثمارية ذات عائد مرتفع | أمتلك الأن,"AQARY Investment Group is proud to present to you Alreeman 1, a thriving residential destination developed by Aldar, offering premium plots in the fast-emerging Al Shamkha district of Abu Dhabi. The community is designed for modern lifestyles, providing homeowners with the flexibility to create bespoke residences within a meticulously planned, family-friendly environment.



Property Features & Amenities:

- Scenic community views
- Children’s nursery
- Dedicated children’s play areas
- Exclusive clubhouse
- Landscaped communal gardens
- Cycling and jogging tracks
- Golf club and clubhouse facilities
- On-site mosque
- Public parks and open green spaces
- Ample public parking
- Convenient access to public transportation
- Variety of restaurants and cafés
- Nearby schools
- Shopping mall and retail outlets



AQARY Real Estate Investment and Development – L.L.C
Contact: 026151222


AQARY Real Estate Investment and Development is a premier real estate firm specializing in the acquisition, sale, leasing, and investment of luxury residential, commercial, and off-plan properties. We provide customized solutions, backed by expert market analysis, strategic marketing, and skilled negotiations to deliver optimal results for our clients and investors.",Semi - Corner | High ROI | Expansive Land,,,,0,"تفخر مجموعة عقاري للاستثمار بتقديم مشروع الريمان 1، الوجهة السكنية المزدهرة التي طوّرتها شركة الدار، وتوفر قطع أراضٍ مميزة في منطقة الشامخة سريعة النمو في أبوظبي. وقد تم تصميم المجتمع ليتماشى مع أنماط الحياة العصرية، مانحًا الملاك المرونة الكاملة لبناء منازلهم الخاصة ضمن بيئة متقنة التخطيط وملائمة للعائلات.


مميزات العقار والمرافق:


- إطلالات خلابة على المجتمع
- حضانة أطفال
- مناطق لعب مخصصة للأطفال
- نادي اجتماعي حصري
- حدائق مشتركة ذات تنسيق طبيعي
- مسارات مخصصة للدراجات والمشي
- نادي جولف ومرافق النادي
- مسجد داخل المجتمع
- حدائق عامة ومساحات خضراء مفتوحة
- مواقف سيارات عامة واسعة
- سهولة الوصول إلى وسائل النقل العام
- مجموعة متنوعة من المطاعم والمقاهي
- مدارس قريبة
- مركز تسوق ومتاجر تجزئة



عقاري للاستثمار والتطوير العقاري ذ.م.م
التواصل: 026151222

تُعد شركة عقاري للاستثمار والتطوير العقاري من الشركات الرائدة في مجال العقارات، حيث تختص بشراء وبيع وتأجير والاستثمار في العقارات السكنية والتجارية الفاخرة، بالإضافة إلى المشاريع على الخارطة. نقدّم حلولاً عقارية مخصصة، مدعومة بتحليل سوقي دقيق، وتسويق استراتيجي، ومهارات تفاوض عالية لضمان تحقيق أفضل النتائج لعملائنا ومستثمرينا.",,,,,,
AP275056,,,,فرصة إستثمارية | شقة بالطوابق العليا وبأطلالة بحرية,"A premium apartment thoughtfully designed to combine comfort, functionality, and elegance — ideal for those seeking a modern lifestyle in the heart of Ocean Terrace Tower.

* The apartment includes:-
Master bedroom
Living / dining area
Kitchen
Powder Room


AQARY REAL ESTATE INVESTMENT AND DEVELOPMENT - L.L.C:
For Contact AQARY REAL ESTATE INVESTMEN: 026151222
 

Ocean Terrace Tower is a 43-storey skyscraper in Marina Square on Al Reem Island. Near the complex there is a mosque, a shopping Centre, and various cafes, restaurants, parks and supermarkets. Construction was completed in April 2012, and the developer is Mismak Properties.

AQARY Investment and Development is a leading real estate company offering comprehensive services in buying, selling, leasing, and investing in properties. We are committed to providing professional solutions that meet the diverse needs of our clients, ensuring a seamless experience and exceptional results. With a team of experienced professionals and an extensive global network, we excel in offering innovative investment opportunities in luxury residential properties, commercial projects, and off-plan developments. We provide thorough market analysis, strategic marketing, and expert negotiations to secure the best outcomes for both buyers and sellers. Additionally, we offer tailored leasing services for property owners and tenants, ensuring that agreements align with specific client requirements.",Investment Opportunity | 1BR Apartment Sea View,,Luxury,1,2,"شقة راقية مصمّمة بعناية لتجمع بين الراحة، الوظيفة، والأناقة، وهي مثالية لأولئك الذين يبحثون عن أسلوب حياة معاصر في قلب برج أوشن تيراس.

الشقة تحتوي علي: 
- غرفة نوم ماستر 
- غرفة معيشة / طعام 
- مطبخ 
- 2 حمام


عقاري للاستثمار والتطوير العقارى - ذ.م.م;
لتواصل مع عقاري للاستثمار والتطوير: 026151222

 
عقاري للاستثمار والتطوير هي شركة رائدة في مجال العقارات، تقدم خدمات متكاملة في بيع، شراء، تأجير، واستثمار العقارات. نحن نلتزم بتقديم حلول مهنية تلبي احتياجات عملائنا المتنوعة، مع التركيز على توفير تجربة سلسة ونتائج متميزة. بفضل فريق من المحترفين ذوي الخبرة وشبكة عالمية واسعة، نتميز في تقديم فرص استثمارية مبتكرة في العقارات السكنية الفاخرة، المشاريع التجارية، والعقارات تحت الانشاء. نحن نقدم تحليلاً شاملاً للسوق، استراتيجيات تسويقية مبتكرة، وخدمات تفاوضية لتحقيق أفضل العوائد للمتعاملين معنا. كما نحرص على تقديم خدمات تأجير مميزة للملاك والمستأجرين لضمان تطابق الشروط مع الاحتياجات الخاصة

برج أوشن تيراس هو ناطحة سحاب مكونة من 43 طابقًا في مارينا سكوير في جزيرة الريم. يوجد بالقرب من المجمع مسجد ومركز تسوق والعديد من المقاهي والمطاعم والحدائق ومحلات السوبر ماركت. تم الانتهاء من البناء في أبريل 2012، والمطور هو شركة مسماك العقارية.",,,,,,
AP917000,,,,انقل الان لشقة بالطوابق العليا وبأطلالة بحرية,"A premium apartment thoughtfully designed to combine comfort, functionality, and elegance — ideal for those seeking a modern lifestyle in the heart of Ocean Terrace Tower.

* The apartment includes:-
2 Master bedroom
Living / dining area
Kitchen
Maid's room + Bathroom
Powder Room


AQARY REAL ESTATE INVESTMENT AND DEVELOPMENT - L.L.C:
For Contact AQARY REAL ESTATE INVESTMEN: 026151222
 
Ocean Terrace Tower is a 43-storey skyscraper in Marina Square on Al Reem Island. Near the complex there is a mosque, a shopping Centre, and various cafes, restaurants, parks and supermarkets. Construction was completed in April 2012, and the developer is Mismak Properties.

AQARY Investment and Development is a leading real estate company offering comprehensive services in buying, selling, leasing, and investing in properties. We are committed to providing professional solutions that meet the diverse needs of our clients, ensuring a seamless experience and exceptional results. With a team of experienced professionals and an extensive global network, we excel in offering innovative investment opportunities in luxury residential properties, commercial projects, and off-plan developments. We provide thorough market analysis, strategic marketing, and expert negotiations to secure the best outcomes for both buyers and sellers. Additionally, we offer tailored leasing services for property owners and tenants, ensuring that agreements align with specific client requirements.",Move Now to High Floor Apartment with Sea View,,,2,4,"شقة راقية مصمّمة بعناية لتجمع بين الراحة، الوظيفة، والأناقة، وهي مثالية لأولئك الذين يبحثون عن أسلوب حياة معاصر في قلب برج أوشن تيراس.

الشقة تحتوي علي : 
- 2 غرف نوم ماستر 
- غرفة معيشة / طعام 
- مطبخ 
- غرفة عامله + حمام 
- حمام

عقاري للاستثمار والتطوير العقارى - ذ.م.م;
لتواصل مع عقاري للاستثمار والتطوير: 026151222

عقاري للاستثمار والتطوير هي شركة رائدة في مجال العقارات، تقدم خدمات متكاملة في بيع، شراء، تأجير، واستثمار العقارات. نحن نلتزم بتقديم حلول مهنية تلبي احتياجات عملائنا المتنوعة، مع التركيز على توفير تجربة سلسة ونتائج متميزة. بفضل فريق من المحترفين ذوي الخبرة وشبكة عالمية واسعة، نتميز في تقديم فرص استثمارية مبتكرة في العقارات السكنية الفاخرة، المشاريع التجارية، والعقارات تحت الانشاء. نحن نقدم تحليلاً شاملاً للسوق، استراتيجيات تسويقية مبتكرة، وخدمات تفاوضية لتحقيق أفضل العوائد للمتعاملين معنا. كما نحرص على تقديم خدمات تأجير مميزة للملاك والمستأجرين لضمان تطابق الشروط مع الاحتياجات الخاصة

برج أوشن تيراس هو ناطحة سحاب مكونة من 43 طابقًا في مارينا سكوير في جزيرة الريم. يوجد بالقرب من المجمع مسجد ومركز تسوق والعديد من المقاهي والمطاعم والحدائق ومحلات السوبر ماركت. تم الانتهاء من البناء في أبريل 2012، والمطور هو شركة مسماك العقارية.",,,,,,